config,tau_ms,seed,ADC,n_extra
ordered_high,0.001,1,1.264674693,2836
ordered_high,0.001,2,1.261865078,2883
ordered_high,0.001,3,1.293491223,2892
ordered_high,0.001,4,1.266801749,2912
ordered_high,0.001,5,1.243966603,2938
ordered_high,0.001,6,1.258734912,2882
ordered_high,0.001,7,1.277488169,2916
ordered_high,0.001,8,1.234522376,2880
ordered_high,0.001,9,1.23515138,2801
ordered_high,0.001,10,1.237413775,2897
ordered_high,0.001584893192,1,1.24725457,2836
ordered_high,0.001584893192,2,1.249982398,2883
ordered_high,0.001584893192,3,1.241790854,2892
ordered_high,0.001584893192,4,1.269062016,2912
ordered_high,0.001584893192,5,1.27090568,2938
ordered_high,0.001584893192,6,1.242167779,2882
ordered_high,0.001584893192,7,1.250304846,2916
ordered_high,0.001584893192,8,1.228745521,2880
ordered_high,0.001584893192,9,1.246356688,2801
ordered_high,0.001584893192,10,1.271176211,2897
ordered_high,0.002511886432,1,1.210403342,2836
ordered_high,0.002511886432,2,1.246833992,2883
ordered_high,0.002511886432,3,1.226238505,2892
ordered_high,0.002511886432,4,1.253534654,2912
ordered_high,0.002511886432,5,1.274268814,2938
ordered_high,0.002511886432,6,1.201992469,2882
ordered_high,0.002511886432,7,1.240716102,2916
ordered_high,0.002511886432,8,1.21467638,2880
ordered_high,0.002511886432,9,1.213394498,2801
ordered_high,0.002511886432,10,1.290012271,2897
ordered_high,0.003981071706,1,1.225998507,2836
ordered_high,0.003981071706,2,1.204341427,2883
ordered_high,0.003981071706,3,1.222157203,2892
ordered_high,0.003981071706,4,1.192905492,2912
ordered_high,0.003981071706,5,1.2350167,2938
ordered_high,0.003981071706,6,1.202448004,2882
ordered_high,0.003981071706,7,1.182568313,2916
ordered_high,0.003981071706,8,1.175771846,2880
ordered_high,0.003981071706,9,1.234742644,2801
ordered_high,0.003981071706,10,1.187830705,2897
ordered_high,0.006309573445,1,1.150126547,2836
ordered_high,0.006309573445,2,1.220098088,2883
ordered_high,0.006309573445,3,1.208367017,2892
ordered_high,0.006309573445,4,1.180311376,2912
ordered_high,0.006309573445,5,1.203865073,2938
ordered_high,0.006309573445,6,1.181238513,2882
ordered_high,0.006309573445,7,1.200146652,2916
ordered_high,0.006309573445,8,1.142705847,2880
ordered_high,0.006309573445,9,1.225365996,2801
ordered_high,0.006309573445,10,1.183519993,2897
ordered_high,0.01,1,1.178717925,2836
ordered_high,0.01,2,1.153315706,2883
ordered_high,0.01,3,1.164275293,2892
ordered_high,0.01,4,1.156888846,2912
ordered_high,0.01,5,1.142972845,2938
ordered_high,0.01,6,1.185165694,2882
ordered_high,0.01,7,1.153545446,2916
ordered_high,0.01,8,1.17696525,2880
ordered_high,0.01,9,1.129502422,2801
ordered_high,0.01,10,1.153820606,2897
ordered_high,0.01584893192,1,1.079835264,2836
ordered_high,0.01584893192,2,1.14422867,2883
ordered_high,0.01584893192,3,1.074823533,2892
ordered_high,0.01584893192,4,1.098829786,2912
ordered_high,0.01584893192,5,1.117210055,2938
ordered_high,0.01584893192,6,1.090740501,2882
ordered_high,0.01584893192,7,1.096007076,2916
ordered_high,0.01584893192,8,1.115764977,2880
ordered_high,0.01584893192,9,1.102788588,2801
ordered_high,0.01584893192,10,1.134859851,2897
ordered_high,0.02511886432,1,1.022853009,2836
ordered_high,0.02511886432,2,1.033704421,2883
ordered_high,0.02511886432,3,1.026399053,2892
ordered_high,0.02511886432,4,1.03990647,2912
ordered_high,0.02511886432,5,1.053334386,2938
ordered_high,0.02511886432,6,1.044096726,2882
ordered_high,0.02511886432,7,1.038984048,2916
ordered_high,0.02511886432,8,1.039918803,2880
ordered_high,0.02511886432,9,1.036832538,2801
ordered_high,0.02511886432,10,0.9977388405,2897
ordered_high,0.03981071706,1,0.9351707368,2836
ordered_high,0.03981071706,2,0.9437867527,2883
ordered_high,0.03981071706,3,0.9553606597,2892
ordered_high,0.03981071706,4,0.9555058319,2912
ordered_high,0.03981071706,5,0.9585612552,2938
ordered_high,0.03981071706,6,0.954826898,2882
ordered_high,0.03981071706,7,0.9694257386,2916
ordered_high,0.03981071706,8,0.9507896377,2880
ordered_high,0.03981071706,9,0.9458062423,2801
ordered_high,0.03981071706,10,0.9524396764,2897
ordered_high,0.06309573445,1,0.8374073192,2836
ordered_high,0.06309573445,2,0.8818947008,2883
ordered_high,0.06309573445,3,0.8769390927,2892
ordered_high,0.06309573445,4,0.8774592897,2912
ordered_high,0.06309573445,5,0.8836452816,2938
ordered_high,0.06309573445,6,0.8575550981,2882
ordered_high,0.06309573445,7,0.8807684122,2916
ordered_high,0.06309573445,8,0.8851286598,2880
ordered_high,0.06309573445,9,0.8618101011,2801
ordered_high,0.06309573445,10,0.8436226751,2897
ordered_high,0.1,1,0.7676941883,2836
ordered_high,0.1,2,0.7775955531,2883
ordered_high,0.1,3,0.7740721294,2892
ordered_high,0.1,4,0.7719750294,2912
ordered_high,0.1,5,0.7634091531,2938
ordered_high,0.1,6,0.7690618899,2882
ordered_high,0.1,7,0.772026389,2916
ordered_high,0.1,8,0.7462876598,2880
ordered_high,0.1,9,0.7749967597,2801
ordered_high,0.1,10,0.7678002974,2897
ordered_high,0.1584893192,1,0.6938510976,2836
ordered_high,0.1584893192,2,0.6526138408,2883
ordered_high,0.1584893192,3,0.6530485623,2892
ordered_high,0.1584893192,4,0.6754366553,2912
ordered_high,0.1584893192,5,0.6690485028,2938
ordered_high,0.1584893192,6,0.6859949866,2882
ordered_high,0.1584893192,7,0.689461542,2916
ordered_high,0.1584893192,8,0.6897250674,2880
ordered_high,0.1584893192,9,0.6877970364,2801
ordered_high,0.1584893192,10,0.6538308979,2897
ordered_high,0.2511886432,1,0.5693083617,2836
ordered_high,0.2511886432,2,0.5997550205,2883
ordered_high,0.2511886432,3,0.5671061233,2892
ordered_high,0.2511886432,4,0.5830981849,2912
ordered_high,0.2511886432,5,0.600453689,2938
ordered_high,0.2511886432,6,0.592423749,2882
ordered_high,0.2511886432,7,0.6051598776,2916
ordered_high,0.2511886432,8,0.5950909678,2880
ordered_high,0.2511886432,9,0.5635959869,2801
ordered_high,0.2511886432,10,0.5842157361,2897
ordered_high,0.3981071706,1,0.5161300527,2836
ordered_high,0.3981071706,2,0.5079185454,2883
ordered_high,0.3981071706,3,0.5045783847,2892
ordered_high,0.3981071706,4,0.5076014841,2912
ordered_high,0.3981071706,5,0.5062957662,2938
ordered_high,0.3981071706,6,0.5090281464,2882
ordered_high,0.3981071706,7,0.5020875149,2916
ordered_high,0.3981071706,8,0.4944406194,2880
ordered_high,0.3981071706,9,0.5020682092,2801
ordered_high,0.3981071706,10,0.4991173882,2897
ordered_high,0.6309573445,1,0.4347542015,2836
ordered_high,0.6309573445,2,0.4243992682,2883
ordered_high,0.6309573445,3,0.4377455318,2892
ordered_high,0.6309573445,4,0.431755798,2912
ordered_high,0.6309573445,5,0.4252242985,2938
ordered_high,0.6309573445,6,0.4396368626,2882
ordered_high,0.6309573445,7,0.4221569092,2916
ordered_high,0.6309573445,8,0.4205478776,2880
ordered_high,0.6309573445,9,0.4255728695,2801
ordered_high,0.6309573445,10,0.4252381168,2897
ordered_high,1,1,0.3542976852,2836
ordered_high,1,2,0.3635166437,2883
ordered_high,1,3,0.3635998471,2892
ordered_high,1,4,0.3671631454,2912
ordered_high,1,5,0.3609511079,2938
ordered_high,1,6,0.3562600749,2882
ordered_high,1,7,0.3517228791,2916
ordered_high,1,8,0.3551886148,2880
ordered_high,1,9,0.3564802728,2801
ordered_high,1,10,0.3614834707,2897
ordered_high,1.584893192,1,0.3173440336,2836
ordered_high,1.584893192,2,0.313509781,2883
ordered_high,1.584893192,3,0.3041817811,2892
ordered_high,1.584893192,4,0.3219562717,2912
ordered_high,1.584893192,5,0.3149233287,2938
ordered_high,1.584893192,6,0.3236270098,2882
ordered_high,1.584893192,7,0.3063812725,2916
ordered_high,1.584893192,8,0.3150506716,2880
ordered_high,1.584893192,9,0.3133171262,2801
ordered_high,1.584893192,10,0.3078744306,2897
ordered_high,2.511886432,1,0.259415519,2836
ordered_high,2.511886432,2,0.2546640437,2883
ordered_high,2.511886432,3,0.2358905366,2892
ordered_high,2.511886432,4,0.2497948717,2912
ordered_high,2.511886432,5,0.2664799867,2938
ordered_high,2.511886432,6,0.2649773762,2882
ordered_high,2.511886432,7,0.2612842896,2916
ordered_high,2.511886432,8,0.2521294982,2880
ordered_high,2.511886432,9,0.260123989,2801
ordered_high,2.511886432,10,0.2527249458,2897
ordered_high,3.981071706,1,0.2447411085,2836
ordered_high,3.981071706,2,0.24086137,2883
ordered_high,3.981071706,3,0.2205481071,2892
ordered_high,3.981071706,4,0.236313289,2912
ordered_high,3.981071706,5,0.2285915318,2938
ordered_high,3.981071706,6,0.2361015429,2882
ordered_high,3.981071706,7,0.2211100488,2916
ordered_high,3.981071706,8,0.2260032515,2880
ordered_high,3.981071706,9,0.2248292333,2801
ordered_high,3.981071706,10,0.2427888585,2897
ordered_high,6.309573445,1,0.2050781754,2836
ordered_high,6.309573445,2,0.1955710443,2883
ordered_high,6.309573445,3,0.1944737193,2892
ordered_high,6.309573445,4,0.2054754523,2912
ordered_high,6.309573445,5,0.1986973171,2938
ordered_high,6.309573445,6,0.1969826463,2882
ordered_high,6.309573445,7,0.2002695879,2916
ordered_high,6.309573445,8,0.1915726099,2880
ordered_high,6.309573445,9,0.1923740274,2801
ordered_high,6.309573445,10,0.1988948621,2897
ordered_high,10,1,0.1569965311,2836
ordered_high,10,2,0.1522484371,2883
ordered_high,10,3,0.1461687347,2892
ordered_high,10,4,0.1503780713,2912
ordered_high,10,5,0.1569838075,2938
ordered_high,10,6,0.1522858659,2882
ordered_high,10,7,0.1461197459,2916
ordered_high,10,8,0.1497822418,2880
ordered_high,10,9,0.1538712334,2801
ordered_high,10,10,0.1502219936,2897
ordered_low,0.001,1,2.155596936,6525
ordered_low,0.001,2,2.200696727,6510
ordered_low,0.001,3,2.220768163,6430
ordered_low,0.001,4,2.209723262,6552
ordered_low,0.001,5,2.247427332,6494
ordered_low,0.001,6,2.234930044,6556
ordered_low,0.001,7,2.201687198,6485
ordered_low,0.001,8,2.256055319,6525
ordered_low,0.001,9,2.241221006,6463
ordered_low,0.001,10,2.215101606,6480
ordered_low,0.001584893192,1,2.197667084,6525
ordered_low,0.001584893192,2,2.212635277,6510
ordered_low,0.001584893192,3,2.198988174,6430
ordered_low,0.001584893192,4,2.222537652,6552
ordered_low,0.001584893192,5,2.23335142,6494
ordered_low,0.001584893192,6,2.189978225,6556
ordered_low,0.001584893192,7,2.237872816,6485
ordered_low,0.001584893192,8,2.233633571,6525
ordered_low,0.001584893192,9,2.250872916,6463
ordered_low,0.001584893192,10,2.233471092,6480
ordered_low,0.002511886432,1,2.217867097,6525
ordered_low,0.002511886432,2,2.226211124,6510
ordered_low,0.002511886432,3,2.208055197,6430
ordered_low,0.002511886432,4,2.245699876,6552
ordered_low,0.002511886432,5,2.254176668,6494
ordered_low,0.002511886432,6,2.194458144,6556
ordered_low,0.002511886432,7,2.20159852,6485
ordered_low,0.002511886432,8,2.209470304,6525
ordered_low,0.002511886432,9,2.221402583,6463
ordered_low,0.002511886432,10,2.22425031,6480
ordered_low,0.003981071706,1,2.180854677,6525
ordered_low,0.003981071706,2,2.204437999,6510
ordered_low,0.003981071706,3,2.213784176,6430
ordered_low,0.003981071706,4,2.22205449,6552
ordered_low,0.003981071706,5,2.25790625,6494
ordered_low,0.003981071706,6,2.21037003,6556
ordered_low,0.003981071706,7,2.178961432,6485
ordered_low,0.003981071706,8,2.243032573,6525
ordered_low,0.003981071706,9,2.189808588,6463
ordered_low,0.003981071706,10,2.221838101,6480
ordered_low,0.006309573445,1,2.164710859,6525
ordered_low,0.006309573445,2,2.149447734,6510
ordered_low,0.006309573445,3,2.224005755,6430
ordered_low,0.006309573445,4,2.202993662,6552
ordered_low,0.006309573445,5,2.179440155,6494
ordered_low,0.006309573445,6,2.179504585,6556
ordered_low,0.006309573445,7,2.17569619,6485
ordered_low,0.006309573445,8,2.195111723,6525
ordered_low,0.006309573445,9,2.214839462,6463
ordered_low,0.006309573445,10,2.205502885,6480
ordered_low,0.01,1,2.195604601,6525
ordered_low,0.01,2,2.191232777,6510
ordered_low,0.01,3,2.231261559,6430
ordered_low,0.01,4,2.203943575,6552
ordered_low,0.01,5,2.191237257,6494
ordered_low,0.01,6,2.189925649,6556
ordered_low,0.01,7,2.19663137,6485
ordered_low,0.01,8,2.192269731,6525
ordered_low,0.01,9,2.217872949,6463
ordered_low,0.01,10,2.178199141,6480
ordered_low,0.01584893192,1,2.164077043,6525
ordered_low,0.01584893192,2,2.162676231,6510
ordered_low,0.01584893192,3,2.179425123,6430
ordered_low,0.01584893192,4,2.179831325,6552
ordered_low,0.01584893192,5,2.178815566,6494
ordered_low,0.01584893192,6,2.216402254,6556
ordered_low,0.01584893192,7,2.144987925,6485
ordered_low,0.01584893192,8,2.137760055,6525
ordered_low,0.01584893192,9,2.209610718,6463
ordered_low,0.01584893192,10,2.164854157,6480
ordered_low,0.02511886432,1,2.11071017,6525
ordered_low,0.02511886432,2,2.144959133,6510
ordered_low,0.02511886432,3,2.186859624,6430
ordered_low,0.02511886432,4,2.152868492,6552
ordered_low,0.02511886432,5,2.146788422,6494
ordered_low,0.02511886432,6,2.194712606,6556
ordered_low,0.02511886432,7,2.093836052,6485
ordered_low,0.02511886432,8,2.140683384,6525
ordered_low,0.02511886432,9,2.213273941,6463
ordered_low,0.02511886432,10,2.136576364,6480
ordered_low,0.03981071706,1,2.071801076,6525
ordered_low,0.03981071706,2,2.108835144,6510
ordered_low,0.03981071706,3,2.119018233,6430
ordered_low,0.03981071706,4,2.088327895,6552
ordered_low,0.03981071706,5,2.14674536,6494
ordered_low,0.03981071706,6,2.103104793,6556
ordered_low,0.03981071706,7,2.064904185,6485
ordered_low,0.03981071706,8,2.113886078,6525
ordered_low,0.03981071706,9,2.137218716,6463
ordered_low,0.03981071706,10,2.128775812,6480
ordered_low,0.06309573445,1,2.054491967,6525
ordered_low,0.06309573445,2,2.034815713,6510
ordered_low,0.06309573445,3,2.119889315,6430
ordered_low,0.06309573445,4,2.043524686,6552
ordered_low,0.06309573445,5,2.0722647,6494
ordered_low,0.06309573445,6,2.069416544,6556
ordered_low,0.06309573445,7,2.036426371,6485
ordered_low,0.06309573445,8,2.082764821,6525
ordered_low,0.06309573445,9,2.094554783,6463
ordered_low,0.06309573445,10,2.057689914,6480
ordered_low,0.1,1,1.998497487,6525
ordered_low,0.1,2,1.97786054,6510
ordered_low,0.1,3,2.055952807,6430
ordered_low,0.1,4,2.002247771,6552
ordered_low,0.1,5,2.030760228,6494
ordered_low,0.1,6,2.008604333,6556
ordered_low,0.1,7,1.995152842,6485
ordered_low,0.1,8,2.031598795,6525
ordered_low,0.1,9,1.995560221,6463
ordered_low,0.1,10,2.012050098,6480
ordered_low,0.1584893192,1,1.913757365,6525
ordered_low,0.1584893192,2,1.878010179,6510
ordered_low,0.1584893192,3,1.960646522,6430
ordered_low,0.1584893192,4,1.932480918,6552
ordered_low,0.1584893192,5,1.924097718,6494
ordered_low,0.1584893192,6,1.900805031,6556
ordered_low,0.1584893192,7,1.849958132,6485
ordered_low,0.1584893192,8,1.905334156,6525
ordered_low,0.1584893192,9,1.969097051,6463
ordered_low,0.1584893192,10,1.915407045,6480
ordered_low,0.2511886432,1,1.79851923,6525
ordered_low,0.2511886432,2,1.786329023,6510
ordered_low,0.2511886432,3,1.859386124,6430
ordered_low,0.2511886432,4,1.841463643,6552
ordered_low,0.2511886432,5,1.827720341,6494
ordered_low,0.2511886432,6,1.80314103,6556
ordered_low,0.2511886432,7,1.814641013,6485
ordered_low,0.2511886432,8,1.851817229,6525
ordered_low,0.2511886432,9,1.799201417,6463
ordered_low,0.2511886432,10,1.85297313,6480
ordered_low,0.3981071706,1,1.688993962,6525
ordered_low,0.3981071706,2,1.676686395,6510
ordered_low,0.3981071706,3,1.72848734,6430
ordered_low,0.3981071706,4,1.701925112,6552
ordered_low,0.3981071706,5,1.717844351,6494
ordered_low,0.3981071706,6,1.725691681,6556
ordered_low,0.3981071706,7,1.677681859,6485
ordered_low,0.3981071706,8,1.705151263,6525
ordered_low,0.3981071706,9,1.669129693,6463
ordered_low,0.3981071706,10,1.714288754,6480
ordered_low,0.6309573445,1,1.569063296,6525
ordered_low,0.6309573445,2,1.585934405,6510
ordered_low,0.6309573445,3,1.585503952,6430
ordered_low,0.6309573445,4,1.551471086,6552
ordered_low,0.6309573445,5,1.563636381,6494
ordered_low,0.6309573445,6,1.567010222,6556
ordered_low,0.6309573445,7,1.533121381,6485
ordered_low,0.6309573445,8,1.564407462,6525
ordered_low,0.6309573445,9,1.568424917,6463
ordered_low,0.6309573445,10,1.597898169,6480
ordered_low,1,1,1.441446797,6525
ordered_low,1,2,1.439362116,6510
ordered_low,1,3,1.421473579,6430
ordered_low,1,4,1.450143185,6552
ordered_low,1,5,1.429450788,6494
ordered_low,1,6,1.435881855,6556
ordered_low,1,7,1.397713262,6485
ordered_low,1,8,1.449998762,6525
ordered_low,1,9,1.428967831,6463
ordered_low,1,10,1.44860726,6480
ordered_low,1.584893192,1,1.320575052,6525
ordered_low,1.584893192,2,1.33371282,6510
ordered_low,1.584893192,3,1.328170139,6430
ordered_low,1.584893192,4,1.319992331,6552
ordered_low,1.584893192,5,1.327996713,6494
ordered_low,1.584893192,6,1.31767506,6556
ordered_low,1.584893192,7,1.27888858,6485
ordered_low,1.584893192,8,1.296028687,6525
ordered_low,1.584893192,9,1.313199572,6463
ordered_low,1.584893192,10,1.334342945,6480
ordered_low,2.511886432,1,1.139303257,6525
ordered_low,2.511886432,2,1.149103954,6510
ordered_low,2.511886432,3,1.152336228,6430
ordered_low,2.511886432,4,1.140377385,6552
ordered_low,2.511886432,5,1.157548745,6494
ordered_low,2.511886432,6,1.166909346,6556
ordered_low,2.511886432,7,1.124848595,6485
ordered_low,2.511886432,8,1.143572568,6525
ordered_low,2.511886432,9,1.15705497,6463
ordered_low,2.511886432,10,1.15715531,6480
ordered_low,3.981071706,1,1.068840963,6525
ordered_low,3.981071706,2,1.063450004,6510
ordered_low,3.981071706,3,1.055049076,6430
ordered_low,3.981071706,4,1.058477766,6552
ordered_low,3.981071706,5,1.087719974,6494
ordered_low,3.981071706,6,1.08675754,6556
ordered_low,3.981071706,7,1.066712077,6485
ordered_low,3.981071706,8,1.069531573,6525
ordered_low,3.981071706,9,1.062274857,6463
ordered_low,3.981071706,10,1.094254788,6480
ordered_low,6.309573445,1,0.956511015,6525
ordered_low,6.309573445,2,0.9515385831,6510
ordered_low,6.309573445,3,0.9524060455,6430
ordered_low,6.309573445,4,0.9583215245,6552
ordered_low,6.309573445,5,0.9496224109,6494
ordered_low,6.309573445,6,0.9555284595,6556
ordered_low,6.309573445,7,0.9615965857,6485
ordered_low,6.309573445,8,0.9377820397,6525
ordered_low,6.309573445,9,0.9642352391,6463
ordered_low,6.309573445,10,0.9698223097,6480
ordered_low,10,1,0.7834755184,6525
ordered_low,10,2,0.7956873125,6510
ordered_low,10,3,0.7826163969,6430
ordered_low,10,4,0.7784274351,6552
ordered_low,10,5,0.7877303584,6494
ordered_low,10,6,0.7896595273,6556
ordered_low,10,7,0.78801045,6485
ordered_low,10,8,0.7961620241,6525
ordered_low,10,9,0.8005254601,6463
ordered_low,10,10,0.7943219803,6480
random_high,0.001,1,0.818599326,3004
random_high,0.001,2,0.7847583654,3018
random_high,0.001,3,0.7968400588,3013
random_high,0.001,4,0.796538193,3142
random_high,0.001,5,0.7961907661,2957
random_high,0.001,6,0.7956097714,3086
random_high,0.001,7,0.7790763224,2967
random_high,0.001,8,0.7971590759,2999
random_high,0.001,9,0.7711371393,3116
random_high,0.001,10,0.7833674869,3029
random_high,0.001584893192,1,0.7866533551,3004
random_high,0.001584893192,2,0.8158459162,3018
random_high,0.001584893192,3,0.789011152,3013
random_high,0.001584893192,4,0.8086335687,3142
random_high,0.001584893192,5,0.7968485188,2957
random_high,0.001584893192,6,0.7683526974,3086
random_high,0.001584893192,7,0.8016581501,2967
random_high,0.001584893192,8,0.7717577277,2999
random_high,0.001584893192,9,0.7824940724,3116
random_high,0.001584893192,10,0.794045528,3029
random_high,0.002511886432,1,0.78418567,3004
random_high,0.002511886432,2,0.7747866003,3018
random_high,0.002511886432,3,0.7675711087,3013
random_high,0.002511886432,4,0.7984823349,3142
random_high,0.002511886432,5,0.7719614589,2957
random_high,0.002511886432,6,0.7512401763,3086
random_high,0.002511886432,7,0.8148218025,2967
random_high,0.002511886432,8,0.7933761567,2999
random_high,0.002511886432,9,0.7740707042,3116
random_high,0.002511886432,10,0.7891788965,3029
random_high,0.003981071706,1,0.7674222183,3004
random_high,0.003981071706,2,0.7780253153,3018
random_high,0.003981071706,3,0.7693348287,3013
random_high,0.003981071706,4,0.7957329235,3142
random_high,0.003981071706,5,0.7692904505,2957
random_high,0.003981071706,6,0.7624951338,3086
random_high,0.003981071706,7,0.7845516863,2967
random_high,0.003981071706,8,0.7998614002,2999
random_high,0.003981071706,9,0.7748007509,3116
random_high,0.003981071706,10,0.8065196103,3029
random_high,0.006309573445,1,0.7710634353,3004
random_high,0.006309573445,2,0.7705521921,3018
random_high,0.006309573445,3,0.7891705236,3013
random_high,0.006309573445,4,0.7687841235,3142
random_high,0.006309573445,5,0.7520643369,2957
random_high,0.006309573445,6,0.7502162543,3086
random_high,0.006309573445,7,0.7803742628,2967
random_high,0.006309573445,8,0.7748192493,2999
random_high,0.006309573445,9,0.7472535772,3116
random_high,0.006309573445,10,0.7728630642,3029
random_high,0.01,1,0.7398465112,3004
random_high,0.01,2,0.7679463187,3018
random_high,0.01,3,0.7712722842,3013
random_high,0.01,4,0.7649070299,3142
random_high,0.01,5,0.7487001872,2957
random_high,0.01,6,0.7601628074,3086
random_high,0.01,7,0.7449761499,2967
random_high,0.01,8,0.7568877731,2999
random_high,0.01,9,0.7626244214,3116
random_high,0.01,10,0.7388224451,3029
random_high,0.01584893192,1,0.7568083734,3004
random_high,0.01584893192,2,0.7195133784,3018
random_high,0.01584893192,3,0.7501524677,3013
random_high,0.01584893192,4,0.7346973218,3142
random_high,0.01584893192,5,0.7375781819,2957
random_high,0.01584893192,6,0.7141780709,3086
random_high,0.01584893192,7,0.736488799,2967
random_high,0.01584893192,8,0.7288145666,2999
random_high,0.01584893192,9,0.7177559919,3116
random_high,0.01584893192,10,0.7330182481,3029
random_high,0.02511886432,1,0.6911455832,3004
random_high,0.02511886432,2,0.7001642373,3018
random_high,0.02511886432,3,0.6798968726,3013
random_high,0.02511886432,4,0.6963933326,3142
random_high,0.02511886432,5,0.7058582774,2957
random_high,0.02511886432,6,0.6970938976,3086
random_high,0.02511886432,7,0.6845845848,2967
random_high,0.02511886432,8,0.7109158943,2999
random_high,0.02511886432,9,0.7019086883,3116
random_high,0.02511886432,10,0.6982271677,3029
random_high,0.03981071706,1,0.6388525351,3004
random_high,0.03981071706,2,0.6729179306,3018
random_high,0.03981071706,3,0.661143294,3013
random_high,0.03981071706,4,0.6345004347,3142
random_high,0.03981071706,5,0.657162709,2957
random_high,0.03981071706,6,0.6682184342,3086
random_high,0.03981071706,7,0.6574947692,2967
random_high,0.03981071706,8,0.6617620316,2999
random_high,0.03981071706,9,0.6854088662,3116
random_high,0.03981071706,10,0.6546358631,3029
random_high,0.06309573445,1,0.6368154621,3004
random_high,0.06309573445,2,0.6304633308,3018
random_high,0.06309573445,3,0.6058129087,3013
random_high,0.06309573445,4,0.6113045373,3142
random_high,0.06309573445,5,0.6117875075,2957
random_high,0.06309573445,6,0.6354294399,3086
random_high,0.06309573445,7,0.6346024234,2967
random_high,0.06309573445,8,0.601902307,2999
random_high,0.06309573445,9,0.6210647146,3116
random_high,0.06309573445,10,0.6258783416,3029
random_high,0.1,1,0.6030799758,3004
random_high,0.1,2,0.5612510113,3018
random_high,0.1,3,0.5796968981,3013
random_high,0.1,4,0.572476123,3142
random_high,0.1,5,0.5774468607,2957
random_high,0.1,6,0.5833708249,3086
random_high,0.1,7,0.6152622165,2967
random_high,0.1,8,0.575217943,2999
random_high,0.1,9,0.567696862,3116
random_high,0.1,10,0.5917267142,3029
random_high,0.1584893192,1,0.5348700625,3004
random_high,0.1584893192,2,0.4964136695,3018
random_high,0.1584893192,3,0.5278499987,3013
random_high,0.1584893192,4,0.5212250304,3142
random_high,0.1584893192,5,0.5297200082,2957
random_high,0.1584893192,6,0.5252777475,3086
random_high,0.1584893192,7,0.5410303515,2967
random_high,0.1584893192,8,0.5117320108,2999
random_high,0.1584893192,9,0.5320112618,3116
random_high,0.1584893192,10,0.5346745822,3029
random_high,0.2511886432,1,0.4880823185,3004
random_high,0.2511886432,2,0.4654019445,3018
random_high,0.2511886432,3,0.4760814411,3013
random_high,0.2511886432,4,0.4744517956,3142
random_high,0.2511886432,5,0.4753820504,2957
random_high,0.2511886432,6,0.4696638905,3086
random_high,0.2511886432,7,0.468702736,2967
random_high,0.2511886432,8,0.4749630215,2999
random_high,0.2511886432,9,0.4724721733,3116
random_high,0.2511886432,10,0.4867662729,3029
random_high,0.3981071706,1,0.4303257518,3004
random_high,0.3981071706,2,0.4145599736,3018
random_high,0.3981071706,3,0.4145788114,3013
random_high,0.3981071706,4,0.4242612072,3142
random_high,0.3981071706,5,0.4201098888,2957
random_high,0.3981071706,6,0.4383630649,3086
random_high,0.3981071706,7,0.4161141917,2967
random_high,0.3981071706,8,0.4217356254,2999
random_high,0.3981071706,9,0.4167074402,3116
random_high,0.3981071706,10,0.4336063655,3029
random_high,0.6309573445,1,0.3702429959,3004
random_high,0.6309573445,2,0.3727388295,3018
random_high,0.6309573445,3,0.3735294626,3013
random_high,0.6309573445,4,0.3729092839,3142
random_high,0.6309573445,5,0.3796227778,2957
random_high,0.6309573445,6,0.3766753887,3086
random_high,0.6309573445,7,0.3821119918,2967
random_high,0.6309573445,8,0.3688526628,2999
random_high,0.6309573445,9,0.3708752313,3116
random_high,0.6309573445,10,0.3736321816,3029
random_high,1,1,0.3182337722,3004
random_high,1,2,0.3114819229,3018
random_high,1,3,0.3166942445,3013
random_high,1,4,0.3222979467,3142
random_high,1,5,0.3227858096,2957
random_high,1,6,0.3209747922,3086
random_high,1,7,0.3365408759,2967
random_high,1,8,0.3132428414,2999
random_high,1,9,0.3273120587,3116
random_high,1,10,0.3232986338,3029
random_high,1.584893192,1,0.2965913499,3004
random_high,1.584893192,2,0.2807087656,3018
random_high,1.584893192,3,0.2812944049,3013
random_high,1.584893192,4,0.286740345,3142
random_high,1.584893192,5,0.2958438364,2957
random_high,1.584893192,6,0.2953126982,3086
random_high,1.584893192,7,0.2957767228,2967
random_high,1.584893192,8,0.2967485258,2999
random_high,1.584893192,9,0.2997002544,3116
random_high,1.584893192,10,0.3021716911,3029
random_high,2.511886432,1,0.2482397258,3004
random_high,2.511886432,2,0.2419558418,3018
random_high,2.511886432,3,0.2394480706,3013
random_high,2.511886432,4,0.2489718885,3142
random_high,2.511886432,5,0.2378867325,2957
random_high,2.511886432,6,0.2422068529,3086
random_high,2.511886432,7,0.2444651066,2967
random_high,2.511886432,8,0.2459591189,2999
random_high,2.511886432,9,0.2487542064,3116
random_high,2.511886432,10,0.2452621662,3029
random_high,3.981071706,1,0.229215491,3004
random_high,3.981071706,2,0.2119796331,3018
random_high,3.981071706,3,0.2350649196,3013
random_high,3.981071706,4,0.2258695952,3142
random_high,3.981071706,5,0.2167901686,2957
random_high,3.981071706,6,0.2129830191,3086
random_high,3.981071706,7,0.2225762729,2967
random_high,3.981071706,8,0.2151744699,2999
random_high,3.981071706,9,0.2275221324,3116
random_high,3.981071706,10,0.2299378413,3029
random_high,6.309573445,1,0.2041504436,3004
random_high,6.309573445,2,0.1824215667,3018
random_high,6.309573445,3,0.1899415314,3013
random_high,6.309573445,4,0.1915763533,3142
random_high,6.309573445,5,0.1879343343,2957
random_high,6.309573445,6,0.1903188896,3086
random_high,6.309573445,7,0.1990463931,2967
random_high,6.309573445,8,0.1857772242,2999
random_high,6.309573445,9,0.1864019598,3116
random_high,6.309573445,10,0.1910468308,3029
random_high,10,1,0.1561145086,3004
random_high,10,2,0.1436201151,3018
random_high,10,3,0.1600171937,3013
random_high,10,4,0.150950509,3142
random_high,10,5,0.1516655882,2957
random_high,10,6,0.1521166699,3086
random_high,10,7,0.1537898384,2967
random_high,10,8,0.1442446968,2999
random_high,10,9,0.1530416732,3116
random_high,10,10,0.1569139164,3029
random_low,0.001,1,2.059325602,6572
random_low,0.001,2,2.087217519,6563
random_low,0.001,3,2.116658906,6607
random_low,0.001,4,2.120427544,6589
random_low,0.001,5,2.101573358,6593
random_low,0.001,6,2.061845005,6636
random_low,0.001,7,2.051163564,6622
random_low,0.001,8,2.111334914,6648
random_low,0.001,9,2.096897665,6658
random_low,0.001,10,2.059319948,6690
random_low,0.001584893192,1,2.085493809,6572
random_low,0.001584893192,2,2.082665057,6563
random_low,0.001584893192,3,2.10689537,6607
random_low,0.001584893192,4,2.121524194,6589
random_low,0.001584893192,5,2.114831306,6593
random_low,0.001584893192,6,2.066348505,6636
random_low,0.001584893192,7,2.117117312,6622
random_low,0.001584893192,8,2.094582981,6648
random_low,0.001584893192,9,2.09149995,6658
random_low,0.001584893192,10,2.116878015,6690
random_low,0.002511886432,1,2.096295362,6572
random_low,0.002511886432,2,2.054222053,6563
random_low,0.002511886432,3,2.065327479,6607
random_low,0.002511886432,4,2.101898939,6589
random_low,0.002511886432,5,2.080879859,6593
random_low,0.002511886432,6,2.090194209,6636
random_low,0.002511886432,7,2.113919234,6622
random_low,0.002511886432,8,2.087410011,6648
random_low,0.002511886432,9,2.113208249,6658
random_low,0.002511886432,10,2.103445343,6690
random_low,0.003981071706,1,2.068598902,6572
random_low,0.003981071706,2,2.053863764,6563
random_low,0.003981071706,3,2.095792069,6607
random_low,0.003981071706,4,2.116066116,6589
random_low,0.003981071706,5,2.072110256,6593
random_low,0.003981071706,6,2.096237944,6636
random_low,0.003981071706,7,2.108912776,6622
random_low,0.003981071706,8,2.127819037,6648
random_low,0.003981071706,9,2.088178676,6658
random_low,0.003981071706,10,2.055718091,6690
random_low,0.006309573445,1,2.064693199,6572
random_low,0.006309573445,2,2.028809392,6563
random_low,0.006309573445,3,2.128042363,6607
random_low,0.006309573445,4,2.06006542,6589
random_low,0.006309573445,5,2.066093261,6593
random_low,0.006309573445,6,2.047249838,6636
random_low,0.006309573445,7,2.033955986,6622
random_low,0.006309573445,8,2.032424061,6648
random_low,0.006309573445,9,2.102101027,6658
random_low,0.006309573445,10,2.073006688,6690
random_low,0.01,1,2.016423614,6572
random_low,0.01,2,2.035562104,6563
random_low,0.01,3,2.072992105,6607
random_low,0.01,4,2.064547192,6589
random_low,0.01,5,2.070653928,6593
random_low,0.01,6,2.063084746,6636
random_low,0.01,7,2.008741977,6622
random_low,0.01,8,2.026659458,6648
random_low,0.01,9,2.103096062,6658
random_low,0.01,10,2.062978767,6690
random_low,0.01584893192,1,2.003872,6572
random_low,0.01584893192,2,2.020681873,6563
random_low,0.01584893192,3,2.03496194,6607
random_low,0.01584893192,4,2.022036893,6589
random_low,0.01584893192,5,2.066390027,6593
random_low,0.01584893192,6,2.059991554,6636
random_low,0.01584893192,7,2.020424255,6622
random_low,0.01584893192,8,1.956609393,6648
random_low,0.01584893192,9,2.051883621,6658
random_low,0.01584893192,10,2.00674856,6690
random_low,0.02511886432,1,2.01133141,6572
random_low,0.02511886432,2,1.990967058,6563
random_low,0.02511886432,3,2.010842485,6607
random_low,0.02511886432,4,1.981090908,6589
random_low,0.02511886432,5,2.048669018,6593
random_low,0.02511886432,6,2.017531987,6636
random_low,0.02511886432,7,1.963339668,6622
random_low,0.02511886432,8,1.959500962,6648
random_low,0.02511886432,9,2.042519179,6658
random_low,0.02511886432,10,2.016543188,6690
random_low,0.03981071706,1,1.965254761,6572
random_low,0.03981071706,2,1.96186779,6563
random_low,0.03981071706,3,1.9643985,6607
random_low,0.03981071706,4,1.983422564,6589
random_low,0.03981071706,5,1.988744876,6593
random_low,0.03981071706,6,1.933972771,6636
random_low,0.03981071706,7,1.919033781,6622
random_low,0.03981071706,8,1.942692939,6648
random_low,0.03981071706,9,2.024285208,6658
random_low,0.03981071706,10,1.96458248,6690
random_low,0.06309573445,1,1.919237536,6572
random_low,0.06309573445,2,1.958289456,6563
random_low,0.06309573445,3,1.946823421,6607
random_low,0.06309573445,4,1.870044925,6589
random_low,0.06309573445,5,1.944147307,6593
random_low,0.06309573445,6,1.932196732,6636
random_low,0.06309573445,7,1.910287806,6622
random_low,0.06309573445,8,1.941010832,6648
random_low,0.06309573445,9,1.959044459,6658
random_low,0.06309573445,10,1.927169022,6690
random_low,0.1,1,1.880140736,6572
random_low,0.1,2,1.852837784,6563
random_low,0.1,3,1.901263285,6607
random_low,0.1,4,1.827010903,6589
random_low,0.1,5,1.876173345,6593
random_low,0.1,6,1.859523985,6636
random_low,0.1,7,1.862516949,6622
random_low,0.1,8,1.86478305,6648
random_low,0.1,9,1.878396312,6658
random_low,0.1,10,1.869392477,6690
random_low,0.1584893192,1,1.805180762,6572
random_low,0.1584893192,2,1.758472299,6563
random_low,0.1584893192,3,1.784727231,6607
random_low,0.1584893192,4,1.800764793,6589
random_low,0.1584893192,5,1.796855635,6593
random_low,0.1584893192,6,1.773434975,6636
random_low,0.1584893192,7,1.800670203,6622
random_low,0.1584893192,8,1.811069198,6648
random_low,0.1584893192,9,1.817916242,6658
random_low,0.1584893192,10,1.762186547,6690
random_low,0.2511886432,1,1.660134625,6572
random_low,0.2511886432,2,1.661894403,6563
random_low,0.2511886432,3,1.728434309,6607
random_low,0.2511886432,4,1.675772382,6589
random_low,0.2511886432,5,1.689095249,6593
random_low,0.2511886432,6,1.689002062,6636
random_low,0.2511886432,7,1.68141182,6622
random_low,0.2511886432,8,1.687149584,6648
random_low,0.2511886432,9,1.679022824,6658
random_low,0.2511886432,10,1.675458084,6690
random_low,0.3981071706,1,1.600329646,6572
random_low,0.3981071706,2,1.585260192,6563
random_low,0.3981071706,3,1.593634491,6607
random_low,0.3981071706,4,1.591365922,6589
random_low,0.3981071706,5,1.602916676,6593
random_low,0.3981071706,6,1.594913833,6636
random_low,0.3981071706,7,1.627953216,6622
random_low,0.3981071706,8,1.618576798,6648
random_low,0.3981071706,9,1.570107273,6658
random_low,0.3981071706,10,1.610372269,6690
random_low,0.6309573445,1,1.481103658,6572
random_low,0.6309573445,2,1.488403244,6563
random_low,0.6309573445,3,1.501556222,6607
random_low,0.6309573445,4,1.46056411,6589
random_low,0.6309573445,5,1.48773563,6593
random_low,0.6309573445,6,1.482969461,6636
random_low,0.6309573445,7,1.499804486,6622
random_low,0.6309573445,8,1.460157198,6648
random_low,0.6309573445,9,1.45827323,6658
random_low,0.6309573445,10,1.486044692,6690
random_low,1,1,1.384282609,6572
random_low,1,2,1.340271719,6563
random_low,1,3,1.380177745,6607
random_low,1,4,1.346787231,6589
random_low,1,5,1.363492063,6593
random_low,1,6,1.397571123,6636
random_low,1,7,1.349292493,6622
random_low,1,8,1.350101262,6648
random_low,1,9,1.403106516,6658
random_low,1,10,1.332202729,6690
random_low,1.584893192,1,1.278523825,6572
random_low,1.584893192,2,1.246616028,6563
random_low,1.584893192,3,1.261528534,6607
random_low,1.584893192,4,1.279623018,6589
random_low,1.584893192,5,1.266339701,6593
random_low,1.584893192,6,1.292709301,6636
random_low,1.584893192,7,1.247542932,6622
random_low,1.584893192,8,1.288979646,6648
random_low,1.584893192,9,1.27743793,6658
random_low,1.584893192,10,1.302567403,6690
random_low,2.511886432,1,1.114866024,6572
random_low,2.511886432,2,1.119363395,6563
random_low,2.511886432,3,1.105603918,6607
random_low,2.511886432,4,1.127431775,6589
random_low,2.511886432,5,1.135641739,6593
random_low,2.511886432,6,1.131402598,6636
random_low,2.511886432,7,1.109293746,6622
random_low,2.511886432,8,1.121316929,6648
random_low,2.511886432,9,1.140719506,6658
random_low,2.511886432,10,1.137003346,6690
random_low,3.981071706,1,1.071343679,6572
random_low,3.981071706,2,1.039430625,6563
random_low,3.981071706,3,1.040023608,6607
random_low,3.981071706,4,1.070068575,6589
random_low,3.981071706,5,1.062969019,6593
random_low,3.981071706,6,1.068847025,6636
random_low,3.981071706,7,1.055495159,6622
random_low,3.981071706,8,1.052251827,6648
random_low,3.981071706,9,1.060905443,6658
random_low,3.981071706,10,1.057142131,6690
random_low,6.309573445,1,0.9560644803,6572
random_low,6.309573445,2,0.9474996589,6563
random_low,6.309573445,3,0.9559820192,6607
random_low,6.309573445,4,0.9529342317,6589
random_low,6.309573445,5,0.9756016151,6593
random_low,6.309573445,6,0.9469796055,6636
random_low,6.309573445,7,0.9550761564,6622
random_low,6.309573445,8,0.9296906931,6648
random_low,6.309573445,9,0.9587887934,6658
random_low,6.309573445,10,0.9292063075,6690
random_low,10,1,0.7905697112,6572
random_low,10,2,0.7834597777,6563
random_low,10,3,0.7865047405,6607
random_low,10,4,0.7884865027,6589
random_low,10,5,0.7950512482,6593
random_low,10,6,0.7952515144,6636
random_low,10,7,0.7960990559,6622
random_low,10,8,0.7585504508,6648
random_low,10,9,0.78603628,6658
random_low,10,10,0.8064065232,6690
