tau_ms,ADC_notebook_random_low_single_run,ADC_ours_mean,ADC_ours_sigma,diff_in_sigma
0.001,2.0215,2.0866,0.0266,-2.45
0.00158489,2.0573,2.0998,0.0184,-2.31
0.00251189,2.0310,2.0907,0.0196,-3.05
0.00398107,2.0310,2.0883,0.0253,-2.27
0.00630957,1.9959,2.0636,0.0317,-2.14
0.01,2.0563,2.0525,0.0295,+0.13
0.0158489,1.9895,2.0244,0.0321,-1.09
0.0251189,1.9544,2.0042,0.0303,-1.65
0.0398107,1.9177,1.9648,0.0298,-1.58
0.0630957,1.8655,1.9308,0.0266,-2.46
0.1,1.8920,1.8672,0.0196,+1.27
0.158489,1.7279,1.7911,0.0205,-3.08
0.251189,1.6684,1.6827,0.0190,-0.76
0.398107,1.5582,1.5995,0.0166,-2.48
0.630957,1.4835,1.4807,0.0159,+0.18
1,1.3241,1.3647,0.0250,-1.63
1.58489,1.2391,1.2742,0.0186,-1.88
2.51189,1.1546,1.1243,0.0121,+2.51
3.98107,1.0848,1.0578,0.0115,+2.35
6.30957,1.0136,0.9508,0.0137,+4.58
10,0.8216,0.7886,0.0125,+2.64
