scan,h_um,rate,D,rate_tau_at_1e_2,bias_at_1e_2,bias_at_4p6e_2
V2_h0.01,0.01,0.1,3,0.001,-0.0004389455486,-0.0002206241339
V2_h0.05,0.05,0.1,3,0.001,-0.0004532233696,-0.0006782473378
V1_h0.1,0.1,0.1,3,0.001,-0.0002573573363,-0.0004757053103
V2_h0.2,0.2,0.1,3,0.001,-0.0004103160813,-0.0007883605388
V3_D1,0.1,0.1,1,0.001,-0.0006364656072,-0.001026401509
V3_D6,0.1,0.1,6,0.001,-0.000521198537,-0.0007610878148
V2_rate0.5,0.1,0.5,3,0.005,-0.00139661035,-0.003838769745
V2_rate1,0.1,1,3,0.01,-0.002518063647,-0.007681217589
V2_rate2,0.1,2,3,0.02,-0.00472827237,-0.01514342514
V2_h0.01_rate10,0.01,10,3,0.1,-0.008395958048,-0.02063318634
