kind,tau_ms,h_um,rate,us_per_spin_step,b5_us_per_spin_step,overhead,hours_full_run
tau,0.1,0.1,0.1,0.03192386508,0.0264842999,1.205388294,NaN
tau,0.01,0.1,0.1,0.02355254531,0.0168612349,1.396845809,NaN
tau,0.001,0.1,0.1,0.02261961102,0.01626244068,1.390911209,NaN
tau,0.0001,0.1,0.1,0.01952307582,0.01550110936,1.259463137,NaN
h,0.01,0.01,0.1,0.03528320789,0.0168612349,2.092563688,0.04900445541
h,0.01,0.05,0.1,0.02456729412,0.0168612349,1.457028164,0.03412124183
h,0.01,0.1,0.1,0.02074580193,0.0168612349,1.230384491,0.02881361379
h,0.01,0.2,0.1,0.02012109756,0.0168612349,1.193334752,0.02794596884
h,0.01,0.5,0.1,0.02151858807,0.0168612349,1.276216611,0.02988692787
rate,0.04,0.1,0.1,0.02192201614,NaN,NaN,0.007611811161
rate,0.01,0.1,0.5,0.01910629272,NaN,NaN,0.02653651767
rate,0.005,0.1,1,0.01997489929,NaN,NaN,0.05548583137
rate,0.0025,0.1,2,0.02043622136,NaN,NaN,0.1135345631
rate,0.0005,0.1,10,0.02269346476,NaN,NaN,0.630374021
