R2_bulk,seed,t_ms,signal,expected,rel_dev,phase_deg
0.0125,1,0,1,1,0,0
0.0125,1,10,0.8824969026,0.8824969026,2.524203069e-12,0
0.0125,1,20,0.7788007831,0.7788007831,1.15196741e-12,0
0.0125,1,30,0.6872892788,0.6872892788,2.206235195e-12,0
0.0125,1,40,0.6065306597,0.6065306597,1.888711409e-12,0
0.0125,1,50,0.5352614285,0.5352614285,1.786126802e-12,0
0.0125,2,0,1,1,0,0
0.0125,2,10,0.8824969026,0.8824969026,2.524203069e-12,0
0.0125,2,20,0.7788007831,0.7788007831,1.15196741e-12,0
0.0125,2,30,0.6872892788,0.6872892788,2.206235195e-12,0
0.0125,2,40,0.6065306597,0.6065306597,1.888711409e-12,0
0.0125,2,50,0.5352614285,0.5352614285,1.786126802e-12,0
0.0125,3,0,1,1,0,0
0.0125,3,10,0.8824969026,0.8824969026,2.524203069e-12,0
0.0125,3,20,0.7788007831,0.7788007831,1.15196741e-12,0
0.0125,3,30,0.6872892788,0.6872892788,2.206235195e-12,0
0.0125,3,40,0.6065306597,0.6065306597,1.888711409e-12,0
0.0125,3,50,0.5352614285,0.5352614285,1.786126802e-12,0
0.0125,4,0,1,1,0,0
0.0125,4,10,0.8824969026,0.8824969026,2.524203069e-12,0
0.0125,4,20,0.7788007831,0.7788007831,1.15196741e-12,0
0.0125,4,30,0.6872892788,0.6872892788,2.206235195e-12,0
0.0125,4,40,0.6065306597,0.6065306597,1.888711409e-12,0
0.0125,4,50,0.5352614285,0.5352614285,1.786126802e-12,0
0.0125,5,0,1,1,0,0
0.0125,5,10,0.8824969026,0.8824969026,2.524203069e-12,0
0.0125,5,20,0.7788007831,0.7788007831,1.15196741e-12,0
0.0125,5,30,0.6872892788,0.6872892788,2.206235195e-12,0
0.0125,5,40,0.6065306597,0.6065306597,1.888711409e-12,0
0.0125,5,50,0.5352614285,0.5352614285,1.786126802e-12,0
0.0125,6,0,1,1,0,0
0.0125,6,10,0.8824969026,0.8824969026,2.524203069e-12,0
0.0125,6,20,0.7788007831,0.7788007831,1.15196741e-12,0
0.0125,6,30,0.6872892788,0.6872892788,2.206235195e-12,0
0.0125,6,40,0.6065306597,0.6065306597,1.888711409e-12,0
0.0125,6,50,0.5352614285,0.5352614285,1.786126802e-12,0
0.0125,7,0,1,1,0,0
0.0125,7,10,0.8824969026,0.8824969026,2.524203069e-12,0
0.0125,7,20,0.7788007831,0.7788007831,1.15196741e-12,0
0.0125,7,30,0.6872892788,0.6872892788,2.206235195e-12,0
0.0125,7,40,0.6065306597,0.6065306597,1.888711409e-12,0
0.0125,7,50,0.5352614285,0.5352614285,1.786126802e-12,0
0.0125,8,0,1,1,0,0
0.0125,8,10,0.8824969026,0.8824969026,2.524203069e-12,0
0.0125,8,20,0.7788007831,0.7788007831,1.15196741e-12,0
0.0125,8,30,0.6872892788,0.6872892788,2.206235195e-12,0
0.0125,8,40,0.6065306597,0.6065306597,1.888711409e-12,0
0.0125,8,50,0.5352614285,0.5352614285,1.786126802e-12,0
0.0125,9,0,1,1,0,0
0.0125,9,10,0.8824969026,0.8824969026,2.524203069e-12,0
0.0125,9,20,0.7788007831,0.7788007831,1.15196741e-12,0
0.0125,9,30,0.6872892788,0.6872892788,2.206235195e-12,0
0.0125,9,40,0.6065306597,0.6065306597,1.888711409e-12,0
0.0125,9,50,0.5352614285,0.5352614285,1.786126802e-12,0
0.0125,10,0,1,1,0,0
0.0125,10,10,0.8824969026,0.8824969026,2.524203069e-12,0
0.0125,10,20,0.7788007831,0.7788007831,1.15196741e-12,0
0.0125,10,30,0.6872892788,0.6872892788,2.206235195e-12,0
0.0125,10,40,0.6065306597,0.6065306597,1.888711409e-12,0
0.0125,10,50,0.5352614285,0.5352614285,1.786126802e-12,0
0.025,1,0,1,1,0,0
0.025,1,10,0.7788007831,0.7788007831,1.15196741e-12,0
0.025,1,20,0.6065306597,0.6065306597,1.888711409e-12,0
0.025,1,30,0.4723665527,0.4723665527,1.20548016e-12,0
0.025,1,40,0.3678794412,0.3678794412,-5.356826094e-13,0
0.025,1,50,0.2865047969,0.2865047969,-1.444289133e-12,0
0.025,2,0,1,1,0,0
0.025,2,10,0.7788007831,0.7788007831,1.15196741e-12,0
0.025,2,20,0.6065306597,0.6065306597,1.888711409e-12,0
0.025,2,30,0.4723665527,0.4723665527,1.20548016e-12,0
0.025,2,40,0.3678794412,0.3678794412,-5.356826094e-13,0
0.025,2,50,0.2865047969,0.2865047969,-1.444289133e-12,0
0.025,3,0,1,1,0,0
0.025,3,10,0.7788007831,0.7788007831,1.15196741e-12,0
0.025,3,20,0.6065306597,0.6065306597,1.888711409e-12,0
0.025,3,30,0.4723665527,0.4723665527,1.20548016e-12,0
0.025,3,40,0.3678794412,0.3678794412,-5.356826094e-13,0
0.025,3,50,0.2865047969,0.2865047969,-1.444289133e-12,0
0.025,4,0,1,1,0,0
0.025,4,10,0.7788007831,0.7788007831,1.15196741e-12,0
0.025,4,20,0.6065306597,0.6065306597,1.888711409e-12,0
0.025,4,30,0.4723665527,0.4723665527,1.20548016e-12,0
0.025,4,40,0.3678794412,0.3678794412,-5.356826094e-13,0
0.025,4,50,0.2865047969,0.2865047969,-1.444289133e-12,0
0.025,5,0,1,1,0,0
0.025,5,10,0.7788007831,0.7788007831,1.15196741e-12,0
0.025,5,20,0.6065306597,0.6065306597,1.888711409e-12,0
0.025,5,30,0.4723665527,0.4723665527,1.20548016e-12,0
0.025,5,40,0.3678794412,0.3678794412,-5.356826094e-13,0
0.025,5,50,0.2865047969,0.2865047969,-1.444289133e-12,0
0.025,6,0,1,1,0,0
0.025,6,10,0.7788007831,0.7788007831,1.15196741e-12,0
0.025,6,20,0.6065306597,0.6065306597,1.888711409e-12,0
0.025,6,30,0.4723665527,0.4723665527,1.20548016e-12,0
0.025,6,40,0.3678794412,0.3678794412,-5.356826094e-13,0
0.025,6,50,0.2865047969,0.2865047969,-1.444289133e-12,0
0.025,7,0,1,1,0,0
0.025,7,10,0.7788007831,0.7788007831,1.15196741e-12,0
0.025,7,20,0.6065306597,0.6065306597,1.888711409e-12,0
0.025,7,30,0.4723665527,0.4723665527,1.20548016e-12,0
0.025,7,40,0.3678794412,0.3678794412,-5.356826094e-13,0
0.025,7,50,0.2865047969,0.2865047969,-1.444289133e-12,0
0.025,8,0,1,1,0,0
0.025,8,10,0.7788007831,0.7788007831,1.15196741e-12,0
0.025,8,20,0.6065306597,0.6065306597,1.888711409e-12,0
0.025,8,30,0.4723665527,0.4723665527,1.20548016e-12,0
0.025,8,40,0.3678794412,0.3678794412,-5.356826094e-13,0
0.025,8,50,0.2865047969,0.2865047969,-1.444289133e-12,0
0.025,9,0,1,1,0,0
0.025,9,10,0.7788007831,0.7788007831,1.15196741e-12,0
0.025,9,20,0.6065306597,0.6065306597,1.888711409e-12,0
0.025,9,30,0.4723665527,0.4723665527,1.20548016e-12,0
0.025,9,40,0.3678794412,0.3678794412,-5.356826094e-13,0
0.025,9,50,0.2865047969,0.2865047969,-1.444289133e-12,0
0.025,10,0,1,1,0,0
0.025,10,10,0.7788007831,0.7788007831,1.15196741e-12,0
0.025,10,20,0.6065306597,0.6065306597,1.888711409e-12,0
0.025,10,30,0.4723665527,0.4723665527,1.20548016e-12,0
0.025,10,40,0.3678794412,0.3678794412,-5.356826094e-13,0
0.025,10,50,0.2865047969,0.2865047969,-1.444289133e-12,0
0.05,1,0,1,1,0,0
0.05,1,10,0.6065306597,0.6065306597,1.888489365e-12,0
0.05,1,20,0.3678794412,0.3678794412,-5.357936317e-13,0
0.05,1,30,0.2231301601,0.2231301601,4.445332991e-13,0
0.05,1,40,0.1353352832,0.1353352832,2.558842027e-12,0
0.05,1,50,0.08208499862,0.08208499862,4.503064588e-13,0
0.05,2,0,1,1,0,0
0.05,2,10,0.6065306597,0.6065306597,1.888711409e-12,0
0.05,2,20,0.3678794412,0.3678794412,-5.357936317e-13,0
0.05,2,30,0.2231301601,0.2231301601,4.445332991e-13,0
0.05,2,40,0.1353352832,0.1353352832,2.558842027e-12,0
0.05,2,50,0.08208499862,0.08208499862,4.503064588e-13,0
0.05,3,0,1,1,0,0
0.05,3,10,0.6065306597,0.6065306597,1.888711409e-12,0
0.05,3,20,0.3678794412,0.3678794412,-5.357936317e-13,0
0.05,3,30,0.2231301601,0.2231301601,4.445332991e-13,0
0.05,3,40,0.1353352832,0.1353352832,2.558842027e-12,0
0.05,3,50,0.08208499862,0.08208499862,4.503064588e-13,0
0.05,4,0,1,1,0,0
0.05,4,10,0.6065306597,0.6065306597,1.888711409e-12,0
0.05,4,20,0.3678794412,0.3678794412,-5.357936317e-13,0
0.05,4,30,0.2231301601,0.2231301601,4.445332991e-13,0
0.05,4,40,0.1353352832,0.1353352832,2.558842027e-12,0
0.05,4,50,0.08208499862,0.08208499862,4.503064588e-13,0
0.05,5,0,1,1,0,0
0.05,5,10,0.6065306597,0.6065306597,1.888711409e-12,0
0.05,5,20,0.3678794412,0.3678794412,-5.357936317e-13,0
0.05,5,30,0.2231301601,0.2231301601,4.445332991e-13,0
0.05,5,40,0.1353352832,0.1353352832,2.558842027e-12,0
0.05,5,50,0.08208499862,0.08208499862,4.503064588e-13,0
0.05,6,0,1,1,0,0
0.05,6,10,0.6065306597,0.6065306597,1.888711409e-12,0
0.05,6,20,0.3678794412,0.3678794412,-5.357936317e-13,0
0.05,6,30,0.2231301601,0.2231301601,4.445332991e-13,0
0.05,6,40,0.1353352832,0.1353352832,2.558842027e-12,0
0.05,6,50,0.08208499862,0.08208499862,4.503064588e-13,0
0.05,7,0,1,1,0,0
0.05,7,10,0.6065306597,0.6065306597,1.888489365e-12,0
0.05,7,20,0.3678794412,0.3678794412,-5.357936317e-13,0
0.05,7,30,0.2231301601,0.2231301601,4.445332991e-13,0
0.05,7,40,0.1353352832,0.1353352832,2.558842027e-12,0
0.05,7,50,0.08208499862,0.08208499862,4.503064588e-13,0
0.05,8,0,1,1,0,0
0.05,8,10,0.6065306597,0.6065306597,1.888489365e-12,0
0.05,8,20,0.3678794412,0.3678794412,-5.357936317e-13,0
0.05,8,30,0.2231301601,0.2231301601,4.445332991e-13,0
0.05,8,40,0.1353352832,0.1353352832,2.558842027e-12,0
0.05,8,50,0.08208499862,0.08208499862,4.503064588e-13,0
0.05,9,0,1,1,0,0
0.05,9,10,0.6065306597,0.6065306597,1.888489365e-12,0
0.05,9,20,0.3678794412,0.3678794412,-5.357936317e-13,0
0.05,9,30,0.2231301601,0.2231301601,4.445332991e-13,0
0.05,9,40,0.1353352832,0.1353352832,2.558842027e-12,0
0.05,9,50,0.08208499862,0.08208499862,4.503064588e-13,0
0.05,10,0,1,1,0,0
0.05,10,10,0.6065306597,0.6065306597,1.888711409e-12,0
0.05,10,20,0.3678794412,0.3678794412,-5.357936317e-13,0
0.05,10,30,0.2231301601,0.2231301601,4.445332991e-13,0
0.05,10,40,0.1353352832,0.1353352832,2.558842027e-12,0
0.05,10,50,0.08208499862,0.08208499862,4.503064588e-13,0
0.1,1,0,1,1,0,0
0.1,1,10,0.3678794412,0.3678794412,-5.356826094e-13,0
0.1,1,20,0.1353352832,0.1353352832,2.559064072e-12,0
0.1,1,30,0.04978706837,0.04978706837,-2.277067424e-13,0
0.1,1,40,0.01831563889,0.01831563889,-2.090883022e-12,0
0.1,1,50,0.006737946999,0.006737946999,5.571099138e-13,0
0.1,2,0,1,1,0,0
0.1,2,10,0.3678794412,0.3678794412,-5.356826094e-13,0
0.1,2,20,0.1353352832,0.1353352832,2.559064072e-12,0
0.1,2,30,0.04978706837,0.04978706837,-2.277067424e-13,0
0.1,2,40,0.01831563889,0.01831563889,-2.090883022e-12,0
0.1,2,50,0.006737946999,0.006737946999,5.571099138e-13,0
0.1,3,0,1,1,0,0
0.1,3,10,0.3678794412,0.3678794412,-5.356826094e-13,0
0.1,3,20,0.1353352832,0.1353352832,2.559064072e-12,0
0.1,3,30,0.04978706837,0.04978706837,-2.277067424e-13,0
0.1,3,40,0.01831563889,0.01831563889,-2.090883022e-12,0
0.1,3,50,0.006737946999,0.006737946999,5.571099138e-13,0
0.1,4,0,1,1,0,0
0.1,4,10,0.3678794412,0.3678794412,-5.356826094e-13,0
0.1,4,20,0.1353352832,0.1353352832,2.559064072e-12,0
0.1,4,30,0.04978706837,0.04978706837,-2.277067424e-13,0
0.1,4,40,0.01831563889,0.01831563889,-2.090883022e-12,0
0.1,4,50,0.006737946999,0.006737946999,5.571099138e-13,0
0.1,5,0,1,1,0,0
0.1,5,10,0.3678794412,0.3678794412,-5.356826094e-13,0
0.1,5,20,0.1353352832,0.1353352832,2.559064072e-12,0
0.1,5,30,0.04978706837,0.04978706837,-2.277067424e-13,0
0.1,5,40,0.01831563889,0.01831563889,-2.090883022e-12,0
0.1,5,50,0.006737946999,0.006737946999,5.571099138e-13,0
0.1,6,0,1,1,0,0
0.1,6,10,0.3678794412,0.3678794412,-5.356826094e-13,0
0.1,6,20,0.1353352832,0.1353352832,2.559064072e-12,0
0.1,6,30,0.04978706837,0.04978706837,-2.277067424e-13,0
0.1,6,40,0.01831563889,0.01831563889,-2.090883022e-12,0
0.1,6,50,0.006737946999,0.006737946999,5.571099138e-13,0
0.1,7,0,1,1,0,0
0.1,7,10,0.3678794412,0.3678794412,-5.356826094e-13,0
0.1,7,20,0.1353352832,0.1353352832,2.559064072e-12,0
0.1,7,30,0.04978706837,0.04978706837,-2.277067424e-13,0
0.1,7,40,0.01831563889,0.01831563889,-2.090883022e-12,0
0.1,7,50,0.006737946999,0.006737946999,5.571099138e-13,0
0.1,8,0,1,1,0,0
0.1,8,10,0.3678794412,0.3678794412,-5.356826094e-13,0
0.1,8,20,0.1353352832,0.1353352832,2.559064072e-12,0
0.1,8,30,0.04978706837,0.04978706837,-2.277067424e-13,0
0.1,8,40,0.01831563889,0.01831563889,-2.090883022e-12,0
0.1,8,50,0.006737946999,0.006737946999,5.571099138e-13,0
0.1,9,0,1,1,0,0
0.1,9,10,0.3678794412,0.3678794412,-5.356826094e-13,0
0.1,9,20,0.1353352832,0.1353352832,2.559064072e-12,0
0.1,9,30,0.04978706837,0.04978706837,-2.277067424e-13,0
0.1,9,40,0.01831563889,0.01831563889,-2.090883022e-12,0
0.1,9,50,0.006737946999,0.006737946999,5.571099138e-13,0
0.1,10,0,1,1,0,0
0.1,10,10,0.3678794412,0.3678794412,-5.356826094e-13,0
0.1,10,20,0.1353352832,0.1353352832,2.559064072e-12,0
0.1,10,30,0.04978706837,0.04978706837,-2.277067424e-13,0
0.1,10,40,0.01831563889,0.01831563889,-2.090883022e-12,0
0.1,10,50,0.006737946999,0.006737946999,5.571099138e-13,0
