shape,h_um,tau_ms,rho,expected,mean,sem,z,pass
step,0.2,0.01,0.02,1,1.000039928,4.29284669e-05,0.9301079738,true
step,0.2,0.04,0.02,1,1.000055914,6.511233161e-05,0.8587259545,true
linear,0.2,0.01,0.01,0.5,0.5000233647,2.152655819e-05,1.085389762,true
linear,0.2,0.04,0.01,0.5,0.5000183815,3.580478677e-05,0.5133801129,true
linear,1.5,0.01,0.075,3.75,3.750010735,1.328544107e-05,0.8080268665,true
linear,1.5,0.04,0.075,3.75,3.750008855,1.955229865e-05,0.4529033024,true
exponential,0.2,0.01,0.019999092,0.9999546001,0.9999797205,2.740163364e-05,0.9167478606,true
exponential,0.2,0.04,0.019999092,0.9999546001,0.9999727031,4.329826213e-05,0.4181012811,true
exponential,0.5,0.01,0.04908421806,2.454210903,2.45423204,2.642853947e-05,0.799802485,true
exponential,0.5,0.04,0.04908421806,2.454210903,2.454222027,3.783583956e-05,0.2940220931,true
