step,x_start,x_end,n_pieces,layer_exponent,transverse,predicted,rel_error
1,0.1329262231,0.5070865422,1,0.0009811,0.9988945513,0.9988945115,3.9855099e-08
2,0.5070865422,0.01073080495,2,0.0009862901241,0.9977850818,0.9977851062,2.446685821e-08
3,0.01073080495,0.1153468678,2,0.001,0.9966632048,0.9966632048,1.110223025e-16
4,0.1153468678,0.1340659408,2,0.001,0.9955425891,0.9955425891,0
5,0.1340659408,0.006462476755,1,0.001,0.9944232335,0.9944232335,0
6,0.006462476755,0.401354338,1,0.001,0.9933051364,0.9933051364,2.220446049e-16
7,0.401354338,0.4785471323,1,0.001,0.9921882965,0.9921882965,0
8,0.4785471323,0.7944809509,1,6.79e-05,0.9919969188,0.9919969218,3.043081009e-09
9,0.7944809509,0.6422795101,1,0,0.9918729269,0.9918729269,0
10,0.6422795101,0.400158072,1,0.0004124,0.9913400743,0.9913400376,3.697760698e-08
11,0.400158072,0.52212847,1,0.0008186,0.9904051116,0.990405087,2.492271589e-08
12,0.52212847,0.9683253156,1,0,0.9902813187,0.9902813187,0
13,0.9683253156,0.9338554578,1,0,0.9901575413,0.9901575413,0
14,0.9338554578,0.9279151965,1,0,0.9900337794,0.9900337794,0
15,0.9279151965,1.084214413,1,0,0.9899100329,0.9899100329,0
16,1.084214413,0.9180464106,1,0,0.9897863018,0.9897863018,0
17,0.9180464106,1.009176939,1,0,0.9896625863,0.9896625863,0
18,1.009176939,0.8031221671,1,0,0.9895388862,0.9895388862,0
19,0.8031221671,0.6901917388,1,0,0.9894152016,0.9894152016,0
20,0.6901917388,1.033172994,1,0,0.9892915324,0.9892915324,0
21,1.033172994,1.131160932,1,0,0.9891678787,0.9891678787,0
22,1.131160932,1.135212332,1,0,0.9890442404,0.9890442404,0
23,1.135212332,0.7970545122,1,0,0.9889206176,0.9889206176,0
24,0.7970545122,1.026764679,1,0,0.9887970103,0.9887970103,0
25,1.026764679,1.076060345,1,0,0.9886734184,0.9886734184,0
26,1.076060345,1.261528156,1,0,0.9885498419,0.9885498419,0
27,1.261528156,1.117598333,1,0,0.9884262809,0.9884262809,0
28,1.117598333,1.482752698,1,0,0.9883027353,0.9883027353,0
29,1.482752698,1.601866032,1,0.0008552,0.9873344731,0.9873344756,2.595123894e-09
30,1.601866032,1.669084143,1,0.001,0.9862243463,0.9862243463,0
31,1.669084143,1.93984657,1,0.001,0.9851154678,0.9851154678,0
32,1.93984657,1.905055855,1,0.001,0.9840078361,0.9840078361,2.220446049e-16
33,1.905055855,1.602681882,1,0.001,0.9829014497,0.9829014497,0
34,1.602681882,1.588006103,1,0.001,0.9817963073,0.9817963073,1.110223025e-16
35,1.588006103,1.762204956,1,0.001,0.9806924076,0.9806924076,0
36,1.762204956,1.980178415,1,0.001,0.979589749,0.979589749,0
37,1.980178415,1.821953277,2,0.001,0.9784883302,0.9784883302,1.110223025e-16
38,1.821953277,1.720720661,1,0.001,0.9773881498,0.9773881498,1.110223025e-16
39,1.720720661,1.888080409,1,0.001,0.9762892064,0.9762892064,0
40,1.888080409,1.829612544,2,0.001,0.9751914986,0.9751914986,1.110223025e-16
41,1.829612544,1.885300868,1,0.001,0.974095025,0.974095025,1.110223025e-16
42,1.885300868,1.742167208,2,0.001,0.9729997843,0.9729997843,1.110223025e-16
43,1.742167208,1.73998047,1,0.001,0.971905775,0.971905775,0
44,1.73998047,1.343174668,1,0.0006048,0.9711967558,0.971196737,1.935186145e-08
45,1.343174668,1.172681483,1,0,0.9710753638,0.9710753638,0
46,1.172681483,1.807801368,1,0.0004846,0.9704835426,0.9704835766,3.506701574e-08
47,1.807801368,1.88651476,2,0.001,0.9693923625,0.9693923625,1.110223025e-16
48,1.88651476,1.887580722,2,0.001,0.9683024093,0.9683024093,0
49,1.887580722,1.816948227,2,0.001,0.9672136816,0.9672136816,0
50,1.816948227,1.937108934,2,0.001,0.9661261781,0.9661261781,1.110223025e-16
51,1.937108934,1.805908866,1,0.001,0.9650398973,0.9650398973,0
52,1.805908866,1.842706603,1,0.001,0.9639548378,0.9639548378,0
53,1.842706603,1.760836077,2,0.001,0.9628709984,0.9628709984,1.110223025e-16
54,1.760836077,1.540001105,1,0.001,0.9617883776,0.9617883776,0
55,1.540001105,1.981927283,1,0.001,0.9607069741,0.9607069741,0
56,1.981927283,1.956573113,2,0.001,0.9596267865,0.9596267865,2.220446049e-16
57,1.956573113,1.731675935,1,0.001,0.9585478134,0.9585478134,0
58,1.731675935,1.437493686,1,0.0007875,0.9576735133,0.9576735375,2.520187636e-08
59,1.437493686,1.502732188,1,4.19e-05,0.9575137101,0.9575136909,2.001098154e-08
60,1.502732188,1.296454632,1,1.32e-05,0.9573813476,0.9573813909,4.520121188e-08
61,1.296454632,1.199457219,1,0,0.9572616824,0.9572616824,0
62,1.199457219,1.544490262,1,0.0001289,0.9570186215,0.9570186645,4.493214034e-08
63,1.544490262,1.805082642,1,0.001,0.9559425809,0.9559425809,0
64,1.805082642,1.547160594,1,0.001,0.9548677502,0.9548677502,2.220446049e-16
65,1.547160594,1.3481744,1,0.000237,0.9545221465,0.9545221507,4.3534788e-09
66,1.3481744,1.665984077,1,0.0005223,0.953904508,0.9539044843,2.491093287e-08
67,1.665984077,1.548107782,1,0.001,0.9528319689,0.9528319689,0
68,1.548107782,1.65359176,1,0.001,0.9517606356,0.9517606356,2.220446049e-16
69,1.65359176,1.408857457,1,0.0006276,0.9510446236,0.9510446101,1.425414409e-08
70,1.408857457,1.697417136,1,0.0006841,0.9502754003,0.9502754446,4.664498232e-08
71,1.697417136,1.793504325,1,0.001,0.9492069416,0.9492069416,0
72,1.793504325,1.642948653,1,0.001,0.9481396842,0.9481396842,0
73,1.642948653,1.168376173,1,0.0003012,0.9477356584,0.9477356732,1.564027408e-08
74,1.168376173,0.8964869536,1,0,0.9476171988,0.9476171988,0
75,0.8964869536,1.099019204,1,0,0.9474987541,0.9474987541,0
76,1.099019204,1.022628891,1,0,0.9473803241,0.9473803241,0
77,1.022628891,1.295722545,1,0,0.947261909,0.947261909,0
78,1.295722545,1.07075374,1,0,0.9471435087,0.9471435087,0
79,1.07075374,1.423423839,1,0,0.9470251231,0.9470251231,0
80,1.423423839,1.656916843,1,0.000672,0.9462706061,0.9462706448,4.08760219e-08
81,1.656916843,1.378880244,1,0.0005644,0.9456184958,0.945618472,2.522391696e-08
82,1.378880244,1.219849011,1,0,0.9455003009,0.9455003009,0
83,1.219849011,1.277573445,1,0,0.9453821207,0.9453821207,0
84,1.277573445,0.9366128589,1,0,0.9452639554,0.9452639554,0
85,0.9366128589,0.9429812092,1,0,0.9451458048,0.9451458048,0
86,0.9429812092,0.6624389152,1,0,0.9450276689,0.9450276689,0
87,0.6624389152,0.3065041234,1,0.0005436,0.9443960088,0.9443960346,2.731898929e-08
88,0.3065041234,0.4686540115,1,0.001,0.9433341607,0.9433341607,0
89,0.4686540115,0.3195031551,1,0.001,0.9422735065,0.9422735065,0
90,0.3195031551,0.5780122282,1,0.0006982,0.941498125,0.9414981461,2.247524122e-08
91,0.5780122282,0.9005583962,1,0,0.941380445,0.941380445,0
92,0.9005583962,1.214542141,1,0,0.9412627798,0.9412627798,0
93,1.214542141,0.7958597791,1,0,0.9411451294,0.9411451294,0
94,0.7958597791,0.4181936999,1,0.0002166,0.9408236795,0.9408236891,1.013415019e-08
95,0.4181936999,0.3638136514,1,0.001,0.9397658481,0.9397658481,0
96,0.3638136514,0.2836202263,1,0.001,0.9387092059,0.9387092059,1.110223025e-16
97,0.2836202263,0.07978653486,1,0.001,0.9376537519,0.9376537519,0
98,0.07978653486,0.3826358741,2,0.001,0.9365994846,0.9365994846,2.220446049e-16
99,0.3826358741,0.2409455174,1,0.001,0.9355464026,0.9355464026,0
100,0.2409455174,0.006592038466,1,0.001,0.9344945047,0.9344945047,0
101,0.006592038466,0.227668011,1,0.001,0.9334437895,0.9334437895,0
102,0.227668011,0.2368427337,1,0.001,0.9323942557,0.9323942557,0
103,0.2368427337,0.3602472386,1,0.001,0.931345902,0.931345902,2.220446049e-16
104,0.3602472386,0.4732463483,1,0.001,0.930298727,0.930298727,2.220446049e-16
105,0.4732463483,0.0765210948,1,0.001,0.9292527294,0.9292527294,2.220446049e-16
106,0.0765210948,0.2035211565,1,0.001,0.9282079079,0.9282079079,0
107,0.2035211565,0.1195805453,1,0.001,0.9271642612,0.9271642612,2.220446049e-16
108,0.1195805453,0.2653464487,1,0.001,0.9261217879,0.9261217879,0
109,0.2653464487,0.6816902472,1,0.0005636,0.9254842751,0.92548428,5.251599711e-09
110,0.6816902472,0.03660078972,1,0.0007183,0.9247040981,0.9247041432,4.875758219e-08
111,0.03660078972,0.04637400289,1,0.001,0.9236643909,0.9236643909,0
112,0.04637400289,0.2206744713,1,0.001,0.9226258528,0.9226258528,2.220446049e-16
113,0.2206744713,0.08479226031,1,0.001,0.9215884823,0.9215884823,0
114,0.08479226031,0.1298713003,1,0.001,0.9205522783,0.9205522783,1.110223025e-16
115,0.1298713003,0.09223508573,1,0.001,0.9195172393,0.9195172393,0
116,0.09223508573,0.2668749783,2,0.001,0.918483364,0.918483364,0
117,0.2668749783,0.2515183817,2,0.001,0.9174506513,0.9174506513,1.110223025e-16
118,0.2515183817,0.3302633719,2,0.001,0.9164190996,0.9164190996,2.220446049e-16
119,0.3302633719,0.4289327188,1,0.001,0.9153887079,0.9153887079,0
120,0.4289327188,0.6363428373,1,0.0003426,0.9149607343,0.9149607722,4.13411757e-08
121,0.6363428373,0.6381131744,1,0,0.9148463714,0.9148463714,0
122,0.6381131744,0.3887196844,1,0.0004462,0.9143239569,0.9143239604,3.770688983e-09
123,0.3887196844,0.1140613044,1,0.001,0.9132959208,0.9132959208,0
124,0.1140613044,0.1058746685,1,0.001,0.9122690407,0.9122690407,0
125,0.1058746685,0.2321410489,1,0.001,0.9112433151,0.9112433151,0
126,0.2321410489,0.3668024167,1,0.001,0.9102187428,0.9102187428,0
127,0.3668024167,0.9964023824,1,0.0002116,0.9099124519,0.9099124147,4.0929798e-08
128,0.9964023824,1.284613458,1,0,0.90979872,0.90979872,0
129,1.284613458,1.367982049,1,0,0.9096850023,0.9096850023,0
130,1.367982049,1.667463757,1,0.0005592,0.9090628281,0.9090628087,2.141663158e-08
131,1.667463757,1.654226044,1,0.001,0.9080407075,0.9080407075,2.220446049e-16
132,1.654226044,1.694173007,1,0.001,0.9070197361,0.9070197361,0
133,1.694173007,1.772473055,1,0.001,0.9059999127,0.9059999127,0
134,1.772473055,1.595343615,1,0.001,0.9049812359,0.9049812359,0
135,1.595343615,1.800930489,1,0.001,0.9039637044,0.9039637044,0
136,1.800930489,1.85260825,1,0.001,0.9029473171,0.9029473171,0
137,1.85260825,1.599369177,1,0.001,0.9019320726,0.9019320726,2.220446049e-16
138,1.599369177,1.187155308,1,0.0002411,0.9016019698,0.9016019357,3.781257663e-08
139,1.187155308,1.542046649,1,0.0001185,0.9013824767,0.9013824564,2.247118935e-08
140,1.542046649,1.299652618,1,0.0001735,0.9011134865,0.9011134541,3.59556267e-08
141,1.299652618,1.255768298,1,0,0.9010008544,0.9010008544,0
142,1.255768298,1.244346584,1,0,0.9008882363,0.9008882363,0
143,1.244346584,1.067991553,1,0,0.9007756323,0.9007756323,0
144,1.067991553,0.9153263489,1,0,0.9006630424,0.9006630424,0
145,0.9153263489,1.026973695,1,0,0.9005504666,0.9005504666,0
146,1.026973695,1.19042017,1,0,0.9004379048,0.9004379048,0
147,1.19042017,1.282023192,1,0,0.9003253571,0.9003253571,0
148,1.282023192,1.147150852,1,0,0.9002128235,0.9002128235,0
149,1.147150852,1.184362233,1,0,0.9001003039,0.9001003039,0
150,1.184362233,1.191716676,1,0,0.8999877984,0.8999877984,0
151,1.191716676,1.437401994,1,0,0.8998753069,0.8998753069,0
152,1.437401994,1.419231436,1,0,0.8997628296,0.8997628296,0
153,1.419231436,1.484814655,1,0,0.8996503662,0.8996503662,0
154,1.484814655,1.597479601,1,0.0008652,0.8987599583,0.8987599733,1.677514161e-08
155,1.597479601,1.454000587,1,0.0006794,0.8980372867,0.8980372865,2.841005209e-10
156,1.454000587,1.382954438,1,0,0.8979250391,0.8979250391,0
157,1.382954438,1.221206489,1,0,0.8978128054,0.8978128054,0
158,1.221206489,1.559695196,1,0.0001764,0.8975422831,0.8975422454,4.198580439e-08
159,1.559695196,1.705596546,1,0.001,0.8965331158,0.8965331158,0
160,1.705596546,1.959750006,1,0.001,0.8955250832,0.8955250832,0
161,1.959750006,1.750023276,1,0.001,0.894518184,0.894518184,0
162,1.750023276,1.991842192,2,0.001,0.8935124169,0.8935124169,2.220446049e-16
163,1.991842192,1.759450905,2,0.001,0.8925077806,0.8925077806,1.110223025e-16
164,1.759450905,1.217376524,1,0.0004786,0.8919692022,0.8919692255,2.602327809e-08
165,1.217376524,0.8519448295,1,0,0.8918577131,0.8918577131,0
166,0.8519448295,0.927120888,1,0,0.8917462378,0.8917462378,0
167,0.927120888,0.5326593104,1,0,0.8916347765,0.8916347765,0
168,0.5326593104,0.2316053254,1,0.0008915,0.8907288753,0.8907288902,1.676445793e-08
169,0.2316053254,0.04999696783,1,0.001,0.8897273688,0.8897273688,0
170,0.04999696783,0.2067968642,2,0.001,0.8887269883,0.8887269883,0
171,0.2067968642,0.1658119919,1,0.001,0.8877277326,0.8877277326,2.220446049e-16
172,0.1658119919,0.1568947513,1,0.001,0.8867296005,0.8867296005,0
173,0.1568947513,0.3718441054,1,0.001,0.8857325906,0.8857325906,0
174,0.3718441054,0.4662937278,1,0.001,0.8847367017,0.8847367017,0
175,0.4662937278,0.6621654671,1,0.0001721,0.8844739002,0.8844738855,1.661366245e-08
176,0.6621654671,1.016673429,1,0,0.8843633479,0.8843633479,0
177,1.016673429,0.9391285124,1,0,0.8842528094,0.8842528094,0
178,0.9391285124,0.4759636275,1,5.19e-05,0.8840964025,0.8840963989,4.06979872e-09
179,0.4759636275,0.6135408334,1,0.0001747,0.883831468,0.8838314785,1.188172871e-08
180,0.6135408334,0.4969158074,1,2.64e-05,0.8836976259,0.883697666,4.537546727e-08
181,0.4969158074,0.4225230832,1,0.001,0.8827040251,0.8827040251,0
182,0.4225230832,0.231548825,1,0.001,0.8817115415,0.8817115415,0
183,0.231548825,0.2870004875,1,0.001,0.8807201737,0.8807201737,0
184,0.2870004875,0.1834730068,1,0.001,0.8797299206,0.8797299206,0
185,0.1834730068,0.01522557114,1,0.001,0.878740781,0.878740781,0
186,0.01522557114,0.2169508639,1,0.001,0.8777527535,0.8777527535,0
187,0.2169508639,0.3316517714,1,0.001,0.8767658369,0.8767658369,2.220446049e-16
188,0.3316517714,0.03803309647,1,0.001,0.8757800299,0.8757800299,0
189,0.03803309647,0.2452961604,2,0.001,0.8747953314,0.8747953314,0
190,0.2452961604,0.6033470835,1,0.0007114,0.8740639916,0.8740639585,3.794738834e-08
191,0.6033470835,0.8245727658,1,0,0.8739547405,0.8739547405,0
192,0.8245727658,1.316579853,1,0,0.873845503,0.873845503,0
193,1.316579853,1.191313076,1,0,0.8737362791,0.8737362791,0
194,1.191313076,1.246569159,1,0,0.8736270689,0.8736270689,0
195,1.246569159,1.351388708,1,0,0.8735178723,0.8735178723,0
196,1.351388708,1.117047706,1,0,0.8734086894,0.8734086894,0
197,1.117047706,1.403790506,1,0,0.8732995202,0.8732995202,0
198,1.403790506,1.556163662,1,0.0003686,0.8728685721,0.8728685659,7.110712685e-09
199,1.556163662,1.976928805,2,0.001,0.8718871471,0.8718871471,0
200,1.976928805,1.896932893,1,0.001,0.8709068256,0.8709068256,0
201,1.896932893,1.905499041,1,0.001,0.8699276063,0.8699276063,0
202,1.905499041,1.578459552,1,0.001,0.8689494881,0.8689494881,2.220446049e-16
203,1.578459552,1.686165454,1,0.001,0.8679724696,0.8679724696,0
204,1.686165454,1.269512311,1,0.0004468,0.8674762947,0.8674763048,1.159153984e-08
205,1.269512311,1.0819967,1,0,0.867367867,0.867367867,0
206,1.0819967,1.140351482,1,0,0.8672594528,0.8672594528,0
207,1.140351482,1.231184992,1,0,0.8671510521,0.8671510521,0
208,1.231184992,1.762900158,1,0.0004944,0.8666140722,0.866614105,3.795267445e-08
209,1.762900158,1.389390121,1,0.0007039,0.8658960648,0.8658960334,3.629587564e-08
210,1.389390121,0.9715193607,1,0,0.8657878346,0.8657878346,0
211,0.9715193607,1.000963349,1,0,0.8656796179,0.8656796179,0
212,1.000963349,1.121656946,1,0,0.8655714147,0.8655714147,0
213,1.121656946,0.9651480296,1,0,0.865463225,0.865463225,0
214,0.9651480296,1.011059557,1,0,0.8653550489,0.8653550489,0
215,1.011059557,0.972735954,1,0,0.8652468862,0.8652468862,0
216,0.972735954,1.24344108,1,0,0.8651387371,0.8651387371,0
217,1.24344108,1.115150047,1,0,0.8650306016,0.8650306016,0
218,1.115150047,1.318072478,1,0,0.8649224795,0.8649224795,0
219,1.318072478,1.164962745,1,0,0.8648143709,0.8648143709,0
220,1.164962745,1.4379829,1,0,0.8647062759,0.8647062759,0
221,1.4379829,1.80226674,1,0.0008298,0.8638810863,0.8638810484,4.389669517e-08
222,1.80226674,1.913488326,1,0.001,0.8629097665,0.8629097665,1.110223025e-16
223,1.913488326,1.923235329,1,0.001,0.8619395389,0.8619395389,1.110223025e-16
224,1.923235329,1.913153171,2,0.001,0.8609704022,0.8609704022,1.110223025e-16
225,1.913153171,1.474508803,1,0.0009419,0.8600523344,0.8600523227,1.358519519e-08
226,1.474508803,1.894162348,1,0.0009393,0.8591375049,0.8591374676,4.343261883e-08
227,1.894162348,1.728308956,1,0.001,0.8581715187,0.8581715187,0
228,1.728308956,1.812898633,1,0.001,0.8572066186,0.8572066186,1.110223025e-16
229,1.812898633,1.60167855,1,0.001,0.8562428034,0.8562428034,0
230,1.60167855,1.478201306,1,0.0008235,0.8554310765,0.8554310421,4.017453614e-08
231,1.478201306,1.47650268,1,0,0.8553241543,0.8553241543,0
232,1.47650268,1.521324413,1,0.0004758,0.8548104636,0.8548104299,3.943781457e-08
233,1.521324413,1.207695353,1,6.8e-05,0.8546455075,0.8546455011,7.533898172e-09
234,1.207695353,1.115182861,1,0,0.8545386835,0.8545386835,0
235,1.115182861,0.8879204926,1,0,0.8544318729,0.8544318729,0
236,0.8879204926,0.8637837312,1,0,0.8543250755,0.8543250755,0
237,0.8637837312,0.7050550521,1,0,0.8542182916,0.8542182916,0
238,0.7050550521,0.4705312688,1,0.0001257,0.8540042056,0.8540041659,4.651276075e-08
239,0.4705312688,0.295783645,1,0.001,0.8530439911,0.8530439911,0
240,0.295783645,0.1412694216,2,0.001,0.8520848562,0.8520848562,0
241,0.1412694216,0.1880823555,1,0.001,0.8511267998,0.8511267998,0
242,0.1880823555,0.01724107156,1,0.001,0.8501698205,0.8501698205,2.220446049e-16
243,0.01724107156,0.2084232779,1,0.001,0.8492139173,0.8492139173,1.110223025e-16
244,0.2084232779,0.5319403459,1,0.0009013,0.8483428403,0.8483428161,2.847220149e-08
245,0.5319403459,0.3504380568,1,0.000824,0.8475381259,0.8475381448,2.235244767e-08
246,0.3504380568,0.07040088609,1,0.001,0.8465851816,0.8465851816,0
247,0.07040088609,0.0310024491,1,0.001,0.8456333088,0.8456333088,0
248,0.0310024491,0.4340657971,2,0.001,0.8446825063,0.8446825063,2.220446049e-16
249,0.4340657971,0.2189079954,1,0.001,0.8437327728,0.8437327728,2.220446049e-16
250,0.2189079954,0.1739733278,1,0.001,0.8427841071,0.8427841071,0
251,0.1739733278,0.3456678844,1,0.001,0.8418365081,0.8418365081,0
252,0.3456678844,0.351278766,1,0.001,0.8408899746,0.8408899746,0
253,0.351278766,0.4243391376,1,0.001,0.8399445053,0.8399445053,0
254,0.4243391376,1.004833319,1,0.0001303,0.8397300623,0.8397300948,3.87093394e-08
255,1.004833319,0.8245007329,1,0,0.8396251026,0.8396251026,0
256,0.8245007329,0.7427877472,1,0,0.839520156,0.839520156,0
257,0.7427877472,0.9496756917,1,0,0.8394152226,0.8394152226,0
258,0.9496756917,0.7552753826,1,0,0.8393103022,0.8393103022,0
259,0.7552753826,0.9450034062,1,0,0.839205395,0.839205395,0
260,0.9450034062,1.395317567,1,0,0.8391005009,0.8391005009,0
261,1.395317567,0.9259208668,1,0,0.8389956199,0.8389956199,0
262,0.9259208668,1.111206134,1,0,0.838890752,0.838890752,0
263,1.111206134,1.310611079,1,0,0.8387858972,0.8387858972,0
264,1.310611079,1.516515301,1,8.02e-05,0.8386137887,0.838613796,8.655891337e-09
265,1.516515301,1.862728934,1,0.001,0.8376708787,0.8376708787,0
266,1.862728934,1.907137979,2,0.001,0.8367290288,0.8367290288,0
267,1.907137979,1.620794514,1,0.001,0.835788238,0.835788238,1.110223025e-16
268,1.620794514,1.339481533,1,0.0004294,0.8353250092,0.8353250054,4.551448995e-09
269,1.339481533,0.8936799285,1,0,0.8352206001,0.8352206001,0
270,0.8936799285,1.03259941,1,0,0.8351162041,0.8351162041,0
271,1.03259941,1.361428733,1,0,0.8350118211,0.8350118211,0
272,1.361428733,1.294935202,1,0,0.8349074511,0.8349074511,0
273,1.294935202,0.9521617538,1,0,0.8348030942,0.8348030942,0
274,0.9521617538,0.826956814,1,0,0.8346987503,0.8346987503,0
275,0.826956814,1.107077752,1,0,0.8345944195,0.8345944195,0
276,1.107077752,0.9832642661,1,0,0.8344901017,0.8344901017,0
277,0.9832642661,1.136020843,1,0,0.834385797,0.834385797,0
278,1.136020843,1.247007965,1,0,0.8342815053,0.8342815053,0
279,1.247007965,1.467837858,1,0,0.8341772266,0.8341772266,0
280,1.467837858,1.549441178,1,0.0006059,0.8335677725,0.8335677492,2.786655373e-08
281,1.549441178,1.694054528,1,0.001,0.832630536,0.832630536,0
282,1.694054528,1.929648427,2,0.001,0.8316943534,0.8316943534,0
283,1.929648427,1.529816995,1,0.001,0.8307592233,0.8307592233,0
284,1.529816995,1.564474475,1,0.001,0.8298251447,0.8298251447,0
285,1.564474475,1.56402005,1,0.001,0.8288921163,0.8288921163,2.220446049e-16
286,1.56402005,1.352217283,1,0.0003023,0.8285380374,0.8285380064,3.742446264e-08
287,1.352217283,1.151843948,1,0,0.8284344766,0.8284344766,0
288,1.151843948,1.373687967,1,0,0.8283309288,0.8283309288,0
289,1.373687967,1.378964514,1,0,0.8282273939,0.8282273939,0
290,1.378964514,1.076477901,1,0,0.8281238719,0.8281238719,0
291,1.076477901,1.051905943,1,0,0.8280203629,0.8280203629,0
292,1.051905943,0.6704531147,1,0,0.8279168669,0.8279168669,0
293,0.6704531147,0.5944737427,1,0,0.8278133837,0.8278133837,0
294,0.5944737427,0.3416265947,1,0.0006264,0.8271916312,0.8271915984,3.974017426e-08
295,0.3416265947,0.4485581857,1,0.001,0.8262615639,0.8262615639,0
296,0.4485581857,0.3985824002,1,0.001,0.8253325423,0.8253325423,2.220446049e-16
297,0.3985824002,0.3961610598,1,0.001,0.8244045653,0.8244045653,1.110223025e-16
298,0.3961610598,0.0384423894,1,0.001,0.8234776317,0.8234776317,0
299,0.0384423894,0.4554731467,1,0.001,0.8225517402,0.8225517402,0
300,0.4554731467,0.7013114424,1,0.0001811,0.8222999772,0.8222999957,2.252670905e-08
301,0.7013114424,0.41336358,1,0.0003009,0.8219498544,0.8219498342,2.462888093e-08
302,0.41336358,0.6747180995,1,0.0003315,0.8215747281,0.8215747199,9.960622993e-09
303,0.6747180995,0.3403780725,1,0.0004774,0.8210799409,0.8210799605,2.392360499e-08
304,0.3403780725,0.2924841852,1,0.001,0.8201567454,0.8201567454,0
305,0.2924841852,0.2930094413,1,0.001,0.8192345878,0.8192345878,0
306,0.2930094413,0.103017878,1,0.001,0.8183134672,0.8183134672,0
307,0.103017878,0.1753939937,1,0.001,0.8173933821,0.8173933821,0
308,0.1753939937,0.0693575875,2,0.001,0.8164743317,0.8164743317,1.110223025e-16
309,0.0693575875,0.2333619471,1,0.001,0.8155563145,0.8155563145,0
310,0.2333619471,0.2664931229,1,0.001,0.8146393296,0.8146393296,0
311,0.2664931229,0.2364014336,1,0.001,0.8137233756,0.8137233756,0
312,0.2364014336,0.3819730128,1,0.001,0.8128084516,0.8128084516,0
313,0.3819730128,0.2912789442,1,0.001,0.8118945562,0.8118945562,1.110223025e-16
314,0.2912789442,0.5022261852,2,0.0009972151469,0.8109839637,0.8109839469,2.06551749e-08
315,0.5022261852,0.7940032873,1,0,0.810882597,0.810882597,0
316,0.7940032873,0.715875751,1,0,0.810781243,0.810781243,0
317,0.715875751,0.5278361653,1,0,0.8106799017,0.8106799017,0
318,0.5278361653,0.4622242976,1,0.0005757,0.8101120208,0.8101120572,4.496352413e-08
319,0.4622242976,0.4846313329,1,0.001,0.8092011573,0.8092011573,1.110223025e-16
320,0.4846313329,0.05860390354,1,0.001,0.8082913178,0.8082913178,0
321,0.05860390354,0.1819875416,2,0.001,0.8073825014,0.8073825014,0
322,0.1819875416,0.3689308014,1,0.001,0.8064747068,0.8064747068,0
323,0.3689308014,0.5403751076,1,0.0007645,0.8057576664,0.8057576665,1.54463331e-10
324,0.5403751076,0.5827190775,1,0,0.805656953,0.805656953,0
325,0.5827190775,0.7337353279,1,0,0.8055562522,0.8055562522,0
326,0.7337353279,0.253012963,1,0.0005138,0.8050418407,0.8050418272,1.687888562e-08
327,0.253012963,0.6801755986,1,0.0005782,0.8044759313,0.8044759343,3.74823228e-09
328,0.6801755986,0.1074758184,2,0.0007712458682,0.8037552431,0.8037552461,3.704017093e-09
329,0.1074758184,0.1438567559,1,0.001,0.8028515269,0.8028515269,0
330,0.1438567559,0.3411273674,1,0.001,0.8019488268,0.8019488268,1.110223025e-16
331,0.3411273674,0.1910379939,1,0.001,0.8010471416,0.8010471416,1.110223025e-16
332,0.1910379939,0.6322951474,1,0.0007002,0.8003864015,0.8003863902,1.417043571e-08
333,0.6322951474,0.7858042426,1,0,0.8002863595,0.8002863595,0
334,0.7858042426,0.5672041631,1,0,0.80018633,0.80018633,0
335,0.5672041631,0.15740444,1,0.000836,0.7994177144,0.7994177203,7.299847726e-09
336,0.15740444,0.156363473,1,0.001,0.7985188752,0.7985188752,0
337,0.156363473,0.05459409696,1,0.001,0.7976210466,0.7976210466,0
338,0.05459409696,0.2051777431,1,0.001,0.7967242275,0.7967242275,0
339,0.2051777431,0.2036738309,1,0.001,0.7958284167,0.7958284167,0
340,0.2036738309,0.2919065192,2,0.001,0.7949336131,0.7949336131,3.330669074e-16
341,0.2919065192,0.1559320976,1,0.001,0.7940398157,0.7940398157,0
342,0.1559320976,0.5046954698,1,0.0009865,0.7931577016,0.7931577307,3.68034857e-08
343,0.5046954698,0.3070215311,1,0.0009762,0.7922847203,0.792284757,4.638913853e-08
344,0.3070215311,0.6061603171,1,0.0006451,0.791674806,0.7916748167,1.349885392e-08
345,0.6061603171,0.9245758942,1,0,0.7915758528,0.7915758528,0
346,0.9245758942,0.630000491,1,0,0.791476912,0.791476912,0
347,0.630000491,0.7386213315,1,0,0.7913779836,0.7913779836,0
348,0.7386213315,0.9428208958,1,0,0.7912790675,0.7912790675,0
349,0.9428208958,0.754817664,1,0,0.7911801638,0.7911801638,0
350,0.754817664,0.6188277218,1,0,0.7910812725,0.7910812725,0
351,0.6188277218,0.84694558,1,0,0.7909823935,0.7909823935,0
352,0.84694558,0.9000305389,1,0,0.7908835269,0.7908835269,0
353,0.9000305389,0.8409787511,1,0,0.7907846726,0.7907846726,0
354,0.8409787511,0.57712153,1,0,0.7906858307,0.7906858307,0
355,0.57712153,0.9292021567,1,0,0.7905870012,0.7905870012,0
356,0.9292021567,0.7707382995,1,0,0.790488184,0.790488184,0
357,0.7707382995,1.056958664,1,0,0.7903893791,0.7903893791,0
358,1.056958664,0.9192516139,1,0,0.7902905866,0.7902905866,0
359,0.9192516139,0.8159267608,1,0,0.7901918065,0.7901918065,0
360,0.8159267608,0.864150146,1,0,0.7900930387,0.7900930387,0
361,0.864150146,0.547282053,1,0,0.7899942832,0.7899942832,0
362,0.547282053,0.5674336948,1,0,0.7898955401,0.7898955401,0
363,0.5674336948,0.5924170127,1,0,0.7897968093,0.7897968093,0
364,0.5924170127,0.3692740271,1,0.0005858,0.7892355901,0.7892356212,3.94899865e-08
365,0.3692740271,0.2596562379,1,0.001,0.7883481993,0.7883481993,0
366,0.2596562379,0.2455996331,1,0.001,0.7874618062,0.7874618062,1.110223025e-16
367,0.2455996331,0.1549231122,1,0.001,0.7865764098,0.7865764098,0
368,0.1549231122,0.2798258472,2,0.001,0.7856920089,0.7856920089,0
369,0.2798258472,0.161331892,2,0.001,0.7848086024,0.7848086024,0
370,0.161331892,0.02047048332,2,0.001,0.7839261892,0.7839261892,3.330669074e-16
371,0.02047048332,0.4701126054,1,0.001,0.7830447681,0.7830447681,1.110223025e-16
372,0.4701126054,0.3905941059,1,0.001,0.7821643381,0.7821643381,0
373,0.3905941059,0.8817536348,1,0.0002228,0.7818923876,0.7818923487,4.977807344e-08
374,0.8817536348,1.69587085,1,0.0002406,0.7816065855,0.78160658,7.065351193e-09
375,1.69587085,1.859887694,2,0.001,0.7807277725,0.7807277725,0
376,1.859887694,1.922759272,1,0.001,0.7798499476,0.7798499476,0
377,1.922759272,1.937294716,1,0.001,0.7789731098,0.7789731098,0
378,1.937294716,1.999951658,2,0.001,0.7780972578,0.7780972578,1.110223025e-16
379,1.999951658,1.673368826,1,0.001,0.7772223906,0.7772223906,0
380,1.673368826,1.764936462,1,0.001,0.776348507,0.776348507,0
381,1.764936462,1.925764974,1,0.001,0.7754756061,0.7754756061,0
382,1.925764974,1.713768193,2,0.001,0.7746036865,0.7746036865,0
383,1.713768193,1.311611158,1,0.0005316,0.7740952843,0.7740952487,4.596905789e-08
384,1.311611158,0.9765860101,1,0,0.7739985284,0.7739985284,0
385,0.9765860101,1.280647018,1,0,0.7739017847,0.7739017847,0
386,1.280647018,0.6180837402,1,0,0.773805053,0.773805053,0
387,0.6180837402,0.7897263375,1,0,0.7737083334,0.7737083334,0
388,0.7897263375,0.7613160836,1,0,0.7736116259,0.7736116259,0
389,0.7613160836,0.6231088996,1,0,0.7735149305,0.7735149305,0
390,0.6231088996,0.6880384374,1,0,0.7734182472,0.7734182472,0
391,0.6880384374,0.8311497077,1,0,0.7733215759,0.7733215759,0
392,0.8311497077,0.7400940412,1,0,0.7732249168,0.7732249168,0
393,0.7400940412,0.5831309562,1,0,0.7731282697,0.7731282697,0
394,0.5831309562,0.4758969782,1,0.0002248,0.7728578996,0.7728578767,2.96218885e-08
395,0.4758969782,0.5202822589,1,0.000543,0.7723417714,0.7723418029,4.087743743e-08
396,0.5202822589,0.5030681728,1,0,0.7722452347,0.7722452347,0
397,0.5030681728,0.7081406237,1,0,0.77214871,0.77214871,0
398,0.7081406237,0.6744863551,1,0,0.7720521975,0.7720521975,0
399,0.6744863551,0.8159207889,1,0,0.771955697,0.771955697,0
400,0.8159207889,0.6693440699,1,0,0.7718592086,0.7718592086,0
401,0.6693440699,0.5733043958,1,0,0.7717627322,0.7717627322,0
402,0.5733043958,0.7440439802,1,0,0.7716662679,0.7716662679,0
403,0.7440439802,1.129477463,1,0,0.7715698156,0.7715698156,0
404,1.129477463,0.8600040643,1,0,0.7714733754,0.7714733754,0
405,0.8600040643,0.9169626759,1,0,0.7713769473,0.7713769473,0
406,0.9169626759,1.212320433,1,0,0.7712805312,0.7712805312,0
407,1.212320433,1.026227153,1,0,0.7711841271,0.7711841271,0
408,1.026227153,0.6652144202,1,0,0.7710877352,0.7710877352,0
409,0.6652144202,0.5184013748,1,0,0.7709913552,0.7709913552,0
410,0.5184013748,0.137945464,1,0.0009516,0.7701617269,0.7701617526,3.335812815e-08
411,0.137945464,0.5600186224,1,0.0008578,0.7694051834,0.7694051838,4.282939559e-10
412,0.5600186224,0.559627932,1,0,0.7693090138,0.7693090138,0
413,0.559627932,0.3704908212,1,0.0006847,0.768686328,0.7686863564,3.700507756e-08
414,0.3704908212,0.3048929967,1,0.001,0.7678220421,0.7678220421,0
415,0.3048929967,0.3876432504,1,0.001,0.766958728,0.766958728,0
416,0.3876432504,0.9592413256,1,0.0001966,0.7667121398,0.7667121137,3.399589943e-08
417,0.9592413256,0.7792792231,1,0,0.7666163068,0.7666163068,0
418,0.7792792231,0.7852118406,1,0,0.7665204857,0.7665204857,0
419,0.7852118406,0.760217025,1,0,0.7664246766,0.7664246766,0
420,0.760217025,0.9052703777,1,0,0.7663288796,0.7663288796,0
421,0.9052703777,0.528812375,1,0,0.7662330944,0.7662330944,0
422,0.528812375,0.5741675546,1,0,0.7661373213,0.7661373213,0
423,0.5741675546,0.7386548876,1,0,0.7660415601,0.7660415601,0
424,0.7386548876,0.7653508844,1,0,0.7659458109,0.7659458109,0
425,0.7653508844,0.5341490495,1,0,0.7658500736,0.7658500736,0
426,0.5341490495,0.4127659376,1,0.0007187,0.7652042235,0.7652041984,3.278972494e-08
427,0.4127659376,0.1048474888,2,0.001,0.7643438528,0.7643438528,2.220446049e-16
428,0.1048474888,0.2891493448,1,0.001,0.7634844495,0.7634844495,0
429,0.2891493448,0.3895354831,1,0.001,0.7626260125,0.7626260125,0
430,0.3895354831,0.3385311412,1,0.001,0.7617685406,0.7617685406,0
431,0.3385311412,0.2306523131,1,0.001,0.7609120329,0.7609120329,1.110223025e-16
432,0.2306523131,0.3352139688,1,0.001,0.7600564882,0.7600564882,0
433,0.3352139688,0.1793679529,2,0.001,0.7592019054,0.7592019054,0
434,0.1793679529,0.3410226478,1,0.001,0.7583482835,0.7583482835,0
435,0.3410226478,0.8291507914,1,0.0003257,0.7580065823,0.758006573,1.225940749e-08
436,0.8291507914,1.0184107,1,0,0.7579118374,0.7579118374,0
437,1.0184107,1.250765349,1,0,0.7578171043,0.7578171043,0
438,1.250765349,0.9678711248,1,0,0.7577223831,0.7577223831,0
439,0.9678711248,0.9856766488,1,0,0.7576276737,0.7576276737,0
440,0.9856766488,1.185092069,1,0,0.7575329762,0.7575329762,0
441,1.185092069,1.23476395,1,0,0.7574382905,0.7574382905,0
442,1.23476395,1.221388381,1,0,0.7573436166,0.7573436166,0
443,1.221388381,1.258703837,1,0,0.7572489546,0.7572489546,0
444,1.258703837,1.110629448,1,0,0.7571543043,0.7571543043,0
445,1.110629448,0.8027936102,1,0,0.757059666,0.757059666,0
446,0.8027936102,0.6100536215,1,0,0.7569650394,0.7569650394,0
447,0.6100536215,0.5529705892,1,0,0.7568704247,0.7568704247,0
448,0.5529705892,0.6791982736,1,0,0.7567758218,0.7567758218,0
449,0.6791982736,0.3256646345,1,0.0004931,0.7563081863,0.7563082032,2.24253125e-08
450,0.3256646345,0.5199251074,1,0.0008974,0.7555353085,0.7555353319,3.097458834e-08
451,0.5199251074,0.3240182863,1,0.0008983,0.75476257,0.7547625647,7.062932905e-09
452,0.3240182863,0.8443481474,1,0.0003382,0.754413036,0.7544130449,1.182843523e-08
453,0.8443481474,1.133039664,1,0,0.7543187403,0.7543187403,0
454,1.133039664,1.221526521,1,0,0.7542244563,0.7542244563,0
455,1.221526521,1.694267443,1,0.0004109,0.7538203467,0.7538203757,3.849558605e-08
456,1.694267443,1.775280084,1,0.001,0.7529727757,0.7529727757,0
457,1.775280084,1.831928235,1,0.001,0.7521261576,0.7521261576,1.110223025e-16
458,1.831928235,1.712797189,1,0.001,0.7512804915,0.7512804915,0
459,1.712797189,1.502948163,1,0.001,0.7504357761,0.7504357761,0
460,1.502948163,1.136350972,1,8e-06,0.7503359433,0.7503359748,4.196739467e-08
461,1.136350972,1.395992551,1,0,0.7502421572,0.7502421572,0
462,1.395992551,1.460664011,1,0,0.7501483828,0.7501483828,0
463,1.460664011,1.510982647,1,0.0002183,0.7498909295,0.7498909011,3.797966297e-08
464,1.510982647,1.429046079,1,0.000134,0.7496967041,0.7496967329,3.840823459e-08
465,1.429046079,1.163386069,1,0,0.7496029979,0.7496029979,0
466,1.163386069,1.212251012,1,0,0.7495093034,0.7495093034,0
467,1.212251012,1.539132582,1,0.0001197,0.7493259098,0.7493259209,1.486122614e-08
468,1.539132582,1.51903126,1,0.001,0.7484833921,0.7484833921,0
469,1.51903126,1.249707149,1,7.07e-05,0.7483369559,0.7483369283,3.696070627e-08
470,1.249707149,1.323545278,1,0,0.7482434196,0.7482434196,0
471,1.323545278,1.334614087,1,0,0.7481498951,0.7481498951,0
472,1.334614087,1.709708198,1,0.0005591,0.7476382745,0.7476382607,1.844795983e-08
473,1.709708198,1.901218296,1,0.001,0.7467976544,0.7467976544,0
474,1.901218296,1.378172291,1,0.0007671,0.746131748,0.7461317333,1.968158658e-08
475,1.378172291,1.90287397,2,0.000830564831,0.7454191234,0.7454191113,1.621899881e-08
476,1.90287397,1.718055633,1,0.001,0.7445809984,0.7445809984,0
477,1.718055633,1.778347078,1,0.001,0.7437438158,0.7437438158,0
478,1.778347078,1.955316485,1,0.001,0.7429075744,0.7429075744,0
479,1.955316485,1.81737822,1,0.001,0.7420722734,0.7420722734,0
480,1.81737822,1.617570326,1,0.001,0.7412379115,0.7412379115,1.110223025e-16
481,1.617570326,1.525618295,1,0.001,0.7404044877,0.7404044877,0
482,1.525618295,1.56506513,1,0.001,0.739572001,0.739572001,0
483,1.56506513,1.553197399,1,0.001,0.7387404504,0.7387404504,0
484,1.553197399,1.960795446,1,0.001,0.7379098347,0.7379098347,0
485,1.960795446,1.780073563,2,0.001,0.7370801529,0.7370801529,0
486,1.780073563,1.77151858,1,0.001,0.736251404,0.736251404,2.220446049e-16
487,1.77151858,1.529823471,1,0.001,0.7354235869,0.7354235869,0
488,1.529823471,1.200911267,1,9.07e-05,0.7352649929,0.7352649731,2.69552991e-08
489,1.200911267,0.9680453973,1,0,0.7351730906,0.7351730906,0
490,0.9680453973,0.9345055151,1,0,0.7350811997,0.7350811997,0
491,0.9345055151,0.8780663744,1,0,0.7349893203,0.7349893203,0
492,0.8780663744,0.8871313335,1,0,0.7348974523,0.7348974523,0
493,0.8871313335,0.6827003332,1,0,0.7348055959,0.7348055959,0
494,0.6827003332,1.171656404,1,0,0.7347137509,0.7347137509,0
495,1.171656404,0.9465375225,1,0,0.7346219174,0.7346219174,0
496,0.9465375225,0.4836938883,1,3.52e-05,0.7345042182,0.7345042404,3.028185414e-08
497,0.4836938883,0.8234576898,1,4.8e-05,0.7343771655,0.73437716,7.507528155e-09
498,0.8234576898,0.9521396656,1,0,0.7342853741,0.7342853741,0
499,0.9521396656,1.165237358,1,0,0.7341935941,0.7341935941,0
500,1.165237358,1.497273892,1,0,0.7341018257,0.7341018257,0
