h_um,S50_step,S50_step_sem,S50_linear,S50_linear_sem,S50_exponential,S50_exponential_sem,rho_step,rho_linear,rho_exponential
0,1,0,1,0,1,0,0,0,0
0.005,0.9753108153,1.851492837e-06,0.9875776737,1.071645101e-06,0.9753101989,1.89200804e-06,0.0005,0.00025,0.0005
0.01,0.9512339827,3.927835189e-06,0.9753102405,1.925492357e-06,0.9512337231,3.285231294e-06,0.001,0.0005,0.001
0.02,0.9048604628,6.067386388e-06,0.9512338631,3.606853794e-06,0.9048578595,5.278079742e-06,0.002,0.001,0.002
0.03,0.8607610306,7.685853242e-06,0.9277554342,4.745098419e-06,0.8607511345,6.745073031e-06,0.003,0.0015,0.003
0.05,0.7789278502,9.831499306e-06,0.8825318484,6.409193045e-06,0.7788987627,8.786004925e-06,0.005,0.0025,0.005
0.07,0.7048932385,1.210377824e-05,0.8395207843,7.811677617e-06,0.704843167,1.008606129e-05,0.007,0.0035,0.007
0.1,0.6068601265,1.512274547e-05,0.7789140598,9.726815413e-06,0.6067597769,1.111057488e-05,0.01,0.005,0.009999999979
0.15,0.4728589975,1.51814428e-05,0.6874907852,1.180670972e-05,0.4726655136,1.1099166e-05,0.015,0.0075,0.01499997571
0.2,0.3684723866,1.558321557e-05,0.6068161735,1.28938371e-05,0.3681988852,9.866872409e-06,0.02,0.01,0.019999092
0.3,0.2237391607,1.202122017e-05,0.4727787567,1.348058115e-05,0.2237724216,6.520592015e-06,0.03,0.015,0.02996182099
0.5,0.08239833488,4.927631128e-06,0.2869657486,1.112693369e-05,0.08599519823,2.226151274e-06,0.05,0.025,0.04908421806
0.7,0.0302802173,1.598313201e-06,0.1741131145,7.164965687e-06,0.03693795037,7.656552499e-07,0.07,0.035,0.06597971665
1,0.006737946999,2.891205793e-19,0.08220785292,3.04363804e-06,0.01325878358,1.941740846e-07,0.1,0.05,0.08646647168
