theta,h_star_step,h_star_linear,h_ratio,rho_star_step,rho_star_linear,rho_ratio,rho_ratio_sigma,rho_ratio_z,max_abs_residual_step,max_abs_residual_linear
0.001,0.009771654422,0.01954337811,2.000007088,0.0009771654422,0.0009771689054,1.000003544,0.0004474474517,0.007920801481,0.4234364273,0.3623433276
0.0015,0.01465809842,0.02931597859,1.99998511,0.001465809842,0.001465798929,0.9999925551,0.0003180359888,-0.02340906688,0.3502069058,0.2854983053
0.002,0.01954456155,0.03908907522,1.999997551,0.001954456155,0.001954453761,0.9999987754,0.0004692595017,-0.002609695319,0.2939258574,0.234302801
0.003,0.0293184917,0.05863541665,1.999946561,0.00293184917,0.002931770833,0.9999732805,0.0002910399497,-0.09180709147,0.2541134118,0.2347535347
0.005,0.04886592908,0.09772468849,1.999853279,0.004886592908,0.004886234424,0.9999266393,0.0005149877798,-0.1424512711,0.2307891427,0.2950078071
0.007,0.06840977952,0.1368083031,1.999835464,0.006840977952,0.006840415157,0.9999177318,0.0005637627064,-0.1459269237,0.3690666589,0.2551353044
0.01,0.0977218414,0.1954181475,1.999738694,0.00977218414,0.009770907374,0.9998693469,0.000545865898,-0.2393501477,0.2887210922,0.1324702998
0.015,0.1465517915,0.2930392767,1.999561204,0.01465517915,0.01465196384,0.9997806019,0.0003156207201,-0.6951319938,0.1296801123,0.1401807625
0.02,0.19534439,0.3905588803,1.999335022,0.019534439,0.01952794401,0.999667511,0.0001546945684,-2.14932551,0.2311976151,0.1747563677
0.03,0.2927712406,0.5852096333,1.998863112,0.02927712406,0.02926048166,0.9994315561,0.0002380468905,-2.387949149,0.2445717886,0.2417768093
0.04,0.3899377001,0.7792677958,1.998441791,0.03899377001,0.03896338979,0.9992208957,0.0008954517387,-0.8700684437,0.2750917485,0.3514438697
0.05,0.4868077312,0.9727222145,1.998165091,0.04868077312,0.04863611072,0.9990825454,0.0004127333223,-2.22287515,0.3235169314,0.4603992681
