compartment,TE_ms,T2_notebook_ms,T2_ours_ms,sigma_ours_ms,rel_diff
intra,5.0,85.32,83.26,2.20,-0.0241
intra,10.0,86.45,83.61,2.25,-0.0329
intra,15.0,86.45,83.99,2.10,-0.0285
intra,30.0,87.60,85.17,2.08,-0.0278
intra,35.0,87.60,85.55,2.05,-0.0234
intra,40.0,87.95,85.92,2.03,-0.0230
intra,60.0,89.95,87.45,1.98,-0.0278
intra,65.0,89.95,87.80,1.97,-0.0239
intra,85.0,91.15,89.24,1.97,-0.0210
intra,90.0,92.37,89.59,1.97,-0.0301
intra,110.0,93.60,90.95,1.99,-0.0283
intra,115.0,93.60,91.28,2.00,-0.0247
intra,120.0,93.60,91.62,2.01,-0.0212
intra,135.0,94.84,92.54,2.03,-0.0243
intra,140.0,94.84,92.85,2.05,-0.0210
intra,145.0,96.11,93.14,2.07,-0.0308
intra,160.0,96.11,94.05,2.08,-0.0214
intra,165.0,96.11,94.35,2.10,-0.0183
intra,170.0,96.11,94.64,2.11,-0.0152
intra,185.0,97.39,95.49,2.12,-0.0194
intra,190.0,97.39,95.78,2.12,-0.0165
intra,195.0,97.82,96.06,2.13,-0.0180
extra,5.0,51.29,53.50,1.74,0.0431
extra,10.0,50.92,53.39,1.46,0.0486
extra,15.0,51.60,53.40,1.37,0.0350
extra,30.0,52.29,53.86,0.97,0.0302
extra,35.0,52.98,53.95,0.77,0.0182
extra,40.0,52.98,54.07,0.75,0.0204
extra,60.0,53.69,54.33,0.83,0.0119
extra,65.0,53.69,54.44,0.87,0.0140
extra,85.0,54.19,54.76,0.97,0.0105
extra,90.0,54.40,54.81,0.95,0.0075
extra,110.0,55.13,55.13,0.91,0.0000
extra,115.0,55.13,55.21,0.91,0.0015
extra,135.0,55.13,55.45,0.89,0.0058
extra,140.0,55.13,55.51,0.88,0.0069
extra,160.0,55.13,55.73,0.87,0.0110
extra,165.0,55.86,55.80,0.87,-0.0012
extra,170.0,55.86,55.87,0.88,0.0000
extra,185.0,55.86,56.05,0.88,0.0034
extra,190.0,55.86,56.10,0.89,0.0043
extra,195.0,55.86,56.14,0.89,0.0050
myelin,5.0,36.10,36.68,0.52,0.0160
myelin,10.0,36.88,37.10,0.53,0.0059
myelin,15.0,37.07,37.49,0.53,0.0114
myelin,30.0,38.06,38.58,0.58,0.0137
myelin,35.0,38.57,38.93,0.60,0.0094
myelin,40.0,39.08,39.29,0.60,0.0053
myelin,60.0,40.13,40.58,0.63,0.0113
myelin,65.0,40.13,40.89,0.64,0.0190
myelin,85.0,41.20,42.08,0.68,0.0213
myelin,90.0,41.75,42.39,0.68,0.0151
myelin,110.0,42.31,43.46,0.69,0.0272
myelin,115.0,42.87,43.71,0.70,0.0196
myelin,135.0,44.02,44.71,0.75,0.0157
myelin,140.0,44.61,44.93,0.75,0.0072
myelin,160.0,45.20,45.89,0.80,0.0151
myelin,165.0,45.81,46.10,0.81,0.0065
myelin,170.0,45.81,46.33,0.83,0.0114
myelin,185.0,46.24,47.02,0.85,0.0169
myelin,190.0,46.42,47.23,0.85,0.0176
myelin,195.0,47.03,47.47,0.85,0.0092
