compartment,seed,TE_ms,signal,nspins
extra,1,5,0.9091590983,267
extra,1,10,0.8245622455,267
extra,1,15,0.7459201502,267
extra,1,20,0.6804062435,267
extra,1,25,0.6174766963,267
extra,1,30,0.5629217145,267
extra,1,35,0.5135902979,267
extra,1,40,0.4673071399,267
extra,1,45,0.4252991935,267
extra,1,50,0.3883192943,267
extra,1,55,0.3540857097,267
extra,1,60,0.3228293546,267
extra,1,65,0.2950818002,267
extra,1,70,0.27034233,267
extra,1,75,0.2474492586,267
extra,1,80,0.2263560798,267
extra,1,85,0.2080227746,267
extra,1,90,0.1908597005,267
extra,1,95,0.1747595249,267
extra,1,100,0.1606321715,267
extra,1,105,0.1474279635,267
extra,1,110,0.1347598658,267
extra,1,115,0.1230316353,267
extra,1,120,0.1120724895,267
extra,1,125,0.1027436877,267
extra,1,130,0.09462971184,267
extra,1,135,0.086755728,267
extra,1,140,0.07933684596,267
extra,1,145,0.07268773165,267
extra,1,150,0.06658258672,267
extra,1,155,0.06088059697,267
extra,1,160,0.05578518957,267
extra,1,165,0.05129474778,267
extra,1,170,0.04711858099,267
extra,1,175,0.04331019592,267
extra,1,180,0.03971775111,267
extra,1,185,0.03652987654,267
extra,1,190,0.033667612,267
extra,1,195,0.03096703871,267
extra,1,200,0.02857810439,267
extra,2,5,0.9048295956,308
extra,2,10,0.8208827148,308
extra,2,15,0.7460894699,308
extra,2,20,0.679562733,308
extra,2,25,0.6188207093,308
extra,2,30,0.564365805,308
extra,2,35,0.5163392475,308
extra,2,40,0.4717508593,308
extra,2,45,0.4309152138,308
extra,2,50,0.3925161199,308
extra,2,55,0.3573514349,308
extra,2,60,0.3262968681,308
extra,2,65,0.2976766797,308
extra,2,70,0.2707726102,308
extra,2,75,0.2468326048,308
extra,2,80,0.2259431655,308
extra,2,85,0.2068562942,308
extra,2,90,0.1892234118,308
extra,2,95,0.1727610664,308
extra,2,100,0.1577869432,308
extra,2,105,0.1445634377,308
extra,2,110,0.1329532655,308
extra,2,115,0.1216015825,308
extra,2,120,0.1114111004,308
extra,2,125,0.1017454209,308
extra,2,130,0.09290959758,308
extra,2,135,0.08497805079,308
extra,2,140,0.07775261239,308
extra,2,145,0.07108862385,308
extra,2,150,0.06498276064,308
extra,2,155,0.05931653098,308
extra,2,160,0.0541311203,308
extra,2,165,0.04940829379,308
extra,2,170,0.04509908812,308
extra,2,175,0.04122958702,308
extra,2,180,0.0377488233,308
extra,2,185,0.03438094208,308
extra,2,190,0.03128885829,308
extra,2,195,0.02852317024,308
extra,2,200,0.026037083,308
extra,3,5,0.910339654,302
extra,3,10,0.8306490826,302
extra,3,15,0.7564873709,302
extra,3,20,0.6892830155,302
extra,3,25,0.6279899996,302
extra,3,30,0.5727257753,302
extra,3,35,0.5225321658,302
extra,3,40,0.4771527115,302
extra,3,45,0.434505377,302
extra,3,50,0.3962392339,302
extra,3,55,0.3615812183,302
extra,3,60,0.330984601,302
extra,3,65,0.3028241027,302
extra,3,70,0.2767037725,302
extra,3,75,0.2519595869,302
extra,3,80,0.2298060025,302
extra,3,85,0.2095064958,302
extra,3,90,0.1910240329,302
extra,3,95,0.1741277966,302
extra,3,100,0.1591763751,302
extra,3,105,0.1455389106,302
extra,3,110,0.1327630915,302
extra,3,115,0.1214813179,302
extra,3,120,0.1114078097,302
extra,3,125,0.1020978062,302
extra,3,130,0.09333083434,302
extra,3,135,0.08557695085,302
extra,3,140,0.07831386683,302
extra,3,145,0.07173851012,302
extra,3,150,0.06558063706,302
extra,3,155,0.06008903213,302
extra,3,160,0.05500234134,302
extra,3,165,0.05023018929,302
extra,3,170,0.04597665971,302
extra,3,175,0.04206508626,302
extra,3,180,0.03855978469,302
extra,3,185,0.03544048804,302
extra,3,190,0.03248486751,302
extra,3,195,0.02973075866,302
extra,3,200,0.02726189177,302
extra,4,5,0.911759686,314
extra,4,10,0.8296127812,314
extra,4,15,0.7561673282,314
extra,4,20,0.6887690706,314
extra,4,25,0.6269872118,314
extra,4,30,0.5726570252,314
extra,4,35,0.5209150504,314
extra,4,40,0.4752867175,314
extra,4,45,0.4339893224,314
extra,4,50,0.3959296241,314
extra,4,55,0.3600633877,314
extra,4,60,0.3273373614,314
extra,4,65,0.2985411989,314
extra,4,70,0.2731440566,314
extra,4,75,0.249616806,314
extra,4,80,0.2280346917,314
extra,4,85,0.2078290551,314
extra,4,90,0.1893343352,314
extra,4,95,0.1729581237,314
extra,4,100,0.1580965471,314
extra,4,105,0.1449864878,314
extra,4,110,0.132580865,314
extra,4,115,0.1212511052,314
extra,4,120,0.110588252,314
extra,4,125,0.1009319609,314
extra,4,130,0.09255034085,314
extra,4,135,0.08473698735,314
extra,4,140,0.07750892736,314
extra,4,145,0.07088323948,314
extra,4,150,0.06482267787,314
extra,4,155,0.05923448517,314
extra,4,160,0.05419815287,314
extra,4,165,0.04982628042,314
extra,4,170,0.04577079619,314
extra,4,175,0.04205206988,314
extra,4,180,0.0386633389,314
extra,4,185,0.03550314383,314
extra,4,190,0.03250855003,314
extra,4,195,0.02981559686,314
extra,4,200,0.02742654672,314
extra,5,5,0.9089771651,312
extra,5,10,0.8244557729,312
extra,5,15,0.7514899961,312
extra,5,20,0.6862359844,312
extra,5,25,0.6249060722,312
extra,5,30,0.5710841811,312
extra,5,35,0.5212515563,312
extra,5,40,0.4751443924,312
extra,5,45,0.4328176013,312
extra,5,50,0.3945248915,312
extra,5,55,0.3599939853,312
extra,5,60,0.3286405127,312
extra,5,65,0.2999849082,312
extra,5,70,0.2733076818,312
extra,5,75,0.2483711612,312
extra,5,80,0.2268637254,312
extra,5,85,0.2072303355,312
extra,5,90,0.1895043256,312
extra,5,95,0.1733374082,312
extra,5,100,0.1581210512,312
extra,5,105,0.1444224622,312
extra,5,110,0.1318471635,312
extra,5,115,0.1202089264,312
extra,5,120,0.1098028033,312
extra,5,125,0.1002443606,312
extra,5,130,0.0917371827,312
extra,5,135,0.08377669767,312
extra,5,140,0.07677745819,312
extra,5,145,0.07048980255,312
extra,5,150,0.06474773425,312
extra,5,155,0.05944948483,312
extra,5,160,0.05449903808,312
extra,5,165,0.05015035001,312
extra,5,170,0.04605735736,312
extra,5,175,0.04248421123,312
extra,5,180,0.03919775871,312
extra,5,185,0.03611192195,312
extra,5,190,0.03313277,312
extra,5,195,0.03047543316,312
extra,5,200,0.02799991077,312
extra,6,5,0.9129399224,295
extra,6,10,0.8315908242,295
extra,6,15,0.756553832,295
extra,6,20,0.6882930559,295
extra,6,25,0.6276080722,295
extra,6,30,0.5730869727,295
extra,6,35,0.5231312138,295
extra,6,40,0.4787071936,295
extra,6,45,0.4380333011,295
extra,6,50,0.4003619623,295
extra,6,55,0.3667709291,295
extra,6,60,0.3350914155,295
extra,6,65,0.3055131042,295
extra,6,70,0.2784650062,295
extra,6,75,0.2549245793,295
extra,6,80,0.2330840772,295
extra,6,85,0.2135593765,295
extra,6,90,0.1953503849,295
extra,6,95,0.1785197683,295
extra,6,100,0.16327399,295
extra,6,105,0.1497180383,295
extra,6,110,0.1375537047,295
extra,6,115,0.1259958644,295
extra,6,120,0.1152386526,295
extra,6,125,0.1053655142,295
extra,6,130,0.09637604619,295
extra,6,135,0.08836898681,295
extra,6,140,0.08100130851,295
extra,6,145,0.07430295764,295
extra,6,150,0.06820278578,295
extra,6,155,0.06268761699,295
extra,6,160,0.0576109556,295
extra,6,165,0.05282881764,295
extra,6,170,0.04843727114,295
extra,6,175,0.04444924916,295
extra,6,180,0.0408084454,295
extra,6,185,0.03738206215,295
extra,6,190,0.03437442149,295
extra,6,195,0.03162540892,295
extra,6,200,0.02897098971,295
extra,7,5,0.9095347062,309
extra,7,10,0.8301005654,309
extra,7,15,0.7557507311,309
extra,7,20,0.688700708,309
extra,7,25,0.6294372887,309
extra,7,30,0.5748417852,309
extra,7,35,0.5256708926,309
extra,7,40,0.479348666,309
extra,7,45,0.4359501681,309
extra,7,50,0.3983937432,309
extra,7,55,0.3627469072,309
extra,7,60,0.3315646373,309
extra,7,65,0.3031239145,309
extra,7,70,0.2777719859,309
extra,7,75,0.2541324343,309
extra,7,80,0.2315135278,309
extra,7,85,0.2115385082,309
extra,7,90,0.1937330584,309
extra,7,95,0.1774781901,309
extra,7,100,0.1628445725,309
extra,7,105,0.1495501157,309
extra,7,110,0.137377292,309
extra,7,115,0.12655683,309
extra,7,120,0.1162712375,309
extra,7,125,0.1067939202,309
extra,7,130,0.09799046128,309
extra,7,135,0.08996290206,309
extra,7,140,0.08268718592,309
extra,7,145,0.07590409362,309
extra,7,150,0.06964811262,309
extra,7,155,0.06393635168,309
extra,7,160,0.05842223553,309
extra,7,165,0.0534633361,309
extra,7,170,0.049055258,309
extra,7,175,0.04496423285,309
extra,7,180,0.0411893991,309
extra,7,185,0.03781361567,309
extra,7,190,0.03471878273,309
extra,7,195,0.03181714084,309
extra,7,200,0.02920022102,309
extra,8,5,0.9141694706,308
extra,8,10,0.8327814035,308
extra,8,15,0.7613320897,308
extra,8,20,0.6948234601,308
extra,8,25,0.6343005056,308
extra,8,30,0.5785952714,308
extra,8,35,0.5268817139,308
extra,8,40,0.4820021092,308
extra,8,45,0.4409670817,308
extra,8,50,0.4047746836,308
extra,8,55,0.371177524,308
extra,8,60,0.3415233681,308
extra,8,65,0.3145058145,308
extra,8,70,0.2897559598,308
extra,8,75,0.2656523725,308
extra,8,80,0.2445872059,308
extra,8,85,0.2244285027,308
extra,8,90,0.205564111,308
extra,8,95,0.1883231001,308
extra,8,100,0.172771933,308
extra,8,105,0.1580999316,308
extra,8,110,0.1451593248,308
extra,8,115,0.132978315,308
extra,8,120,0.1218708597,308
extra,8,125,0.111579448,308
extra,8,130,0.1024801188,308
extra,8,135,0.09365771013,308
extra,8,140,0.08585383517,308
extra,8,145,0.07868143328,308
extra,8,150,0.07211173577,308
extra,8,155,0.06605931721,308
extra,8,160,0.06067427857,308
extra,8,165,0.05580429943,308
extra,8,170,0.05125094501,308
extra,8,175,0.04714806916,308
extra,8,180,0.04343334004,308
extra,8,185,0.04002709724,308
extra,8,190,0.03674758823,308
extra,8,195,0.03374519177,308
extra,8,200,0.03095721929,308
extra,9,5,0.9140622013,300
extra,9,10,0.8342508954,300
extra,9,15,0.7608026125,300
extra,9,20,0.6977413295,300
extra,9,25,0.6358483712,300
extra,9,30,0.580795245,300
extra,9,35,0.5286525142,300
extra,9,40,0.4819176128,300
extra,9,45,0.4395667244,300
extra,9,50,0.4007120852,300
extra,9,55,0.3651551935,300
extra,9,60,0.3321450046,300
extra,9,65,0.3032062264,300
extra,9,70,0.2761860797,300
extra,9,75,0.2519912645,300
extra,9,80,0.2301734788,300
extra,9,85,0.2094741238,300
extra,9,90,0.1907266335,300
extra,9,95,0.1741043894,300
extra,9,100,0.1591577745,300
extra,9,105,0.1453708584,300
extra,9,110,0.1331032758,300
extra,9,115,0.1224345335,300
extra,9,120,0.1119268339,300
extra,9,125,0.1023783675,300
extra,9,130,0.09373957457,300
extra,9,135,0.08601751111,300
extra,9,140,0.07886324019,300
extra,9,145,0.07230773475,300
extra,9,150,0.06623535182,300
extra,9,155,0.06072261004,300
extra,9,160,0.05562679868,300
extra,9,165,0.05085153876,300
extra,9,170,0.04673007389,300
extra,9,175,0.04286970389,300
extra,9,180,0.03905981808,300
extra,9,185,0.03565264468,300
extra,9,190,0.03271067751,300
extra,9,195,0.0298699954,300
extra,9,200,0.02730706348,300
extra,10,5,0.9112365695,334
extra,10,10,0.8321885002,334
extra,10,15,0.7594911552,334
extra,10,20,0.6923797262,334
extra,10,25,0.6315358541,334
extra,10,30,0.5777462616,334
extra,10,35,0.5275397027,334
extra,10,40,0.4828495465,334
extra,10,45,0.4415033036,334
extra,10,50,0.4029806663,334
extra,10,55,0.3684931362,334
extra,10,60,0.3374892675,334
extra,10,65,0.3092183477,334
extra,10,70,0.2838923099,334
extra,10,75,0.2612175635,334
extra,10,80,0.239047254,334
extra,10,85,0.219156366,334
extra,10,90,0.2003925626,334
extra,10,95,0.1834491979,334
extra,10,100,0.1683344428,334
extra,10,105,0.1543183982,334
extra,10,110,0.1416713378,334
extra,10,115,0.1301681916,334
extra,10,120,0.1198310849,334
extra,10,125,0.1099638728,334
extra,10,130,0.1008183675,334
extra,10,135,0.09260591986,334
extra,10,140,0.08502436154,334
extra,10,145,0.07804180702,334
extra,10,150,0.07193498873,334
extra,10,155,0.06619639498,334
extra,10,160,0.06077616361,334
extra,10,165,0.05594124247,334
extra,10,170,0.05158222167,334
extra,10,175,0.04729215294,334
extra,10,180,0.04350673329,334
extra,10,185,0.03996677837,334
extra,10,190,0.03678992293,334
extra,10,195,0.03371788312,334
extra,10,200,0.03085132732,334
myelin,1,5,0.8723276195,372
myelin,1,10,0.7635716755,372
myelin,1,15,0.6697547922,372
myelin,1,20,0.589027091,372
myelin,1,25,0.5188904951,372
myelin,1,30,0.4579351205,372
myelin,1,35,0.4050323657,372
myelin,1,40,0.3593442143,372
myelin,1,45,0.3190482181,372
myelin,1,50,0.2838922882,372
myelin,1,55,0.2527102578,372
myelin,1,60,0.2249611511,372
myelin,1,65,0.2009254913,372
myelin,1,70,0.1797402375,372
myelin,1,75,0.160584481,372
myelin,1,80,0.1442991071,372
myelin,1,85,0.1295918115,372
myelin,1,90,0.1164377969,372
myelin,1,95,0.1048065207,372
myelin,1,100,0.09439241488,372
myelin,1,105,0.08523726093,372
myelin,1,110,0.07705512144,372
myelin,1,115,0.06961430041,372
myelin,1,120,0.06303229044,372
myelin,1,125,0.05700781531,372
myelin,1,130,0.05169162204,372
myelin,1,135,0.04686807783,372
myelin,1,140,0.04256282418,372
myelin,1,145,0.03869513552,372
myelin,1,150,0.03530011248,372
myelin,1,155,0.03217729402,372
myelin,1,160,0.0292354106,372
myelin,1,165,0.02665813095,372
myelin,1,170,0.02424155066,372
myelin,1,175,0.02204016708,372
myelin,1,180,0.02003065994,372
myelin,1,185,0.01832928616,372
myelin,1,190,0.0168616469,372
myelin,1,195,0.01545777368,372
myelin,1,200,0.0141943174,372
myelin,2,5,0.8719754608,342
myelin,2,10,0.7629579166,342
myelin,2,15,0.6695066992,342
myelin,2,20,0.5891098509,342
myelin,2,25,0.5196361968,342
myelin,2,30,0.4597538947,342
myelin,2,35,0.4074513346,342
myelin,2,40,0.3617730288,342
myelin,2,45,0.3221829298,342
myelin,2,50,0.2870900717,342
myelin,2,55,0.2565823253,342
myelin,2,60,0.2291701137,342
myelin,2,65,0.2054573335,342
myelin,2,70,0.1843892094,342
myelin,2,75,0.1652329377,342
myelin,2,80,0.1489265675,342
myelin,2,85,0.1344599761,342
myelin,2,90,0.1212532928,342
myelin,2,95,0.1097770238,342
myelin,2,100,0.09924290803,342
myelin,2,105,0.08980362323,342
myelin,2,110,0.08128090708,342
myelin,2,115,0.0737400272,342
myelin,2,120,0.06703663991,342
myelin,2,125,0.0609392503,342
myelin,2,130,0.05533309026,342
myelin,2,135,0.05031967027,342
myelin,2,140,0.04576071746,342
myelin,2,145,0.04183608191,342
myelin,2,150,0.03813233999,342
myelin,2,155,0.03499044276,342
myelin,2,160,0.03188528923,342
myelin,2,165,0.02906992658,342
myelin,2,170,0.02661269706,342
myelin,2,175,0.02440823096,342
myelin,2,180,0.02223084724,342
myelin,2,185,0.02046735826,342
myelin,2,190,0.01873353592,342
myelin,2,195,0.01733297458,342
myelin,2,200,0.01591506973,342
myelin,3,5,0.8704494929,362
myelin,3,10,0.7594800834,362
myelin,3,15,0.6646109328,362
myelin,3,20,0.5830813099,362
myelin,3,25,0.5128154946,362
myelin,3,30,0.4517123908,362
myelin,3,35,0.3989168358,362
myelin,3,40,0.353005646,362
myelin,3,45,0.3134474758,362
myelin,3,50,0.2784407867,362
myelin,3,55,0.2474383017,362
myelin,3,60,0.2205372025,362
myelin,3,65,0.1968967253,362
myelin,3,70,0.1758125437,362
myelin,3,75,0.1571763375,362
myelin,3,80,0.1411615049,362
myelin,3,85,0.1268515486,362
myelin,3,90,0.1143050705,362
myelin,3,95,0.1030024617,362
myelin,3,100,0.0928487058,362
myelin,3,105,0.08386426395,362
myelin,3,110,0.0756744796,362
myelin,3,115,0.06829329484,362
myelin,3,120,0.0618687735,362
myelin,3,125,0.05599190758,362
myelin,3,130,0.05047264848,362
myelin,3,135,0.04582401239,362
myelin,3,140,0.04149308542,362
myelin,3,145,0.03765684943,362
myelin,3,150,0.03423786784,362
myelin,3,155,0.03109937936,362
myelin,3,160,0.02835879371,362
myelin,3,165,0.02573241067,362
myelin,3,170,0.02344142429,362
myelin,3,175,0.0213555277,362
myelin,3,180,0.01949402084,362
myelin,3,185,0.01781473645,362
myelin,3,190,0.01627767856,362
myelin,3,195,0.01490578202,362
myelin,3,200,0.01369633237,362
myelin,4,5,0.8736347586,324
myelin,4,10,0.7657880381,324
myelin,4,15,0.6729875234,324
myelin,4,20,0.5936267209,324
myelin,4,25,0.5243584376,324
myelin,4,30,0.4637061034,324
myelin,4,35,0.4114214528,324
myelin,4,40,0.3655754574,324
myelin,4,45,0.3257394759,324
myelin,4,50,0.290889533,324
myelin,4,55,0.2598276271,324
myelin,4,60,0.232938,324
myelin,4,65,0.2086391748,324
myelin,4,70,0.1874367519,324
myelin,4,75,0.1684204424,324
myelin,4,80,0.1515077226,324
myelin,4,85,0.1365572569,324
myelin,4,90,0.1230519786,324
myelin,4,95,0.1110256661,324
myelin,4,100,0.1001827156,324
myelin,4,105,0.09045077326,324
myelin,4,110,0.0817775171,324
myelin,4,115,0.0742131813,324
myelin,4,120,0.06698784127,324
myelin,4,125,0.06066354969,324
myelin,4,130,0.05511079973,324
myelin,4,135,0.04989615505,324
myelin,4,140,0.04514858259,324
myelin,4,145,0.04093155761,324
myelin,4,150,0.03723356163,324
myelin,4,155,0.03394564201,324
myelin,4,160,0.03090426484,324
myelin,4,165,0.02800139831,324
myelin,4,170,0.02544713309,324
myelin,4,175,0.02331725639,324
myelin,4,180,0.02130093454,324
myelin,4,185,0.01954230425,324
myelin,4,190,0.01777244546,324
myelin,4,195,0.01632515161,324
myelin,4,200,0.01490383285,324
myelin,5,5,0.870293071,341
myelin,5,10,0.7599406267,341
myelin,5,15,0.6648773184,341
myelin,5,20,0.5834813419,341
myelin,5,25,0.5133786907,341
myelin,5,30,0.4520061242,341
myelin,5,35,0.3992808121,341
myelin,5,40,0.3535679134,341
myelin,5,45,0.3134035841,341
myelin,5,50,0.2785891262,341
myelin,5,55,0.2481126677,341
myelin,5,60,0.2213530685,341
myelin,5,65,0.1975881091,341
myelin,5,70,0.1767765288,341
myelin,5,75,0.1582253818,341
myelin,5,80,0.1420599994,341
myelin,5,85,0.1277880448,341
myelin,5,90,0.1149096907,341
myelin,5,95,0.1032689054,341
myelin,5,100,0.09299214206,341
myelin,5,105,0.08391011708,341
myelin,5,110,0.07578979413,341
myelin,5,115,0.06831464111,341
myelin,5,120,0.06181928634,341
myelin,5,125,0.05581647077,341
myelin,5,130,0.05053778498,341
myelin,5,135,0.04587722902,341
myelin,5,140,0.04140134075,341
myelin,5,145,0.03755908666,341
myelin,5,150,0.03436778225,341
myelin,5,155,0.03125784552,341
myelin,5,160,0.02836859554,341
myelin,5,165,0.02582391009,341
myelin,5,170,0.02360534178,341
myelin,5,175,0.02153079937,341
myelin,5,180,0.0195320619,341
myelin,5,185,0.01785869128,341
myelin,5,190,0.01634163174,341
myelin,5,195,0.01499688003,341
myelin,5,200,0.01360617998,341
myelin,6,5,0.8751722641,359
myelin,6,10,0.7678533991,359
myelin,6,15,0.6754814433,359
myelin,6,20,0.5958169022,359
myelin,6,25,0.5267076394,359
myelin,6,30,0.4669611517,359
myelin,6,35,0.4149179376,359
myelin,6,40,0.3692557564,359
myelin,6,45,0.3291565002,359
myelin,6,50,0.293881408,359
myelin,6,55,0.263005157,359
myelin,6,60,0.2354558751,359
myelin,6,65,0.2113803906,359
myelin,6,70,0.189711741,359
myelin,6,75,0.1706524387,359
myelin,6,80,0.1538641556,359
myelin,6,85,0.1391291163,359
myelin,6,90,0.1258143481,359
myelin,6,95,0.1138347961,359
myelin,6,100,0.1028790379,359
myelin,6,105,0.09335130575,359
myelin,6,110,0.08460066002,359
myelin,6,115,0.07692454029,359
myelin,6,120,0.06993782562,359
myelin,6,125,0.063722183,359
myelin,6,130,0.05812248843,359
myelin,6,135,0.05290562649,359
myelin,6,140,0.04823802105,359
myelin,6,145,0.04413547164,359
myelin,6,150,0.04039359858,359
myelin,6,155,0.03696365197,359
myelin,6,160,0.03379545758,359
myelin,6,165,0.0310179276,359
myelin,6,170,0.02852611636,359
myelin,6,175,0.02615893607,359
myelin,6,180,0.02395218709,359
myelin,6,185,0.02188959355,359
myelin,6,190,0.0201248342,359
myelin,6,195,0.01853231749,359
myelin,6,200,0.01702030085,359
myelin,7,5,0.8719542406,358
myelin,7,10,0.7633176344,358
myelin,7,15,0.6702643345,358
myelin,7,20,0.589858522,358
myelin,7,25,0.5210898683,358
myelin,7,30,0.4613629964,358
myelin,7,35,0.4092434503,358
myelin,7,40,0.3640467853,358
myelin,7,45,0.3239800148,358
myelin,7,50,0.2889803005,358
myelin,7,55,0.2583741427,358
myelin,7,60,0.2312969427,358
myelin,7,65,0.2073679577,358
myelin,7,70,0.186440667,358
myelin,7,75,0.1673204347,358
myelin,7,80,0.1505542756,358
myelin,7,85,0.1357707116,358
myelin,7,90,0.1225730659,358
myelin,7,95,0.1105981701,358
myelin,7,100,0.1000534103,358
myelin,7,105,0.09034534175,358
myelin,7,110,0.08189999628,358
myelin,7,115,0.07413541728,358
myelin,7,120,0.06732501499,358
myelin,7,125,0.06117950437,358
myelin,7,130,0.05599775879,358
myelin,7,135,0.05082114381,358
myelin,7,140,0.04616784726,358
myelin,7,145,0.04196610404,358
myelin,7,150,0.03849955405,358
myelin,7,155,0.03517368957,358
myelin,7,160,0.03209645145,358
myelin,7,165,0.02929014352,358
myelin,7,170,0.02681127387,358
myelin,7,175,0.02466629615,358
myelin,7,180,0.02255542797,358
myelin,7,185,0.02071312208,358
myelin,7,190,0.01897775109,358
myelin,7,195,0.01739598904,358
myelin,7,200,0.0159218986,358
myelin,8,5,0.8714249606,338
myelin,8,10,0.7615485016,338
myelin,8,15,0.6676228218,338
myelin,8,20,0.5856003042,338
myelin,8,25,0.5149045242,338
myelin,8,30,0.4545393205,338
myelin,8,35,0.4014836618,338
myelin,8,40,0.3556514423,338
myelin,8,45,0.3155669599,338
myelin,8,50,0.2798377943,338
myelin,8,55,0.2493010243,338
myelin,8,60,0.2226753206,338
myelin,8,65,0.1989985291,338
myelin,8,70,0.1779774742,338
myelin,8,75,0.1591213977,338
myelin,8,80,0.1426694685,338
myelin,8,85,0.1279434421,338
myelin,8,90,0.1150763993,338
myelin,8,95,0.1035083267,338
myelin,8,100,0.09347701052,338
myelin,8,105,0.08447166105,338
myelin,8,110,0.07608751105,338
myelin,8,115,0.06875309893,338
myelin,8,120,0.06215861726,338
myelin,8,125,0.05607433435,338
myelin,8,130,0.05081349996,338
myelin,8,135,0.04621429819,338
myelin,8,140,0.0420709703,338
myelin,8,145,0.03821737398,338
myelin,8,150,0.03466845848,338
myelin,8,155,0.03142060544,338
myelin,8,160,0.02875937598,338
myelin,8,165,0.02627450125,338
myelin,8,170,0.02393732736,338
myelin,8,175,0.02187801456,338
myelin,8,180,0.02004041189,338
myelin,8,185,0.01850338015,338
myelin,8,190,0.01695897919,338
myelin,8,195,0.01555238869,338
myelin,8,200,0.01424581413,338
myelin,9,5,0.8748725052,343
myelin,9,10,0.7678060297,343
myelin,9,15,0.675494232,343
myelin,9,20,0.5954191362,343
myelin,9,25,0.5258969756,343
myelin,9,30,0.4656730727,343
myelin,9,35,0.4129656978,343
myelin,9,40,0.3667865667,343
myelin,9,45,0.326248347,343
myelin,9,50,0.2905358867,343
myelin,9,55,0.259171954,343
myelin,9,60,0.232041504,343
myelin,9,65,0.20799931,343
myelin,9,70,0.1863940134,343
myelin,9,75,0.1672741751,343
myelin,9,80,0.1503757341,343
myelin,9,85,0.1353807746,343
myelin,9,90,0.1224377811,343
myelin,9,95,0.110564828,343
myelin,9,100,0.09970752814,343
myelin,9,105,0.09009661451,343
myelin,9,110,0.08163967344,343
myelin,9,115,0.07377820818,343
myelin,9,120,0.06714239577,343
myelin,9,125,0.06073355278,343
myelin,9,130,0.0552775736,343
myelin,9,135,0.05034402792,343
myelin,9,140,0.04562897416,343
myelin,9,145,0.04179761517,343
myelin,9,150,0.03826177961,343
myelin,9,155,0.03486152638,343
myelin,9,160,0.03190592488,343
myelin,9,165,0.02919299817,343
myelin,9,170,0.02672378112,343
myelin,9,175,0.0244346237,343
myelin,9,180,0.02243110673,343
myelin,9,185,0.02062281789,343
myelin,9,190,0.0189899763,343
myelin,9,195,0.01740599522,343
myelin,9,200,0.01601107083,343
myelin,10,5,0.8732383251,334
myelin,10,10,0.7646356294,334
myelin,10,15,0.6712631571,334
myelin,10,20,0.5907343935,334
myelin,10,25,0.5208644897,334
myelin,10,30,0.4610084951,334
myelin,10,35,0.4082129935,334
myelin,10,40,0.3630906283,334
myelin,10,45,0.3226436862,334
myelin,10,50,0.2869731951,334
myelin,10,55,0.2564533941,334
myelin,10,60,0.2292685562,334
myelin,10,65,0.2046952818,334
myelin,10,70,0.1834183412,334
myelin,10,75,0.1647391914,334
myelin,10,80,0.1479931403,334
myelin,10,85,0.1333393522,334
myelin,10,90,0.1204583622,334
myelin,10,95,0.1086662792,334
myelin,10,100,0.09795825289,334
myelin,10,105,0.08842332211,334
myelin,10,110,0.08010906887,334
myelin,10,115,0.07256326313,334
myelin,10,120,0.06582964511,334
myelin,10,125,0.05977435056,334
myelin,10,130,0.05441121465,334
myelin,10,135,0.04947534336,334
myelin,10,140,0.0450708899,334
myelin,10,145,0.04103532588,334
myelin,10,150,0.0372864922,334
myelin,10,155,0.03382730681,334
myelin,10,160,0.03084918903,334
myelin,10,165,0.02821047004,334
myelin,10,170,0.02581553845,334
myelin,10,175,0.02358313769,334
myelin,10,180,0.02164410495,334
myelin,10,185,0.01996187542,334
myelin,10,190,0.01824990454,334
myelin,10,195,0.01669481951,334
myelin,10,200,0.01535290962,334
intra,1,5,0.9417270369,361
intra,1,10,0.8877312523,361
intra,1,15,0.8373086185,361
intra,1,20,0.7900894427,361
intra,1,25,0.7454188693,361
intra,1,30,0.7037084021,361
intra,1,35,0.6644500961,361
intra,1,40,0.6281111294,361
intra,1,45,0.5940031405,361
intra,1,50,0.5618721089,361
intra,1,55,0.5320798297,361
intra,1,60,0.5036539602,361
intra,1,65,0.4769302437,361
intra,1,70,0.4520015782,361
intra,1,75,0.4287924669,361
intra,1,80,0.4068765343,361
intra,1,85,0.3860789715,361
intra,1,90,0.3664298057,361
intra,1,95,0.3478907154,361
intra,1,100,0.3305408773,361
intra,1,105,0.3140996518,361
intra,1,110,0.298346917,361
intra,1,115,0.2834985782,361
intra,1,120,0.2696354513,361
intra,1,125,0.2566772518,361
intra,1,130,0.2441833389,361
intra,1,135,0.2325008843,361
intra,1,140,0.2211779216,361
intra,1,145,0.2104668126,361
intra,1,150,0.200542355,361
intra,1,155,0.1911174917,361
intra,1,160,0.1821514158,361
intra,1,165,0.1736162866,361
intra,1,170,0.1655102444,361
intra,1,175,0.1578335866,361
intra,1,180,0.1505003107,361
intra,1,185,0.1436990006,361
intra,1,190,0.1371507809,361
intra,1,195,0.130819914,361
intra,1,200,0.1249206911,361
intra,2,5,0.9417590304,350
intra,2,10,0.8872806149,350
intra,2,15,0.8364513914,350
intra,2,20,0.7887852883,350
intra,2,25,0.7443601779,350
intra,2,30,0.7028535173,350
intra,2,35,0.6644113758,350
intra,2,40,0.6280362235,350
intra,2,45,0.5939390598,350
intra,2,50,0.5617218232,350
intra,2,55,0.5321424803,350
intra,2,60,0.5041535961,350
intra,2,65,0.4774333566,350
intra,2,70,0.4524518538,350
intra,2,75,0.4290789374,350
intra,2,80,0.4072193954,350
intra,2,85,0.3864939618,350
intra,2,90,0.3671421118,350
intra,2,95,0.3487608904,350
intra,2,100,0.3314486435,350
intra,2,105,0.3151122223,350
intra,2,110,0.2997178042,350
intra,2,115,0.2851197221,350
intra,2,120,0.2713538448,350
intra,2,125,0.2582712671,350
intra,2,130,0.2458417032,350
intra,2,135,0.2340741732,350
intra,2,140,0.2229728414,350
intra,2,145,0.2121680508,350
intra,2,150,0.2021981422,350
intra,2,155,0.1926373533,350
intra,2,160,0.1835744143,350
intra,2,165,0.1751729143,350
intra,2,170,0.1671140086,350
intra,2,175,0.1595471926,350
intra,2,180,0.1522841621,350
intra,2,185,0.1453507048,350
intra,2,190,0.1389192486,350
intra,2,195,0.1326477883,350
intra,2,200,0.1267424035,350
intra,3,5,0.9408990928,336
intra,3,10,0.8849851885,336
intra,3,15,0.8333808382,336
intra,3,20,0.7854069677,336
intra,3,25,0.7404032221,336
intra,3,30,0.6979167579,336
intra,3,35,0.6582513832,336
intra,3,40,0.6208543676,336
intra,3,45,0.5858617519,336
intra,3,50,0.553128025,336
intra,3,55,0.5229174612,336
intra,3,60,0.4941535358,336
intra,3,65,0.4673618542,336
intra,3,70,0.4420719142,336
intra,3,75,0.4180951344,336
intra,3,80,0.3956315323,336
intra,3,85,0.3746241356,336
intra,3,90,0.3547741347,336
intra,3,95,0.3359843886,336
intra,3,100,0.3184380709,336
intra,3,105,0.3017915287,336
intra,3,110,0.2863338544,336
intra,3,115,0.2716502899,336
intra,3,120,0.2578062769,336
intra,3,125,0.2446975419,336
intra,3,130,0.232188219,336
intra,3,135,0.2204376586,336
intra,3,140,0.2093942272,336
intra,3,145,0.1988338374,336
intra,3,150,0.1889684949,336
intra,3,155,0.1797351993,336
intra,3,160,0.1709074959,336
intra,3,165,0.1624386011,336
intra,3,170,0.1544581007,336
intra,3,175,0.146939766,336
intra,3,180,0.1397146196,336
intra,3,185,0.1330080379,336
intra,3,190,0.1266378851,336
intra,3,195,0.1205873826,336
intra,3,200,0.114778593,336
intra,4,5,0.9406798094,362
intra,4,10,0.8852503232,362
intra,4,15,0.8337303469,362
intra,4,20,0.7856787198,362
intra,4,25,0.7403218312,362
intra,4,30,0.6982464308,362
intra,4,35,0.6588919773,362
intra,4,40,0.6221203089,362
intra,4,45,0.5877941582,362
intra,4,50,0.5555424682,362
intra,4,55,0.5250975764,362
intra,4,60,0.4968019614,362
intra,4,65,0.4703435997,362
intra,4,70,0.4455717745,362
intra,4,75,0.4221536429,362
intra,4,80,0.3999828151,362
intra,4,85,0.3790937883,362
intra,4,90,0.3596336162,362
intra,4,95,0.3414091276,362
intra,4,100,0.3240213568,362
intra,4,105,0.3076662216,362
intra,4,110,0.2923576275,362
intra,4,115,0.2777327409,362
intra,4,120,0.2640084232,362
intra,4,125,0.2509587347,362
intra,4,130,0.2386938224,362
intra,4,135,0.2269476778,362
intra,4,140,0.2158207318,362
intra,4,145,0.2052673575,362
intra,4,150,0.195496797,362
intra,4,155,0.1863382079,362
intra,4,160,0.1774688738,362
intra,4,165,0.1690899839,362
intra,4,170,0.1611931821,362
intra,4,175,0.1537074211,362
intra,4,180,0.1466129318,362
intra,4,185,0.1398958905,362
intra,4,190,0.1335188645,362
intra,4,195,0.1274198411,362
intra,4,200,0.1217751478,362
intra,5,5,0.941780335,347
intra,5,10,0.8874844778,347
intra,5,15,0.8368785884,347
intra,5,20,0.7900038724,347
intra,5,25,0.7465630169,347
intra,5,30,0.7053486051,347
intra,5,35,0.6666523655,347
intra,5,40,0.6306646488,347
intra,5,45,0.5969297376,347
intra,5,50,0.5649934296,347
intra,5,55,0.5352328774,347
intra,5,60,0.5071670182,347
intra,5,65,0.480491421,347
intra,5,70,0.4559719679,347
intra,5,75,0.4326910256,347
intra,5,80,0.4106730217,347
intra,5,85,0.3900090547,347
intra,5,90,0.3704346054,347
intra,5,95,0.3519276433,347
intra,5,100,0.3343862992,347
intra,5,105,0.3180079332,347
intra,5,110,0.3026387868,347
intra,5,115,0.2881413125,347
intra,5,120,0.274331606,347
intra,5,125,0.2611891338,347
intra,5,130,0.24885819,347
intra,5,135,0.2370913885,347
intra,5,140,0.2260050672,347
intra,5,145,0.2154838806,347
intra,5,150,0.2056654334,347
intra,5,155,0.1962752984,347
intra,5,160,0.1873050917,347
intra,5,165,0.1787164923,347
intra,5,170,0.1706599201,347
intra,5,175,0.1628661867,347
intra,5,180,0.155597017,347
intra,5,185,0.1486154188,347
intra,5,190,0.1420837617,347
intra,5,195,0.1358436485,347
intra,5,200,0.1298925568,347
intra,6,5,0.9438116688,346
intra,6,10,0.8912173441,346
intra,6,15,0.8416102166,346
intra,6,20,0.7953122313,346
intra,6,25,0.7521568935,346
intra,6,30,0.7112851278,346
intra,6,35,0.6731033313,346
intra,6,40,0.6371969017,346
intra,6,45,0.6030958126,346
intra,6,50,0.5713275992,346
intra,6,55,0.5414149906,346
intra,6,60,0.5131744326,346
intra,6,65,0.4868560803,346
intra,6,70,0.4619476064,346
intra,6,75,0.4384492327,346
intra,6,80,0.4162378547,346
intra,6,85,0.3952417592,346
intra,6,90,0.3755279104,346
intra,6,95,0.357041926,346
intra,6,100,0.3394058394,346
intra,6,105,0.3228476918,346
intra,6,110,0.3072405888,346
intra,6,115,0.2924449757,346
intra,6,120,0.2783990602,346
intra,6,125,0.2651358219,346
intra,6,130,0.252463189,346
intra,6,135,0.2405118288,346
intra,6,140,0.2292368477,346
intra,6,145,0.2185569288,346
intra,6,150,0.2082779069,346
intra,6,155,0.1984613935,346
intra,6,160,0.1891603516,346
intra,6,165,0.180448151,346
intra,6,170,0.1721042331,346
intra,6,175,0.1641336443,346
intra,6,180,0.1565550335,346
intra,6,185,0.1494367658,346
intra,6,190,0.1426126032,346
intra,6,195,0.1362024901,346
intra,6,200,0.1302152304,346
intra,7,5,0.9391911626,333
intra,7,10,0.8828966304,333
intra,7,15,0.8306222329,333
intra,7,20,0.7818737246,333
intra,7,25,0.7361339395,333
intra,7,30,0.6939673412,333
intra,7,35,0.6546171444,333
intra,7,40,0.6180006891,333
intra,7,45,0.5839117926,333
intra,7,50,0.5518949196,333
intra,7,55,0.521516329,333
intra,7,60,0.4933878701,333
intra,7,65,0.4668642105,333
intra,7,70,0.4419240287,333
intra,7,75,0.4185626804,333
intra,7,80,0.3967244367,333
intra,7,85,0.3761838543,333
intra,7,90,0.3566264915,333
intra,7,95,0.3380882792,333
intra,7,100,0.3207802834,333
intra,7,105,0.3044705487,333
intra,7,110,0.2892248548,333
intra,7,115,0.2747664848,333
intra,7,120,0.2610714373,333
intra,7,125,0.2482250273,333
intra,7,130,0.2360255387,333
intra,7,135,0.2242333067,333
intra,7,140,0.2133059227,333
intra,7,145,0.2029744074,333
intra,7,150,0.1932863162,333
intra,7,155,0.1839612879,333
intra,7,160,0.1751788368,333
intra,7,165,0.1669656294,333
intra,7,170,0.1591243039,333
intra,7,175,0.1516331579,333
intra,7,180,0.1446269548,333
intra,7,185,0.1379281504,333
intra,7,190,0.1316227516,333
intra,7,195,0.1255676512,333
intra,7,200,0.1199047606,333
intra,8,5,0.9442920227,354
intra,8,10,0.8922450881,354
intra,8,15,0.842841437,354
intra,8,20,0.7974175311,354
intra,8,25,0.7541750142,354
intra,8,30,0.7134262401,354
intra,8,35,0.6754668416,354
intra,8,40,0.6395194867,354
intra,8,45,0.6060906733,354
intra,8,50,0.574607161,354
intra,8,55,0.545061828,354
intra,8,60,0.5172676426,354
intra,8,65,0.4908832368,354
intra,8,70,0.4660236664,354
intra,8,75,0.4427438436,354
intra,8,80,0.4206515449,354
intra,8,85,0.3998454168,354
intra,8,90,0.3800586382,354
intra,8,95,0.3612568695,354
intra,8,100,0.3437953992,354
intra,8,105,0.3271517296,354
intra,8,110,0.3115738425,354
intra,8,115,0.2966175827,354
intra,8,120,0.2827394372,354
intra,8,125,0.269275426,354
intra,8,130,0.2565073428,354
intra,8,135,0.2444866831,354
intra,8,140,0.2331880918,354
intra,8,145,0.2225011385,354
intra,8,150,0.212266999,354
intra,8,155,0.2026484112,354
intra,8,160,0.1934801309,354
intra,8,165,0.1848678714,354
intra,8,170,0.1766216609,354
intra,8,175,0.168605741,354
intra,8,180,0.1611115145,354
intra,8,185,0.1539183425,354
intra,8,190,0.1470839548,354
intra,8,195,0.1406242728,354
intra,8,200,0.1345410123,354
intra,9,5,0.9417598541,357
intra,9,10,0.8872697574,357
intra,9,15,0.8363458959,357
intra,9,20,0.7893886777,357
intra,9,25,0.7446588181,357
intra,9,30,0.7032745926,357
intra,9,35,0.6643122474,357
intra,9,40,0.6279843424,357
intra,9,45,0.5939844663,357
intra,9,50,0.5625928682,357
intra,9,55,0.5328056362,357
intra,9,60,0.5046930746,357
intra,9,65,0.4784221503,357
intra,9,70,0.4538858411,357
intra,9,75,0.4304392471,357
intra,9,80,0.4085949258,357
intra,9,85,0.3879249419,357
intra,9,90,0.368621254,357
intra,9,95,0.3501736933,357
intra,9,100,0.3328976454,357
intra,9,105,0.3166205627,357
intra,9,110,0.3010466885,357
intra,9,115,0.2866067729,357
intra,9,120,0.27271721,357
intra,9,125,0.2595633205,357
intra,9,130,0.2471744185,357
intra,9,135,0.2355984468,357
intra,9,140,0.2245587961,357
intra,9,145,0.2141366362,357
intra,9,150,0.2041877293,357
intra,9,155,0.1949206725,357
intra,9,160,0.185974093,357
intra,9,165,0.1774221656,357
intra,9,170,0.1693565994,357
intra,9,175,0.1617609696,357
intra,9,180,0.1544929854,357
intra,9,185,0.1476337159,357
intra,9,190,0.1411105291,357
intra,9,195,0.1348938621,357
intra,9,200,0.1290553298,357
intra,10,5,0.9409073485,332
intra,10,10,0.885702479,332
intra,10,15,0.8344832743,332
intra,10,20,0.7861590179,332
intra,10,25,0.7418359373,332
intra,10,30,0.6999248834,332
intra,10,35,0.6611929159,332
intra,10,40,0.6244309571,332
intra,10,45,0.5900351115,332
intra,10,50,0.5582657712,332
intra,10,55,0.5280981883,332
intra,10,60,0.499826832,332
intra,10,65,0.4732016289,332
intra,10,70,0.4484742731,332
intra,10,75,0.4246983898,332
intra,10,80,0.4024802,332
intra,10,85,0.3815635243,332
intra,10,90,0.3619203149,332
intra,10,95,0.3434214399,332
intra,10,100,0.3261759584,332
intra,10,105,0.3100213554,332
intra,10,110,0.2944149319,332
intra,10,115,0.2798457577,332
intra,10,120,0.2661156339,332
intra,10,125,0.2529934667,332
intra,10,130,0.2406602623,332
intra,10,135,0.228925993,332
intra,10,140,0.2178827924,332
intra,10,145,0.2075427934,332
intra,10,150,0.1977484855,332
intra,10,155,0.1883068155,332
intra,10,160,0.1792768523,332
intra,10,165,0.1708605797,332
intra,10,170,0.1629545717,332
intra,10,175,0.1554104383,332
intra,10,180,0.1481810302,332
intra,10,185,0.1414103164,332
intra,10,190,0.1349153508,332
intra,10,195,0.1287669063,332
intra,10,200,0.1228430658,332
