duration_ms,theta,seed,nsteps,tau_ms,attenuation
10,0.1,1,1,10,0.4731192961
10,0.1,2,1,10,0.4737142345
10,0.1,3,1,10,0.4727851058
10,0.1,4,1,10,0.4738933889
10,0.1,5,1,10,0.4746044101
10,0.1,6,1,10,0.4756018403
10,0.1,7,1,10,0.4730217222
10,0.1,8,1,10,0.4763820333
10,0.1,9,1,10,0.4730181467
10,0.1,10,1,10,0.4719129077
10,0.1,1,2,5,0.5085787714
10,0.1,2,2,5,0.5072890491
10,0.1,3,2,5,0.5095564287
10,0.1,4,2,5,0.5084849614
10,0.1,5,2,5,0.5080820974
10,0.1,6,2,5,0.5099046983
10,0.1,7,2,5,0.5057247039
10,0.1,8,2,5,0.509852669
10,0.1,9,2,5,0.5087289293
10,0.1,10,2,5,0.5046828389
10,0.1,1,3,3.333333333,0.5217123851
10,0.1,2,3,3.333333333,0.5200098678
10,0.1,3,3,3.333333333,0.519151261
10,0.1,4,3,3.333333333,0.5215692578
10,0.1,5,3,3.333333333,0.520902672
10,0.1,6,3,3.333333333,0.5216978241
10,0.1,7,3,3.333333333,0.5190468538
10,0.1,8,3,3.333333333,0.5196140965
10,0.1,9,3,3.333333333,0.5213937532
10,0.1,10,3,3.333333333,0.5178970437
10,0.1,1,5,2,0.5313269948
10,0.1,2,5,2,0.5277115096
10,0.1,3,5,2,0.5284577592
10,0.1,4,5,2,0.5312456144
10,0.1,5,5,2,0.5306050881
10,0.1,6,5,2,0.5308948469
10,0.1,7,5,2,0.5286590921
10,0.1,8,5,2,0.5304292158
10,0.1,9,5,2,0.5302869452
10,0.1,10,5,2,0.5287313041
10,0.1,1,8,1.25,0.5352623398
10,0.1,2,8,1.25,0.5328268878
10,0.1,3,8,1.25,0.5366245731
10,0.1,4,8,1.25,0.5354138161
10,0.1,5,8,1.25,0.5347641337
10,0.1,6,8,1.25,0.5368057555
10,0.1,7,8,1.25,0.5351653063
10,0.1,8,8,1.25,0.5352345939
10,0.1,9,8,1.25,0.5360905769
10,0.1,10,8,1.25,0.5350630279
10,0.1,1,10,1,0.5372838581
10,0.1,2,10,1,0.5349842142
10,0.1,3,10,1,0.5380904056
10,0.1,4,10,1,0.5362067551
10,0.1,5,10,1,0.5372781244
10,0.1,6,10,1,0.5385902608
10,0.1,7,10,1,0.5380015415
10,0.1,8,10,1,0.5374629231
10,0.1,9,10,1,0.5388207735
10,0.1,10,10,1,0.5376429542
10,0.1,1,20,0.5,0.5408942603
10,0.1,2,20,0.5,0.5396504055
10,0.1,3,20,0.5,0.5422574026
10,0.1,4,20,0.5,0.5415734477
10,0.1,5,20,0.5,0.5405794487
10,0.1,6,20,0.5,0.5408788392
10,0.1,7,20,0.5,0.5418353384
10,0.1,8,20,0.5,0.5419616691
10,0.1,9,20,0.5,0.5426209654
10,0.1,10,20,0.5,0.5416809305
10,0.1,1,30,0.3333333333,0.5429115459
10,0.1,2,30,0.3333333333,0.5410743778
10,0.1,3,30,0.3333333333,0.5425421873
10,0.1,4,30,0.3333333333,0.5424038133
10,0.1,5,30,0.3333333333,0.5426651985
10,0.1,6,30,0.3333333333,0.5427031451
10,0.1,7,30,0.3333333333,0.5425718988
10,0.1,8,30,0.3333333333,0.5423396938
10,0.1,9,30,0.3333333333,0.543596787
10,0.1,10,30,0.3333333333,0.5435411817
10,0.1,1,50,0.2,0.5444729268
10,0.1,2,50,0.2,0.5426391411
10,0.1,3,50,0.2,0.5434614917
10,0.1,4,50,0.2,0.5438606538
10,0.1,5,50,0.2,0.5432442402
10,0.1,6,50,0.2,0.5433557497
10,0.1,7,50,0.2,0.5433368087
10,0.1,8,50,0.2,0.543660087
10,0.1,9,50,0.2,0.5441782857
10,0.1,10,50,0.2,0.5439746913
10,0.1,1,80,0.125,0.5453492434
10,0.1,2,80,0.125,0.5423324633
10,0.1,3,80,0.125,0.5447292516
10,0.1,4,80,0.125,0.5436036208
10,0.1,5,80,0.125,0.5438949622
10,0.1,6,80,0.125,0.5441961648
10,0.1,7,80,0.125,0.543659053
10,0.1,8,80,0.125,0.5446682509
10,0.1,9,80,0.125,0.5452298755
10,0.1,10,80,0.125,0.5442552091
10,0.1,1,100,0.1,0.5446671111
10,0.1,2,100,0.1,0.5429058714
10,0.1,3,100,0.1,0.5462187785
10,0.1,4,100,0.1,0.5439629094
10,0.1,5,100,0.1,0.5443898987
10,0.1,6,100,0.1,0.5443061384
10,0.1,7,100,0.1,0.5430861503
10,0.1,8,100,0.1,0.5452088107
10,0.1,9,100,0.1,0.5455664874
10,0.1,10,100,0.1,0.5452772889
10,0.1,1,300,0.03333333333,0.5440160105
10,0.1,2,300,0.03333333333,0.5449091661
10,0.1,3,300,0.03333333333,0.5451301816
10,0.1,4,300,0.03333333333,0.5446385767
10,0.1,5,300,0.03333333333,0.545388693
10,0.1,6,300,0.03333333333,0.5470633627
10,0.1,7,300,0.03333333333,0.5446429417
10,0.1,8,300,0.03333333333,0.5460951945
10,0.1,9,300,0.03333333333,0.544401135
10,0.1,10,300,0.03333333333,0.5455629792
10,0.1,1,1000,0.01,0.5456006167
10,0.1,2,1000,0.01,0.5466162495
10,0.1,3,1000,0.01,0.54483906
10,0.1,4,1000,0.01,0.5452312807
10,0.1,5,1000,0.01,0.5451661569
10,0.1,6,1000,0.01,0.5464965899
10,0.1,7,1000,0.01,0.5436694442
10,0.1,8,1000,0.01,0.5453090893
10,0.1,9,1000,0.01,0.5456569559
10,0.1,10,1000,0.01,0.5451139474
10,0.1,1,3000,0.003333333333,0.5464620024
10,0.1,2,3000,0.003333333333,0.5460175984
10,0.1,3,3000,0.003333333333,0.5464419833
10,0.1,4,3000,0.003333333333,0.5456493174
10,0.1,5,3000,0.003333333333,0.5452461187
10,0.1,6,3000,0.003333333333,0.5465185443
10,0.1,7,3000,0.003333333333,0.5449064228
10,0.1,8,3000,0.003333333333,0.5455695496
10,0.1,9,3000,0.003333333333,0.5455887683
10,0.1,10,3000,0.003333333333,0.5452129286
1,1,1,1,1,0.4385652099
1,1,2,1,1,0.4397503013
1,1,3,1,1,0.4364124905
1,1,4,1,1,0.4380357059
1,1,5,1,1,0.4363771634
1,1,6,1,1,0.4394762495
1,1,7,1,1,0.4347916783
1,1,8,1,1,0.4386611839
1,1,9,1,1,0.4377398064
1,1,10,1,1,0.4361721631
1,1,1,2,0.5,0.4741378177
1,1,2,2,0.5,0.472237411
1,1,3,2,0.5,0.4739060972
1,1,4,2,0.5,0.4751954897
1,1,5,2,0.5,0.4731944729
1,1,6,2,0.5,0.4764518176
1,1,7,2,0.5,0.4704049567
1,1,8,2,0.5,0.475861936
1,1,9,2,0.5,0.4728658769
1,1,10,2,0.5,0.4694909428
1,1,1,3,0.3333333333,0.4864875602
1,1,2,3,0.3333333333,0.4852392055
1,1,3,3,0.3333333333,0.4830919795
1,1,4,3,0.3333333333,0.4839825567
1,1,5,3,0.3333333333,0.4861059188
1,1,6,3,0.3333333333,0.4847205075
1,1,7,3,0.3333333333,0.479232591
1,1,8,3,0.3333333333,0.4852891812
1,1,9,3,0.3333333333,0.4835222486
1,1,10,3,0.3333333333,0.4800161274
1,1,1,5,0.2,0.4952270044
1,1,2,5,0.2,0.4904333993
1,1,3,5,0.2,0.4924518852
1,1,4,5,0.2,0.4951538782
1,1,5,5,0.2,0.4949121198
1,1,6,5,0.2,0.4967076736
1,1,7,5,0.2,0.4903766341
1,1,8,5,0.2,0.4974147767
1,1,9,5,0.2,0.49264979
1,1,10,5,0.2,0.4923227365
1,1,1,8,0.125,0.4988620566
1,1,2,8,0.125,0.4968421831
1,1,3,8,0.125,0.5025014286
1,1,4,8,0.125,0.4995050439
1,1,5,8,0.125,0.5001657146
1,1,6,8,0.125,0.5017196505
1,1,7,8,0.125,0.4978351325
1,1,8,8,0.125,0.5015918723
1,1,9,8,0.125,0.4980851111
1,1,10,8,0.125,0.5005301104
1,1,1,10,0.1,0.5025012013
1,1,2,10,0.1,0.4984306426
1,1,3,10,0.1,0.5054919199
1,1,4,10,0.1,0.4999641264
1,1,5,10,0.1,0.5036127606
1,1,6,10,0.1,0.5026031368
1,1,7,10,0.1,0.5001563418
1,1,8,10,0.1,0.5040947717
1,1,9,10,0.1,0.5022814364
1,1,10,10,0.1,0.5013403206
1,1,1,20,0.05,0.504180932
1,1,2,20,0.05,0.5043465264
1,1,3,20,0.05,0.5023290113
1,1,4,20,0.05,0.5043649977
1,1,5,20,0.05,0.5041130878
1,1,6,20,0.05,0.5065146914
1,1,7,20,0.05,0.5044388447
1,1,8,20,0.05,0.5049715344
1,1,9,20,0.05,0.5052195903
1,1,10,20,0.05,0.5045512264
1,1,1,30,0.03333333333,0.5078045831
1,1,2,30,0.03333333333,0.5038457727
1,1,3,30,0.03333333333,0.5033682615
1,1,4,30,0.03333333333,0.5043181637
1,1,5,30,0.03333333333,0.504332709
1,1,6,30,0.03333333333,0.5061058626
1,1,7,30,0.03333333333,0.5046740051
1,1,8,30,0.03333333333,0.5078674164
1,1,9,30,0.03333333333,0.5090754582
1,1,10,30,0.03333333333,0.5073880896
1,1,1,50,0.02,0.5061137145
1,1,2,50,0.02,0.5047591918
1,1,3,50,0.02,0.5061820566
1,1,4,50,0.02,0.5048509355
1,1,5,50,0.02,0.5082066876
1,1,6,50,0.02,0.503040517
1,1,7,50,0.02,0.5018770753
1,1,8,50,0.02,0.5084083708
1,1,9,50,0.02,0.5103167679
1,1,10,50,0.02,0.5089099108
1,1,1,80,0.0125,0.5078640464
1,1,2,80,0.0125,0.5063688769
1,1,3,80,0.0125,0.5069106288
1,1,4,80,0.0125,0.5023184046
1,1,5,80,0.0125,0.5083508977
1,1,6,80,0.0125,0.5062124753
1,1,7,80,0.0125,0.5025059399
1,1,8,80,0.0125,0.5080346202
1,1,9,80,0.0125,0.5086311396
1,1,10,80,0.0125,0.5081576001
1,1,1,100,0.01,0.5050681969
1,1,2,100,0.01,0.508726397
1,1,3,100,0.01,0.5076504481
1,1,4,100,0.01,0.5033444673
1,1,5,100,0.01,0.5098107756
1,1,6,100,0.01,0.507579706
1,1,7,100,0.01,0.5037436349
1,1,8,100,0.01,0.5081713419
1,1,9,100,0.01,0.5091366499
1,1,10,100,0.01,0.5098195325
1,1,1,300,0.003333333333,0.5039718478
1,1,2,300,0.003333333333,0.5079729282
1,1,3,300,0.003333333333,0.5081964038
1,1,4,300,0.003333333333,0.5059138801
1,1,5,300,0.003333333333,0.5106739398
1,1,6,300,0.003333333333,0.5097049073
1,1,7,300,0.003333333333,0.5040150331
1,1,8,300,0.003333333333,0.5056552986
1,1,9,300,0.003333333333,0.5074934032
1,1,10,300,0.003333333333,0.5081414465
1,1,1,1000,0.001,0.5070716157
1,1,2,1000,0.001,0.5087697748
1,1,3,1000,0.001,0.5102272451
1,1,4,1000,0.001,0.5074756073
1,1,5,1000,0.001,0.506841702
1,1,6,1000,0.001,0.5096832811
1,1,7,1000,0.001,0.5040928815
1,1,8,1000,0.001,0.5085280604
1,1,9,1000,0.001,0.5080129206
1,1,10,1000,0.001,0.5057190423
1,1,1,3000,0.0003333333333,0.5080307778
1,1,2,3000,0.0003333333333,0.5096536661
1,1,3,3000,0.0003333333333,0.5086910674
1,1,4,3000,0.0003333333333,0.5089515004
1,1,5,3000,0.0003333333333,0.5095627531
1,1,6,3000,0.0003333333333,0.5068714314
1,1,7,3000,0.0003333333333,0.5056412377
1,1,8,3000,0.0003333333333,0.5068016804
1,1,9,3000,0.0003333333333,0.5079745236
1,1,10,3000,0.0003333333333,0.5050451064
0.1,10,1,1,0.1,0.246987348
0.1,10,2,1,0.1,0.2469832943
0.1,10,3,1,0.1,0.2443058698
0.1,10,4,1,0.1,0.2366404498
0.1,10,5,1,0.1,0.2354035853
0.1,10,6,1,0.1,0.2435397332
0.1,10,7,1,0.1,0.238076956
0.1,10,8,1,0.1,0.2419198004
0.1,10,9,1,0.1,0.2434520736
0.1,10,10,1,0.1,0.2417323199
0.1,10,1,2,0.05,0.2740859141
0.1,10,2,2,0.05,0.2767086698
0.1,10,3,2,0.05,0.2803234054
0.1,10,4,2,0.05,0.276958178
0.1,10,5,2,0.05,0.2794268806
0.1,10,6,2,0.05,0.2816501403
0.1,10,7,2,0.05,0.2703422693
0.1,10,8,2,0.05,0.275468507
0.1,10,9,2,0.05,0.2741533952
0.1,10,10,2,0.05,0.278950358
0.1,10,1,3,0.03333333333,0.2940884472
0.1,10,2,3,0.03333333333,0.2928367548
0.1,10,3,3,0.03333333333,0.2922535778
0.1,10,4,3,0.03333333333,0.2904235369
0.1,10,5,3,0.03333333333,0.2903870218
0.1,10,6,3,0.03333333333,0.2932596344
0.1,10,7,3,0.03333333333,0.287271399
0.1,10,8,3,0.03333333333,0.2917039388
0.1,10,9,3,0.03333333333,0.2898484397
0.1,10,10,3,0.03333333333,0.2935981238
0.1,10,1,5,0.02,0.3084917998
0.1,10,2,5,0.02,0.3078837401
0.1,10,3,5,0.02,0.3045816474
0.1,10,4,5,0.02,0.3032779354
0.1,10,5,5,0.02,0.3072000528
0.1,10,6,5,0.02,0.3046461911
0.1,10,7,5,0.02,0.3050646147
0.1,10,8,5,0.02,0.3052967197
0.1,10,9,5,0.02,0.2994100699
0.1,10,10,5,0.02,0.3101372879
0.1,10,1,8,0.0125,0.318194646
0.1,10,2,8,0.0125,0.3208070776
0.1,10,3,8,0.0125,0.3149635299
0.1,10,4,8,0.0125,0.3081465362
0.1,10,5,8,0.0125,0.315465398
0.1,10,6,8,0.0125,0.311534804
0.1,10,7,8,0.0125,0.3127367532
0.1,10,8,8,0.0125,0.3125200046
0.1,10,9,8,0.0125,0.304667518
0.1,10,10,8,0.0125,0.315852157
0.1,10,1,10,0.01,0.3204535693
0.1,10,2,10,0.01,0.3256074852
0.1,10,3,10,0.01,0.31913655
0.1,10,4,10,0.01,0.3076836927
0.1,10,5,10,0.01,0.3169850083
0.1,10,6,10,0.01,0.3113157677
0.1,10,7,10,0.01,0.3140130588
0.1,10,8,10,0.01,0.3141462968
0.1,10,9,10,0.01,0.3107368064
0.1,10,10,10,0.01,0.3167005665
0.1,10,1,20,0.005,0.3269206277
0.1,10,2,20,0.005,0.3274125991
0.1,10,3,20,0.005,0.3230963015
0.1,10,4,20,0.005,0.3197667208
0.1,10,5,20,0.005,0.3242447162
0.1,10,6,20,0.005,0.3113900296
0.1,10,7,20,0.005,0.3188974245
0.1,10,8,20,0.005,0.3248319995
0.1,10,9,20,0.005,0.3168637604
0.1,10,10,20,0.005,0.3233266463
0.1,10,1,30,0.003333333333,0.32698373
0.1,10,2,30,0.003333333333,0.3280225245
0.1,10,3,30,0.003333333333,0.3270288898
0.1,10,4,30,0.003333333333,0.3184256457
0.1,10,5,30,0.003333333333,0.3244199211
0.1,10,6,30,0.003333333333,0.3167423428
0.1,10,7,30,0.003333333333,0.3190138887
0.1,10,8,30,0.003333333333,0.3213981929
0.1,10,9,30,0.003333333333,0.3206646183
0.1,10,10,30,0.003333333333,0.3239983603
0.1,10,1,50,0.002,0.3275742764
0.1,10,2,50,0.002,0.3261212838
0.1,10,3,50,0.002,0.3258682021
0.1,10,4,50,0.002,0.3207196803
0.1,10,5,50,0.002,0.3276761205
0.1,10,6,50,0.002,0.317190183
0.1,10,7,50,0.002,0.3167707547
0.1,10,8,50,0.002,0.3215996588
0.1,10,9,50,0.002,0.3214630352
0.1,10,10,50,0.002,0.3259070309
0.1,10,1,80,0.00125,0.3290640178
0.1,10,2,80,0.00125,0.3303811916
0.1,10,3,80,0.00125,0.3231256999
0.1,10,4,80,0.00125,0.318408011
0.1,10,5,80,0.00125,0.3280364843
0.1,10,6,80,0.00125,0.3226279884
0.1,10,7,80,0.00125,0.3192645982
0.1,10,8,80,0.00125,0.3271952535
0.1,10,9,80,0.00125,0.3241334219
0.1,10,10,80,0.00125,0.3276695758
0.1,10,1,100,0.001,0.3282890889
0.1,10,2,100,0.001,0.3287673658
0.1,10,3,100,0.001,0.3259697051
0.1,10,4,100,0.001,0.3196585791
0.1,10,5,100,0.001,0.3288764091
0.1,10,6,100,0.001,0.3253984986
0.1,10,7,100,0.001,0.3221312786
0.1,10,8,100,0.001,0.3271852877
0.1,10,9,100,0.001,0.3243267476
0.1,10,10,100,0.001,0.3281829253
0.1,10,1,300,0.0003333333333,0.3277216752
0.1,10,2,300,0.0003333333333,0.3238897043
0.1,10,3,300,0.0003333333333,0.3255509768
0.1,10,4,300,0.0003333333333,0.3244497082
0.1,10,5,300,0.0003333333333,0.3327951467
0.1,10,6,300,0.0003333333333,0.3278290892
0.1,10,7,300,0.0003333333333,0.3200055434
0.1,10,8,300,0.0003333333333,0.3249131334
0.1,10,9,300,0.0003333333333,0.326092408
0.1,10,10,300,0.0003333333333,0.3279080198
0.1,10,1,1000,0.0001,0.3293517164
0.1,10,2,1000,0.0001,0.3245900443
0.1,10,3,1000,0.0001,0.329436374
0.1,10,4,1000,0.0001,0.3244082252
0.1,10,5,1000,0.0001,0.3280149134
0.1,10,6,1000,0.0001,0.3253896718
0.1,10,7,1000,0.0001,0.3180451638
0.1,10,8,1000,0.0001,0.3271105769
0.1,10,9,1000,0.0001,0.3231180449
0.1,10,10,1000,0.0001,0.3224455159
0.1,10,1,3000,3.333333333e-05,0.3230994627
0.1,10,2,3000,3.333333333e-05,0.3271550866
0.1,10,3,3000,3.333333333e-05,0.3256135691
0.1,10,4,3000,3.333333333e-05,0.3209531148
0.1,10,5,3000,3.333333333e-05,0.3290487271
0.1,10,6,3000,3.333333333e-05,0.3218971702
0.1,10,7,3000,3.333333333e-05,0.3171547757
0.1,10,8,3000,3.333333333e-05,0.3245228431
0.1,10,9,3000,3.333333333e-05,0.3206922201
0.1,10,10,3000,3.333333333e-05,0.3225081649
