duration_ms,theta,scheme,seed,nsteps,tau_ms,attenuation
10,0.1,linear,1,1,10,0.5216678068
10,0.1,exp,1,1,10,0.4721276375
10,0.1,bessel,1,1,10,0.4502411955
10,0.1,linear,1,2,5,0.5453234038
10,0.1,exp,1,2,5,0.5069049373
10,0.1,bessel,1,2,5,0.489313492
10,0.1,linear,1,3,3.333333333,0.5525400483
10,0.1,exp,1,3,3.333333333,0.5203264369
10,0.1,bessel,1,3,3.333333333,0.5053291305
10,0.1,linear,1,5,2,0.5548240026
10,0.1,exp,1,5,2,0.5294529175
10,0.1,bessel,1,5,2,0.517445854
10,0.1,linear,1,8,1.25,0.5562295573
10,0.1,exp,1,8,1.25,0.5360308989
10,0.1,bessel,1,8,1.25,0.5263568887
10,0.1,linear,1,10,1,0.5556411311
10,0.1,exp,1,10,1,0.537561854
10,0.1,bessel,1,10,1,0.5288623165
10,0.1,linear,1,20,0.5,0.5544364611
10,0.1,exp,1,20,0.5,0.5416518639
10,0.1,bessel,1,20,0.5,0.5354286545
10,0.1,linear,1,30,0.3333333333,0.5535570228
10,0.1,exp,1,30,0.3333333333,0.5431360168
10,0.1,bessel,1,30,0.3333333333,0.5380376314
10,0.1,linear,1,50,0.2,0.5521205411
10,0.1,exp,1,50,0.2,0.5440712639
10,0.1,bessel,1,50,0.2,0.5401134663
10,0.1,linear,1,80,0.125,0.5511258002
10,0.1,exp,1,80,0.125,0.5447785474
10,0.1,bessel,1,80,0.125,0.5416464493
10,0.1,linear,1,100,0.1,0.5507976287
10,0.1,exp,1,100,0.1,0.5451266724
10,0.1,bessel,1,100,0.1,0.542324327
10,0.1,linear,1,300,0.03333333333,0.5479978234
10,0.1,exp,1,300,0.03333333333,0.5447420367
10,0.1,bessel,1,300,0.03333333333,0.5431250901
10,0.1,linear,1,1000,0.01,0.5469058584
10,0.1,exp,1,1000,0.01,0.545128846
10,0.1,bessel,1,1000,0.01,0.5442435996
10,0.1,linear,1,3000,0.003333333333,0.5462479102
10,0.1,exp,1,3000,0.003333333333,0.5452239307
10,0.1,bessel,1,3000,0.003333333333,0.5447130234
10,0.1,linear,2,1,10,0.5237799912
10,0.1,exp,2,1,10,0.4741122448
10,0.1,bessel,2,1,10,0.4521618233
10,0.1,linear,2,2,5,0.5445381337
10,0.1,exp,2,2,5,0.5061559318
10,0.1,bessel,2,2,5,0.4885827363
10,0.1,linear,2,3,3.333333333,0.5513722113
10,0.1,exp,2,3,3.333333333,0.5191733998
10,0.1,bessel,2,3,3.333333333,0.5041857924
10,0.1,linear,2,5,2,0.5554651925
10,0.1,exp,2,5,2,0.5300794979
10,0.1,bessel,2,5,2,0.5180648689
10,0.1,linear,2,8,1.25,0.5559200144
10,0.1,exp,2,8,1.25,0.5357289638
10,0.1,bessel,2,8,1.25,0.5260587262
10,0.1,linear,2,10,1,0.555436783
10,0.1,exp,2,10,1,0.5373575959
10,0.1,bessel,2,10,1,0.528658316
10,0.1,linear,2,20,0.5,0.5547236179
10,0.1,exp,2,20,0.5,0.5419373213
10,0.1,bessel,2,20,0.5,0.5357131731
10,0.1,linear,2,30,0.3333333333,0.553232189
10,0.1,exp,2,30,0.3333333333,0.5428128757
10,0.1,bessel,2,30,0.3333333333,0.5377154013
10,0.1,linear,2,50,0.2,0.5520460734
10,0.1,exp,2,50,0.2,0.5439962179
10,0.1,bessel,2,50,0.2,0.5400381564
10,0.1,linear,2,80,0.125,0.550591368
10,0.1,exp,2,80,0.125,0.544246468
10,0.1,bessel,2,80,0.125,0.5411155766
10,0.1,linear,2,100,0.1,0.5502768198
10,0.1,exp,2,100,0.1,0.5446082049
10,0.1,bessel,2,100,0.1,0.5418070496
10,0.1,linear,2,300,0.03333333333,0.5483792137
10,0.1,exp,2,300,0.03333333333,0.5451224794
10,0.1,bessel,2,300,0.03333333333,0.5435050542
10,0.1,linear,2,1000,0.01,0.5470914295
10,0.1,exp,2,1000,0.01,0.5453143726
10,0.1,bessel,2,1000,0.01,0.5444291023
10,0.1,linear,2,3000,0.003333333333,0.5460554428
10,0.1,exp,2,3000,0.003333333333,0.5450316958
10,0.1,bessel,2,3000,0.003333333333,0.5445209048
10,0.1,linear,3,1,10,0.5221343432
10,0.1,exp,3,1,10,0.4726442221
10,0.1,bessel,3,1,10,0.4507676948
10,0.1,linear,3,2,5,0.5463411322
10,0.1,exp,3,2,5,0.5079378102
10,0.1,bessel,3,2,5,0.4903481734
10,0.1,linear,3,3,3.333333333,0.5519696542
10,0.1,exp,3,3,3.333333333,0.5197795961
10,0.1,bessel,3,3,3.333333333,0.5047941764
10,0.1,linear,3,5,2,0.5552454468
10,0.1,exp,3,5,2,0.5298528397
10,0.1,bessel,3,5,2,0.517835563
10,0.1,linear,3,8,1.25,0.5552549307
10,0.1,exp,3,8,1.25,0.5350746111
10,0.1,bessel,3,8,1.25,0.525410028
10,0.1,linear,3,10,1,0.5557455016
10,0.1,exp,3,10,1,0.5376615041
10,0.1,bessel,3,10,1,0.5289597005
10,0.1,linear,3,20,0.5,0.5547180621
10,0.1,exp,3,20,0.5,0.5419330792
10,0.1,bessel,3,20,0.5,0.5357095508
10,0.1,linear,3,30,0.3333333333,0.5534314636
10,0.1,exp,3,30,0.3333333333,0.5430116424
10,0.1,bessel,3,30,0.3333333333,0.5379138628
10,0.1,linear,3,50,0.2,0.5520924088
10,0.1,exp,3,50,0.2,0.5440427481
10,0.1,bessel,3,50,0.2,0.5400847701
10,0.1,linear,3,80,0.125,0.5509504351
10,0.1,exp,3,80,0.125,0.5446039185
10,0.1,bessel,3,80,0.125,0.5414721989
10,0.1,linear,3,100,0.1,0.55056435
10,0.1,exp,3,100,0.1,0.5448941645
10,0.1,bessel,3,100,0.1,0.5420922166
10,0.1,linear,3,300,0.03333333333,0.5483182743
10,0.1,exp,3,300,0.03333333333,0.5450619102
10,0.1,bessel,3,300,0.03333333333,0.5434446691
10,0.1,linear,3,1000,0.01,0.5473191822
10,0.1,exp,3,1000,0.01,0.5455416708
10,0.1,bessel,3,1000,0.01,0.544656173
10,0.1,linear,3,3000,0.003333333333,0.5460255052
10,0.1,exp,3,3000,0.003333333333,0.5450018354
10,0.1,bessel,3,3000,0.003333333333,0.5444910829
10,0.1,linear,4,1,10,0.5216095394
10,0.1,exp,4,1,10,0.47214722
10,0.1,bessel,4,1,10,0.4502886087
10,0.1,linear,4,2,5,0.5442476389
10,0.1,exp,4,2,5,0.5059087281
10,0.1,bessel,4,2,5,0.4883533173
10,0.1,linear,4,3,3.333333333,0.5518431761
10,0.1,exp,4,3,3.333333333,0.519648792
10,0.1,bessel,4,3,3.333333333,0.5046617706
10,0.1,linear,4,5,2,0.5558621214
10,0.1,exp,4,5,2,0.5304775511
10,0.1,bessel,4,5,2,0.5184626897
10,0.1,linear,4,8,1.25,0.5560923992
10,0.1,exp,4,8,1.25,0.5358947249
10,0.1,bessel,4,8,1.25,0.5262212758
10,0.1,linear,4,10,1,0.5563507679
10,0.1,exp,4,10,1,0.5382630525
10,0.1,bessel,4,10,1,0.5295589911
10,0.1,linear,4,20,0.5,0.5547909338
10,0.1,exp,4,20,0.5,0.5420043475
10,0.1,bessel,4,20,0.5,0.5357800291
10,0.1,linear,4,30,0.3333333333,0.553601886
10,0.1,exp,4,30,0.3333333333,0.5431796256
10,0.1,bessel,4,30,0.3333333333,0.5380806302
10,0.1,linear,4,50,0.2,0.5517574937
10,0.1,exp,4,50,0.2,0.543710074
10,0.1,bessel,4,50,0.2,0.5397532387
10,0.1,linear,4,80,0.125,0.5505084941
10,0.1,exp,4,80,0.125,0.5441632597
10,0.1,bessel,4,80,0.125,0.5410322166
10,0.1,linear,4,100,0.1,0.5505488078
10,0.1,exp,4,100,0.1,0.5448788238
10,0.1,bessel,4,100,0.1,0.5420769753
10,0.1,linear,4,300,0.03333333333,0.5483259435
10,0.1,exp,4,300,0.03333333333,0.5450698135
10,0.1,bessel,4,300,0.03333333333,0.5434526875
10,0.1,linear,4,1000,0.01,0.546586282
10,0.1,exp,4,1000,0.01,0.5448097098
10,0.1,bessel,4,1000,0.01,0.5439246847
10,0.1,linear,4,3000,0.003333333333,0.5459599065
10,0.1,exp,4,3000,0.003333333333,0.5449362339
10,0.1,bessel,4,3000,0.003333333333,0.5444254803
10,0.1,linear,5,1,10,0.5224900235
10,0.1,exp,5,1,10,0.4729897175
10,0.1,bessel,5,1,10,0.4511088504
10,0.1,linear,5,2,5,0.5462290586
10,0.1,exp,5,2,5,0.5078289254
10,0.1,bessel,5,2,5,0.4902411091
10,0.1,linear,5,3,3.333333333,0.5519116867
10,0.1,exp,5,3,3.333333333,0.5197166829
10,0.1,bessel,5,3,3.333333333,0.5047293358
10,0.1,linear,5,5,2,0.5557659502
10,0.1,exp,5,5,2,0.5303822971
10,0.1,bessel,5,5,2,0.5183679764
10,0.1,linear,5,8,1.25,0.5568587913
10,0.1,exp,5,8,1.25,0.5366493835
10,0.1,bessel,5,8,1.25,0.5269697992
10,0.1,linear,5,10,1,0.5565086181
10,0.1,exp,5,10,1,0.5384115313
10,0.1,bessel,5,10,1,0.5297030447
10,0.1,linear,5,20,0.5,0.5543470534
10,0.1,exp,5,20,0.5,0.5415637618
10,0.1,bessel,5,20,0.5,0.5353412199
10,0.1,linear,5,30,0.3333333333,0.5534310864
10,0.1,exp,5,30,0.3333333333,0.5430118404
10,0.1,bessel,5,30,0.3333333333,0.5379143332
10,0.1,linear,5,50,0.2,0.5518245112
10,0.1,exp,5,50,0.2,0.5437756049
10,0.1,bessel,5,50,0.2,0.5398180408
10,0.1,linear,5,80,0.125,0.5510306457
10,0.1,exp,5,80,0.125,0.5446839262
10,0.1,bessel,5,80,0.125,0.5415520986
10,0.1,linear,5,100,0.1,0.5505877447
10,0.1,exp,5,100,0.1,0.5449174644
10,0.1,bessel,5,100,0.1,0.5421154682
10,0.1,linear,5,300,0.03333333333,0.5483498543
10,0.1,exp,5,300,0.03333333333,0.5450932056
10,0.1,bessel,5,300,0.03333333333,0.5434758235
10,0.1,linear,5,1000,0.01,0.5467797119
10,0.1,exp,5,1000,0.01,0.5450029503
10,0.1,bessel,5,1000,0.01,0.5441178295
10,0.1,linear,5,3000,0.003333333333,0.5463938881
10,0.1,exp,5,3000,0.003333333333,0.5453698659
10,0.1,bessel,5,3000,0.003333333333,0.5448589369
10,0.1,linear,6,1,10,0.5221563077
10,0.1,exp,6,1,10,0.4725729432
10,0.1,bessel,6,1,10,0.450666139
10,0.1,linear,6,2,5,0.5454004007
10,0.1,exp,6,2,5,0.5069960205
10,0.1,bessel,6,2,5,0.489410097
10,0.1,linear,6,3,3.333333333,0.5519239981
10,0.1,exp,6,3,3.333333333,0.5197186816
10,0.1,bessel,6,3,3.333333333,0.5047268234
10,0.1,linear,6,5,2,0.5552343179
10,0.1,exp,6,5,2,0.5298572142
10,0.1,bessel,6,5,2,0.5178467733
10,0.1,linear,6,8,1.25,0.5563389787
10,0.1,exp,6,8,1.25,0.5361378603
10,0.1,bessel,6,8,1.25,0.526462587
10,0.1,linear,6,10,1,0.5560655727
10,0.1,exp,6,10,1,0.5379755597
10,0.1,bessel,6,10,1,0.5292706969
10,0.1,linear,6,20,0.5,0.5543793617
10,0.1,exp,6,20,0.5,0.5415926368
10,0.1,bessel,6,20,0.5,0.53536846
10,0.1,linear,6,30,0.3333333333,0.5534122826
10,0.1,exp,6,30,0.3333333333,0.5429911369
10,0.1,bessel,6,30,0.3333333333,0.537892731
10,0.1,linear,6,50,0.2,0.5516684084
10,0.1,exp,6,50,0.2,0.5436212314
10,0.1,bessel,6,50,0.2,0.5396645317
10,0.1,linear,6,80,0.125,0.5511494745
10,0.1,exp,6,80,0.125,0.5448026355
10,0.1,bessel,6,80,0.125,0.5416707363
10,0.1,linear,6,100,0.1,0.550300808
10,0.1,exp,6,100,0.1,0.5446314529
10,0.1,bessel,6,100,0.1,0.5418299354
10,0.1,linear,6,300,0.03333333333,0.5484574814
10,0.1,exp,6,300,0.03333333333,0.5452007234
10,0.1,bessel,6,300,0.03333333333,0.5435832841
10,0.1,linear,6,1000,0.01,0.5468758144
10,0.1,exp,6,1000,0.01,0.5450987397
10,0.1,bessel,6,1000,0.01,0.5442134627
10,0.1,linear,6,3000,0.003333333333,0.5464176736
10,0.1,exp,6,3000,0.003333333333,0.5453937014
10,0.1,bessel,6,3000,0.003333333333,0.5448827972
10,0.1,linear,7,1,10,0.5225941856
10,0.1,exp,7,1,10,0.4730250348
10,0.1,bessel,7,1,10,0.4511185127
10,0.1,linear,7,2,5,0.5452431255
10,0.1,exp,7,2,5,0.5068462435
10,0.1,bessel,7,2,5,0.4892641859
10,0.1,linear,7,3,3.333333333,0.5516979803
10,0.1,exp,7,3,3.333333333,0.5194888936
10,0.1,bessel,7,3,3.333333333,0.5044960588
10,0.1,linear,7,5,2,0.5554364777
10,0.1,exp,7,5,2,0.5300609297
10,0.1,bessel,7,5,2,0.5180508024
10,0.1,linear,7,8,1.25,0.5559489657
10,0.1,exp,7,8,1.25,0.5357565411
10,0.1,bessel,7,8,1.25,0.5260856334
10,0.1,linear,7,10,1,0.5555267726
10,0.1,exp,7,10,1,0.5374474143
10,0.1,bessel,7,10,1,0.5287479301
10,0.1,linear,7,20,0.5,0.5544520588
10,0.1,exp,7,20,0.5,0.5416653582
10,0.1,bessel,7,20,0.5,0.5354411594
10,0.1,linear,7,30,0.3333333333,0.5533930039
10,0.1,exp,7,30,0.3333333333,0.5429725281
10,0.1,bessel,7,30,0.3333333333,0.5378744491
10,0.1,linear,7,50,0.2,0.5520337379
10,0.1,exp,7,50,0.2,0.5439834466
10,0.1,bessel,7,50,0.2,0.540025178
10,0.1,linear,7,80,0.125,0.5511318988
10,0.1,exp,7,80,0.125,0.5447848453
10,0.1,bessel,7,80,0.125,0.5416528433
10,0.1,linear,7,100,0.1,0.5504225409
10,0.1,exp,7,100,0.1,0.5447528781
10,0.1,bessel,7,100,0.1,0.5419511986
10,0.1,linear,7,300,0.03333333333,0.548136347
10,0.1,exp,7,300,0.03333333333,0.5448803203
10,0.1,bessel,7,300,0.03333333333,0.5432632512
10,0.1,linear,7,1000,0.01,0.5467169348
10,0.1,exp,7,1000,0.01,0.5449400468
10,0.1,bessel,7,1000,0.01,0.5440548639
10,0.1,linear,7,3000,0.003333333333,0.546624062
10,0.1,exp,7,3000,0.003333333333,0.5455999144
10,0.1,bessel,7,3000,0.003333333333,0.5450889222
10,0.1,linear,8,1,10,0.5223687341
10,0.1,exp,8,1,10,0.4728351764
10,0.1,bessel,8,1,10,0.4509460252
10,0.1,linear,8,2,5,0.544902269
10,0.1,exp,8,2,5,0.5064806309
10,0.1,bessel,8,2,5,0.4888897578
10,0.1,linear,8,3,3.333333333,0.5514272866
10,0.1,exp,8,3,3.333333333,0.5192408204
10,0.1,bessel,8,3,3.333333333,0.5042582388
10,0.1,linear,8,5,2,0.5546877176
10,0.1,exp,8,5,2,0.5293187551
10,0.1,bessel,8,5,2,0.5173128931
10,0.1,linear,8,8,1.25,0.5558116285
10,0.1,exp,8,8,1.25,0.5356239879
10,0.1,bessel,8,8,1.25,0.5259554298
10,0.1,linear,8,10,1,0.5561338306
10,0.1,exp,8,10,1,0.5380446299
10,0.1,bessel,8,10,1,0.5293400888
10,0.1,linear,8,20,0.5,0.5549048099
10,0.1,exp,8,20,0.5,0.5421166441
10,0.1,bessel,8,20,0.5,0.5358915367
10,0.1,linear,8,30,0.3333333333,0.5534320689
10,0.1,exp,8,30,0.3333333333,0.5430122107
10,0.1,bessel,8,30,0.3333333333,0.5379144085
10,0.1,linear,8,50,0.2,0.5524702777
10,0.1,exp,8,50,0.2,0.5444188866
10,0.1,bessel,8,50,0.2,0.5404600039
10,0.1,linear,8,80,0.125,0.5506500624
10,0.1,exp,8,80,0.125,0.5443044397
10,0.1,bessel,8,80,0.125,0.5411731911
10,0.1,linear,8,100,0.1,0.5503004827
10,0.1,exp,8,100,0.1,0.5446312905
10,0.1,bessel,8,100,0.1,0.5418298525
10,0.1,linear,8,300,0.03333333333,0.548250993
10,0.1,exp,8,300,0.03333333333,0.5449948043
10,0.1,bessel,8,300,0.03333333333,0.5433776521
10,0.1,linear,8,1000,0.01,0.5470457496
10,0.1,exp,8,1000,0.01,0.5452685202
10,0.1,bessel,8,1000,0.01,0.5443831648
10,0.1,linear,8,3000,0.003333333333,0.5462548907
10,0.1,exp,8,3000,0.003333333333,0.5452310937
10,0.1,bessel,8,3000,0.003333333333,0.5447202772
10,0.1,linear,9,1,10,0.5224592051
10,0.1,exp,9,1,10,0.4728773697
10,0.1,bessel,9,1,10,0.4509677463
10,0.1,linear,9,2,5,0.5457255949
10,0.1,exp,9,2,5,0.5073316317
10,0.1,bessel,9,2,5,0.4897482776
10,0.1,linear,9,3,3.333333333,0.5517075517
10,0.1,exp,9,3,3.333333333,0.5195290855
10,0.1,bessel,9,3,3.333333333,0.5045493075
10,0.1,linear,9,5,2,0.5553135491
10,0.1,exp,9,5,2,0.5299442227
10,0.1,bessel,9,5,2,0.5179368893
10,0.1,linear,9,8,1.25,0.5555620423
10,0.1,exp,9,8,1.25,0.5353737544
10,0.1,bessel,9,8,1.25,0.5257052124
10,0.1,linear,9,10,1,0.5555865978
10,0.1,exp,9,10,1,0.5375077331
10,0.1,bessel,9,10,1,0.5288084426
10,0.1,linear,9,20,0.5,0.5544312548
10,0.1,exp,9,20,0.5,0.5416462107
10,0.1,bessel,9,20,0.5,0.5354227957
10,0.1,linear,9,30,0.3333333333,0.5530846181
10,0.1,exp,9,30,0.3333333333,0.5426671651
10,0.1,bessel,9,30,0.3333333333,0.5375706211
10,0.1,linear,9,50,0.2,0.5518529696
10,0.1,exp,9,50,0.2,0.5438038392
10,0.1,bessel,9,50,0.2,0.539846164
10,0.1,linear,9,80,0.125,0.5510138356
10,0.1,exp,9,80,0.125,0.5446672858
10,0.1,bessel,9,80,0.125,0.5415355432
10,0.1,linear,9,100,0.1,0.5504300119
10,0.1,exp,9,100,0.1,0.5447601808
10,0.1,bessel,9,100,0.1,0.5419584187
10,0.1,linear,9,300,0.03333333333,0.5484072747
10,0.1,exp,9,300,0.03333333333,0.5451506188
10,0.1,bessel,9,300,0.03333333333,0.5435332312
10,0.1,linear,9,1000,0.01,0.5467774579
10,0.1,exp,9,1000,0.01,0.5450006151
10,0.1,bessel,9,1000,0.01,0.5441154541
10,0.1,linear,9,3000,0.003333333333,0.5462558469
10,0.1,exp,9,3000,0.003333333333,0.5452318785
10,0.1,bessel,9,3000,0.003333333333,0.5447209767
10,0.1,linear,10,1,10,0.5230072735
10,0.1,exp,10,1,10,0.4733694455
10,0.1,bessel,10,1,10,0.451435331
10,0.1,linear,10,2,5,0.5452490489
10,0.1,exp,10,2,5,0.5068671359
10,0.1,bessel,10,2,5,0.489290785
10,0.1,linear,10,3,3.333333333,0.5520225701
10,0.1,exp,10,3,3.333333333,0.5198293378
10,0.1,bessel,10,3,3.333333333,0.504842267
10,0.1,linear,10,5,2,0.5552638989
10,0.1,exp,10,5,2,0.5298860913
10,0.1,bessel,10,5,2,0.51787526
10,0.1,linear,10,8,1.25,0.5557869469
10,0.1,exp,10,8,1.25,0.5355937525
10,0.1,bessel,10,8,1.25,0.5259227297
10,0.1,linear,10,10,1,0.5558286356
10,0.1,exp,10,10,1,0.5377485203
10,0.1,bessel,10,10,1,0.5290484131
10,0.1,linear,10,20,0.5,0.555108694
10,0.1,exp,10,20,0.5,0.5423183475
10,0.1,bessel,10,20,0.5,0.5360921132
10,0.1,linear,10,30,0.3333333333,0.5537444244
10,0.1,exp,10,30,0.3333333333,0.5433211226
10,0.1,bessel,10,30,0.3333333333,0.5382215849
10,0.1,linear,10,50,0.2,0.5521719628
10,0.1,exp,10,50,0.2,0.5441211525
10,0.1,bessel,10,50,0.2,0.5401626052
10,0.1,linear,10,80,0.125,0.5510653558
10,0.1,exp,10,80,0.125,0.5447185099
10,0.1,bessel,10,80,0.125,0.5415866175
10,0.1,linear,10,100,0.1,0.5503031777
10,0.1,exp,10,100,0.1,0.5446344439
10,0.1,bessel,10,100,0.1,0.5418332289
10,0.1,linear,10,300,0.03333333333,0.5481030429
10,0.1,exp,10,300,0.03333333333,0.5448472539
10,0.1,bessel,10,300,0.03333333333,0.543230303
10,0.1,linear,10,1000,0.01,0.5469992688
10,0.1,exp,10,1000,0.01,0.5452222624
10,0.1,bessel,10,1000,0.01,0.5443370181
10,0.1,linear,10,3000,0.003333333333,0.546043475
10,0.1,exp,10,3000,0.003333333333,0.5450197624
10,0.1,bessel,10,3000,0.003333333333,0.5445089887
1,1,linear,1,1,1,0.63074
1,1,exp,1,1,1,0.4350760094
1,1,bessel,1,1,1,0.3762991737
1,1,linear,1,2,0.5,0.6067460524
1,1,exp,1,2,0.5,0.47068597
1,1,bessel,1,2,0.5,0.4219748201
1,1,linear,1,3,0.3333333333,0.594583063
1,1,exp,1,3,0.3333333333,0.4855057254
1,1,bessel,1,3,0.3333333333,0.4434785038
1,1,linear,1,5,0.2,0.5757494989
1,1,exp,1,5,0.2,0.4940857445
1,1,bessel,1,5,0.2,0.4603862263
1,1,linear,1,8,0.125,0.5627668181
1,1,exp,1,8,0.125,0.4999214139
1,1,bessel,1,8,0.125,0.4727637457
1,1,linear,1,10,0.1,0.556910038
1,1,exp,1,10,0.1,0.5013345181
1,1,bessel,1,10,0.1,0.476899822
1,1,linear,1,20,0.05,0.5417727484
1,1,exp,1,20,0.05,0.5038296077
1,1,bessel,1,20,0.05,0.4864397281
1,1,linear,1,30,0.03333333333,0.5364398391
1,1,exp,1,30,0.03333333333,0.5059020661
1,1,bessel,1,30,0.03333333333,0.4916594013
1,1,linear,1,50,0.02,0.5298060562
1,1,exp,1,50,0.02,0.506552793
1,1,bessel,1,50,0.02,0.4955234365
1,1,linear,1,80,0.0125,0.5259793042
1,1,exp,1,80,0.0125,0.5078420109
1,1,bessel,1,80,0.0125,0.4991365069
1,1,linear,1,100,0.01,0.5227149876
1,1,exp,1,100,0.01,0.5065897522
1,1,bessel,1,100,0.01,0.4988155419
1,1,linear,1,300,0.003333333333,0.5154017824
1,1,exp,1,300,0.003333333333,0.5062822457
1,1,bessel,1,300,0.003333333333,0.5018150765
1,1,linear,1,1000,0.001,0.5115494532
1,1,exp,1,1000,0.001,0.5066142111
1,1,bessel,1,1000,0.001,0.5041737176
1,1,linear,1,3000,0.0003333333333,0.5103803478
1,1,exp,1,3000,0.0003333333333,0.5075489693
1,1,bessel,1,3000,0.0003333333333,0.5061421858
1,1,linear,2,1,1,0.63344
1,1,exp,2,1,1,0.4364502168
1,1,bessel,2,1,1,0.3773847664
1,1,linear,2,2,0.5,0.6069517489
1,1,exp,2,2,0.5,0.4707620163
1,1,bessel,2,2,0.5,0.4220174311
1,1,linear,2,3,0.3333333333,0.5929055689
1,1,exp,2,3,0.3333333333,0.4840814541
1,1,bessel,2,3,0.3333333333,0.4421629815
1,1,linear,2,5,0.2,0.5761128643
1,1,exp,2,5,0.2,0.4943855397
1,1,bessel,2,5,0.2,0.4606636145
1,1,linear,2,8,0.125,0.561719735
1,1,exp,2,8,0.125,0.49898728
1,1,bessel,2,8,0.125,0.4718809831
1,1,linear,2,10,0.1,0.5570210102
1,1,exp,2,10,0.1,0.5014567856
1,1,bessel,2,10,0.1,0.4770252253
1,1,linear,2,20,0.05,0.5441204234
1,1,exp,2,20,0.05,0.506135418
1,1,bessel,2,20,0.05,0.4887182825
1,1,linear,2,30,0.03333333333,0.5358534656
1,1,exp,2,30,0.03333333333,0.5053386524
1,1,bessel,2,30,0.03333333333,0.491107077
1,1,linear,2,50,0.02,0.5295437255
1,1,exp,2,50,0.02,0.5063120443
1,1,bessel,2,50,0.02,0.4952926407
1,1,linear,2,80,0.0125,0.5243837851
1,1,exp,2,80,0.0125,0.5062649178
1,1,bessel,2,80,0.0125,0.4975694541
1,1,linear,2,100,0.01,0.5225899501
1,1,exp,2,100,0.01,0.5064579835
1,1,bessel,2,100,0.01,0.4986807354
1,1,linear,2,300,0.003333333333,0.5157966884
1,1,exp,2,300,0.003333333333,0.5066758567
1,1,bessel,2,300,0.003333333333,0.5022079796
1,1,linear,2,1000,0.001,0.5114278107
1,1,exp,2,1000,0.001,0.5064921469
1,1,bessel,2,1000,0.001,0.5040514647
1,1,linear,2,3000,0.0003333333333,0.5084580646
1,1,exp,2,3000,0.0003333333333,0.5056307711
1,1,bessel,2,3000,0.0003333333333,0.5042260536
1,1,linear,3,1,1,0.63247
1,1,exp,3,1,1,0.4359350019
1,1,bessel,3,1,1,0.3769489799
1,1,linear,3,2,0.5,0.6072155046
1,1,exp,3,2,0.5,0.4711277446
1,1,bessel,3,2,0.5,0.4223974132
1,1,linear,3,3,0.3333333333,0.5930724326
1,1,exp,3,3,0.3333333333,0.4843105341
1,1,bessel,3,3,0.3333333333,0.4424061028
1,1,linear,3,5,0.2,0.5759123344
1,1,exp,3,5,0.2,0.4942129401
1,1,bessel,3,5,0.2,0.460501625
1,1,linear,3,8,0.125,0.5619778696
1,1,exp,3,8,0.125,0.4991942059
1,1,bessel,3,8,0.125,0.4720675376
1,1,linear,3,10,0.1,0.5557623732
1,1,exp,3,10,0.1,0.5003547971
1,1,bessel,3,10,0.1,0.4759913544
1,1,linear,3,20,0.05,0.5422727328
1,1,exp,3,20,0.05,0.5043721638
1,1,bessel,3,20,0.05,0.4869972986
1,1,linear,3,30,0.03333333333,0.5374233391
1,1,exp,3,30,0.03333333333,0.5069084752
1,1,bessel,3,30,0.03333333333,0.4926723015
1,1,linear,3,50,0.02,0.5298038933
1,1,exp,3,50,0.02,0.5065829623
1,1,bessel,3,50,0.02,0.4955677822
1,1,linear,3,80,0.0125,0.5250945312
1,1,exp,3,80,0.0125,0.5069835994
1,1,bessel,3,80,0.0125,0.4982909408
1,1,linear,3,100,0.01,0.5227932828
1,1,exp,3,100,0.01,0.5066662014
1,1,bessel,3,100,0.01,0.4988910427
1,1,linear,3,300,0.003333333333,0.5152253752
1,1,exp,3,300,0.003333333333,0.5061000129
1,1,bessel,3,300,0.003333333333,0.5016301103
1,1,linear,3,1000,0.001,0.5122072217
1,1,exp,3,1000,0.001,0.507270831
1,1,bessel,3,1000,0.001,0.504829728
1,1,linear,3,3000,0.0003333333333,0.5081380244
1,1,exp,3,3000,0.0003333333333,0.5053118598
1,1,bessel,3,3000,0.0003333333333,0.5039077128
1,1,linear,4,1,1,0.63033
1,1,exp,4,1,1,0.4345734029
1,1,bessel,4,1,1,0.3758123513
1,1,linear,4,2,0.5,0.604986357
1,1,exp,4,2,0.5,0.4691881518
1,1,bessel,4,2,0.5,0.4205805367
1,1,linear,4,3,0.3333333333,0.5926691848
1,1,exp,4,3,0.3333333333,0.4839144742
1,1,bessel,4,3,0.3333333333,0.4420180002
1,1,linear,4,5,0.2,0.5775447808
1,1,exp,4,5,0.2,0.4957138312
1,1,bessel,4,5,0.2,0.461933817
1,1,linear,4,8,0.125,0.5630245312
1,1,exp,4,8,0.125,0.5002167085
1,1,bessel,4,8,0.125,0.4730707834
1,1,linear,4,10,0.1,0.5576208604
1,1,exp,4,10,0.1,0.5020949242
1,1,bessel,4,10,0.1,0.4776725916
1,1,linear,4,20,0.05,0.5428533503
1,1,exp,4,20,0.05,0.5048873275
1,1,bessel,4,20,0.05,0.4874832875
1,1,linear,4,30,0.03333333333,0.5358445072
1,1,exp,4,30,0.03333333333,0.5053538326
1,1,bessel,4,30,0.03333333333,0.4911326578
1,1,linear,4,50,0.02,0.5285927822
1,1,exp,4,50,0.02,0.5053958876
1,1,bessel,4,50,0.02,0.4943932747
1,1,linear,4,80,0.0125,0.5247529333
1,1,exp,4,80,0.0125,0.5066206844
1,1,bessel,4,80,0.0125,0.4979187348
1,1,linear,4,100,0.01,0.523041802
1,1,exp,4,100,0.01,0.5069224521
1,1,bessel,4,100,0.01,0.4991506666
1,1,linear,4,300,0.003333333333,0.5161256314
1,1,exp,4,300,0.003333333333,0.5069950941
1,1,bessel,4,300,0.003333333333,0.5025224604
1,1,linear,4,1000,0.001,0.5111217605
1,1,exp,4,1000,0.001,0.5061874943
1,1,bessel,4,1000,0.001,0.5037475122
1,1,linear,4,3000,0.0003333333333,0.5100000593
1,1,exp,4,3000,0.0003333333333,0.5071671975
1,1,bessel,4,3000,0.0003333333333,0.5057596965
1,1,linear,5,1,1,0.63079
1,1,exp,5,1,1,0.4352477856
1,1,bessel,5,1,1,0.37645485
1,1,linear,5,2,0.5,0.6085786578
1,1,exp,5,2,0.5,0.4725929515
1,1,bessel,5,2,0.5,0.4238162132
1,1,linear,5,3,0.3333333333,0.5928807975
1,1,exp,5,3,0.3333333333,0.4841219999
1,1,bessel,5,3,0.3333333333,0.4422257018
1,1,linear,5,5,0.2,0.5769992049
1,1,exp,5,5,0.2,0.4951431404
1,1,bessel,5,5,0.2,0.4613647259
1,1,linear,5,8,0.125,0.5633131233
1,1,exp,5,8,0.125,0.5004066316
1,1,bessel,5,8,0.125,0.4732223977
1,1,linear,5,10,0.1,0.5577290581
1,1,exp,5,10,0.1,0.5021398109
1,1,bessel,5,10,0.1,0.4776943134
1,1,linear,5,20,0.05,0.5433259877
1,1,exp,5,20,0.05,0.5053255477
1,1,bessel,5,20,0.05,0.487905806
1,1,linear,5,30,0.03333333333,0.5355276957
1,1,exp,5,30,0.03333333333,0.5050581887
1,1,bessel,5,30,0.03333333333,0.4908463983
1,1,linear,5,50,0.02,0.5295931109
1,1,exp,5,50,0.02,0.5063810302
1,1,bessel,5,50,0.02,0.4953701561
1,1,linear,5,80,0.0125,0.5246405928
1,1,exp,5,80,0.0125,0.5065046795
1,1,bessel,5,80,0.0125,0.4978012655
1,1,linear,5,100,0.01,0.5234485398
1,1,exp,5,100,0.01,0.5073059469
1,1,bessel,5,100,0.01,0.4995231349
1,1,linear,5,300,0.003333333333,0.5152336204
1,1,exp,5,300,0.003333333333,0.5061089928
1,1,bessel,5,300,0.003333333333,0.5016394894
1,1,linear,5,1000,0.001,0.5107187361
1,1,exp,5,1000,0.001,0.505786939
1,1,bessel,5,1000,0.001,0.5033481849
1,1,linear,5,3000,0.0003333333333,0.5097942728
1,1,exp,5,3000,0.0003333333333,0.5069657849
1,1,bessel,5,3000,0.0003333333333,0.5055604452
1,1,linear,6,1,1,0.63092
1,1,exp,6,1,1,0.4348808159
1,1,bessel,6,1,1,0.3760724745
1,1,linear,6,2,0.5,0.60776256
1,1,exp,6,2,0.5,0.471407077
1,1,bessel,6,2,0.5,0.4225929661
1,1,linear,6,3,0.3333333333,0.5927721923
1,1,exp,6,3,0.3333333333,0.4840462985
1,1,bessel,6,3,0.3333333333,0.4421529389
1,1,linear,6,5,0.2,0.5768528252
1,1,exp,6,5,0.2,0.4951343369
1,1,bessel,6,5,0.2,0.4614008384
1,1,linear,6,8,0.125,0.5631608098
1,1,exp,6,8,0.125,0.5003195553
1,1,bessel,6,8,0.125,0.4731602178
1,1,linear,6,10,0.1,0.5567334343
1,1,exp,6,10,0.1,0.5012521558
1,1,bessel,6,10,0.1,0.47685206
1,1,linear,6,20,0.05,0.5417400655
1,1,exp,6,20,0.05,0.5038163372
1,1,bessel,6,20,0.05,0.4864342989
1,1,linear,6,30,0.03333333333,0.5363698185
1,1,exp,6,30,0.03333333333,0.5058526525
1,1,bessel,6,30,0.03333333333,0.4916187327
1,1,linear,6,50,0.02,0.5295938876
1,1,exp,6,50,0.02,0.5063696388
1,1,bessel,6,50,0.02,0.4953532522
1,1,linear,6,80,0.0125,0.5258405477
1,1,exp,6,80,0.0125,0.5077023782
1,1,bessel,6,80,0.0125,0.4989966535
1,1,linear,6,100,0.01,0.5238361391
1,1,exp,6,100,0.01,0.5077022869
1,1,bessel,6,100,0.01,0.499923122
1,1,linear,6,300,0.003333333333,0.5162072452
1,1,exp,6,300,0.003333333333,0.5070922088
1,1,bessel,6,300,0.003333333333,0.5026269595
1,1,linear,6,1000,0.001,0.5119509899
1,1,exp,6,1000,0.001,0.5070145591
1,1,bessel,6,1000,0.001,0.5045734548
1,1,linear,6,3000,0.0003333333333,0.5097697989
1,1,exp,6,3000,0.0003333333333,0.5069379526
1,1,bessel,6,3000,0.0003333333333,0.505530958
1,1,linear,7,1,1,0.63271
1,1,exp,7,1,1,0.4361566956
1,1,bessel,7,1,1,0.3771634561
1,1,linear,7,2,0.5,0.6074499106
1,1,exp,7,2,0.5,0.4713779374
1,1,bessel,7,2,0.5,0.4226303882
1,1,linear,7,3,0.3333333333,0.5932462604
1,1,exp,7,3,0.3333333333,0.4844430804
1,1,bessel,7,3,0.3333333333,0.4425204066
1,1,linear,7,5,0.2,0.5758194291
1,1,exp,7,5,0.2,0.4940378513
1,1,bessel,7,5,0.2,0.46030576
1,1,linear,7,8,0.125,0.563098347
1,1,exp,7,8,0.125,0.5001883199
1,1,bessel,7,8,0.125,0.473006415
1,1,linear,7,10,0.1,0.5568896407
1,1,exp,7,10,0.1,0.5013959073
1,1,bessel,7,10,0.1,0.4769906868
1,1,linear,7,20,0.05,0.5431964492
1,1,exp,7,20,0.05,0.5052221089
1,1,bessel,7,20,0.05,0.4878131832
1,1,linear,7,30,0.03333333333,0.535475283
1,1,exp,7,30,0.03333333333,0.5049896047
1,1,bessel,7,30,0.03333333333,0.490771789
1,1,linear,7,50,0.02,0.5293409129
1,1,exp,7,50,0.02,0.5061146904
1,1,bessel,7,50,0.02,0.4950981949
1,1,linear,7,80,0.0125,0.5250563235
1,1,exp,7,80,0.0125,0.5069142268
1,1,bessel,7,80,0.0125,0.4982074722
1,1,linear,7,100,0.01,0.5238339839
1,1,exp,7,100,0.01,0.5077085659
1,1,bessel,7,100,0.01,0.4999332549
1,1,linear,7,300,0.003333333333,0.5154181824
1,1,exp,7,300,0.003333333333,0.5062862935
1,1,bessel,7,300,0.003333333333,0.5018132554
1,1,linear,7,1000,0.001,0.5107753259
1,1,exp,7,1000,0.001,0.5058477873
1,1,bessel,7,1000,0.001,0.5034111193
1,1,linear,7,3000,0.0003333333333,0.5098644766
1,1,exp,7,3000,0.0003333333333,0.5070316867
1,1,bessel,7,3000,0.0003333333333,0.5056242265
1,1,linear,8,1,1,0.63149
1,1,exp,8,1,1,0.4355352357
1,1,bessel,8,1,1,0.3766871507
1,1,linear,8,2,0.5,0.6079285435
1,1,exp,8,2,0.5,0.471542733
1,1,bessel,8,2,0.5,0.4227130635
1,1,linear,8,3,0.3333333333,0.5927535781
1,1,exp,8,3,0.3333333333,0.4839259387
1,1,bessel,8,3,0.3333333333,0.4420083109
1,1,linear,8,5,0.2,0.5751037602
1,1,exp,8,5,0.2,0.4934017917
1,1,bessel,8,5,0.2,0.4597064676
1,1,linear,8,8,0.125,0.561780679
1,1,exp,8,8,0.125,0.4989728469
1,1,bessel,8,8,0.125,0.4718389049
1,1,linear,8,10,0.1,0.5578277043
1,1,exp,8,10,0.1,0.5022671971
1,1,bessel,8,10,0.1,0.4778292842
1,1,linear,8,20,0.05,0.5436834307
1,1,exp,8,20,0.05,0.5056784257
1,1,bessel,8,20,0.05,0.488255363
1,1,linear,8,30,0.03333333333,0.5361972395
1,1,exp,8,30,0.03333333333,0.5057202099
1,1,bessel,8,30,0.03333333333,0.4915035557
1,1,linear,8,50,0.02,0.5301615818
1,1,exp,8,50,0.02,0.5069554416
1,1,bessel,8,50,0.02,0.4959461738
1,1,linear,8,80,0.0125,0.5244257063
1,1,exp,8,80,0.0125,0.5063128889
1,1,bessel,8,80,0.0125,0.4976200134
1,1,linear,8,100,0.01,0.522008228
1,1,exp,8,100,0.01,0.5059016427
1,1,bessel,8,100,0.01,0.4981365177
1,1,linear,8,300,0.003333333333,0.5149918178
1,1,exp,8,300,0.003333333333,0.5058660111
1,1,bessel,8,300,0.003333333333,0.5013959907
1,1,linear,8,1000,0.001,0.5118479201
1,1,exp,8,1000,0.001,0.5069114807
1,1,bessel,8,1000,0.001,0.5044703859
1,1,linear,8,3000,0.0003333333333,0.5096136854
1,1,exp,8,3000,0.0003333333333,0.506785153
1,1,bessel,8,3000,0.0003333333333,0.5053797913
1,1,linear,9,1,1,0.63241
1,1,exp,9,1,1,0.4355571482
1,1,bessel,9,1,1,0.3765711045
1,1,linear,9,2,0.5,0.6070620322
1,1,exp,9,2,0.5,0.4711470299
1,1,bessel,9,2,0.5,0.4224337991
1,1,linear,9,3,0.3333333333,0.5933001049
1,1,exp,9,3,0.3333333333,0.4845185932
1,1,bessel,9,3,0.3333333333,0.4426034119
1,1,linear,9,5,0.2,0.5744630036
1,1,exp,9,5,0.2,0.4930013511
1,1,bessel,9,5,0.2,0.4593868569
1,1,linear,9,8,0.125,0.5627200315
1,1,exp,9,8,0.125,0.4998681501
1,1,bessel,9,8,0.125,0.4727096149
1,1,linear,9,10,0.1,0.5548907177
1,1,exp,9,10,0.1,0.4994732256
1,1,bessel,9,10,0.1,0.4751140132
1,1,linear,9,20,0.05,0.5427213591
1,1,exp,9,20,0.05,0.504746184
1,1,bessel,9,20,0.05,0.4873389225
1,1,linear,9,30,0.03333333333,0.5361130681
1,1,exp,9,30,0.03333333333,0.5056340368
1,1,bessel,9,30,0.03333333333,0.491416707
1,1,linear,9,50,0.02,0.5294213329
1,1,exp,9,50,0.02,0.5062063442
1,1,bessel,9,50,0.02,0.4951946127
1,1,linear,9,80,0.0125,0.5243144012
1,1,exp,9,80,0.0125,0.5061971166
1,1,bessel,9,80,0.0125,0.4975024457
1,1,linear,9,100,0.01,0.5240730701
1,1,exp,9,100,0.01,0.5079187925
1,1,bessel,9,100,0.01,0.5001300575
1,1,linear,9,300,0.003333333333,0.515341383
1,1,exp,9,300,0.003333333333,0.5062169236
1,1,bessel,9,300,0.003333333333,0.5017474288
1,1,linear,9,1000,0.001,0.511022357
1,1,exp,9,1000,0.001,0.5060881639
1,1,bessel,9,1000,0.001,0.5036482367
1,1,linear,9,3000,0.0003333333333,0.5093158306
1,1,exp,9,3000,0.0003333333333,0.5064855588
1,1,bessel,9,3000,0.0003333333333,0.5050793502
1,1,linear,10,1,1,0.63284
1,1,exp,10,1,1,0.4360145784
1,1,bessel,10,1,1,0.3769890165
1,1,linear,10,2,0.5,0.6070809967
1,1,exp,10,2,0.5,0.4710861198
1,1,bessel,10,2,0.5,0.4223612036
1,1,linear,10,3,0.3333333333,0.5927624118
1,1,exp,10,3,0.3333333333,0.4842257153
1,1,bessel,10,3,0.3333333333,0.4423746953
1,1,linear,10,5,0.2,0.5765550569
1,1,exp,10,5,0.2,0.4947684125
1,1,bessel,10,5,0.2,0.4610206635
1,1,linear,10,8,0.125,0.5629364681
1,1,exp,10,8,0.125,0.5000248649
1,1,bessel,10,8,0.125,0.4728435543
1,1,linear,10,10,0.1,0.5578710275
1,1,exp,10,10,0.1,0.5022810737
1,1,bessel,10,10,0.1,0.4778340854
1,1,linear,10,20,0.05,0.5423653913
1,1,exp,10,20,0.05,0.504396019
1,1,bessel,10,20,0.05,0.4869934764
1,1,linear,10,30,0.03333333333,0.5363995313
1,1,exp,10,30,0.03333333333,0.5058972242
1,1,bessel,10,30,0.03333333333,0.4916687457
1,1,linear,10,50,0.02,0.5297902168
1,1,exp,10,50,0.02,0.5065463287
1,1,bessel,10,50,0.02,0.4955209398
1,1,linear,10,80,0.0125,0.5248425873
1,1,exp,10,80,0.0125,0.506695954
1,1,bessel,10,80,0.0125,0.4979874621
1,1,linear,10,100,0.01,0.5233458441
1,1,exp,10,100,0.01,0.5072062623
1,1,bessel,10,100,0.01,0.4994249473
1,1,linear,10,300,0.003333333333,0.5160843768
1,1,exp,10,300,0.003333333333,0.5069540532
1,1,bessel,10,300,0.003333333333,0.5024815435
1,1,linear,10,1000,0.001,0.5113857272
1,1,exp,10,1000,0.001,0.5064506572
1,1,bessel,10,1000,0.001,0.5040102545
1,1,linear,10,3000,0.0003333333333,0.5084158133
1,1,exp,10,3000,0.0003333333333,0.5055898634
1,1,bessel,10,3000,0.0003333333333,0.5041858104
0.1,10,linear,1,1,0.1,0.799694668
0.1,10,exp,1,1,0.1,0.2424978989
0.1,10,bessel,1,1,0.1,0.1935193735
0.1,10,linear,1,2,0.05,0.5347985592
0.1,10,exp,1,2,0.05,0.2759528525
0.1,10,bessel,1,2,0.05,0.2265532923
0.1,10,linear,1,3,0.03333333333,0.4816050869
0.1,10,exp,1,3,0.03333333333,0.2911673606
0.1,10,bessel,1,3,0.03333333333,0.2447578961
0.1,10,linear,1,5,0.02,0.4407072224
0.1,10,exp,1,5,0.02,0.3064504239
0.1,10,bessel,1,5,0.02,0.2657958527
0.1,10,linear,1,8,0.0125,0.4096845605
0.1,10,exp,1,8,0.0125,0.3131607726
0.1,10,bessel,1,8,0.0125,0.2793447569
0.1,10,linear,1,10,0.01,0.40146
0.1,10,exp,1,10,0.01,0.3167672047
0.1,10,bessel,1,10,0.01,0.2856919308
0.1,10,linear,1,20,0.005,0.3757324328
0.1,10,exp,1,20,0.005,0.3206420367
0.1,10,bessel,1,20,0.005,0.2979434939
0.1,10,linear,1,30,0.003333333333,0.3643871099
0.1,10,exp,1,30,0.003333333333,0.3212769142
0.1,10,bessel,1,30,0.003333333333,0.3027121589
0.1,10,linear,1,50,0.002,0.3554789879
0.1,10,exp,1,50,0.002,0.3231552853
0.1,10,bessel,1,50,0.002,0.3086666958
0.1,10,linear,1,80,0.00125,0.3516992553
0.1,10,exp,1,80,0.00125,0.3268329011
0.1,10,bessel,1,80,0.00125,0.3153660808
0.1,10,linear,1,100,0.001,0.3463484519
0.1,10,exp,1,100,0.001,0.3244818831
0.1,10,bessel,1,100,0.001,0.3142965028
0.1,10,linear,1,300,0.0003333333333,0.3357571591
0.1,10,exp,1,300,0.0003333333333,0.3237427702
0.1,10,bessel,1,300,0.0003333333333,0.3179572454
0.1,10,linear,1,1000,0.0001,0.331470699
0.1,10,exp,1,1000,0.0001,0.3250845782
0.1,10,bessel,1,1000,0.0001,0.3219516656
0.1,10,linear,1,3000,3.333333333e-05,0.3307568351
0.1,10,exp,1,3000,3.333333333e-05,0.3270996864
0.1,10,bessel,1,3000,3.333333333e-05,0.3252904518
0.1,10,linear,2,1,0.1,0.7947563832
0.1,10,exp,2,1,0.1,0.2410234913
0.1,10,bessel,2,1,0.1,0.192344373
0.1,10,linear,2,2,0.05,0.5329685665
0.1,10,exp,2,2,0.05,0.2772969108
0.1,10,bessel,2,2,0.05,0.2278475858
0.1,10,linear,2,3,0.03333333333,0.4825228783
0.1,10,exp,2,3,0.03333333333,0.2926248544
0.1,10,bessel,2,3,0.03333333333,0.2461408843
0.1,10,linear,2,5,0.02,0.4375675326
0.1,10,exp,2,5,0.02,0.3050243398
0.1,10,bessel,2,5,0.02,0.2648107629
0.1,10,linear,2,8,0.0125,0.4121727138
0.1,10,exp,2,8,0.0125,0.3136265123
0.1,10,bessel,2,8,0.0125,0.2794119019
0.1,10,linear,2,10,0.01,0.39862
0.1,10,exp,2,10,0.01,0.3146603965
0.1,10,bessel,2,10,0.01,0.2838001456
0.1,10,linear,2,20,0.005,0.3758924917
0.1,10,exp,2,20,0.005,0.3211092668
0.1,10,bessel,2,20,0.005,0.2985224849
0.1,10,linear,2,30,0.003333333333,0.3654991971
0.1,10,exp,2,30,0.003333333333,0.3221852982
0.1,10,bessel,2,30,0.003333333333,0.3035415772
0.1,10,linear,2,50,0.002,0.3577013608
0.1,10,exp,2,50,0.002,0.3252990006
0.1,10,bessel,2,50,0.002,0.3107593292
0.1,10,linear,2,80,0.00125,0.3489627
0.1,10,exp,2,80,0.00125,0.3241974809
0.1,10,bessel,2,80,0.00125,0.3127837015
0.1,10,linear,2,100,0.001,0.3478644675
0.1,10,exp,2,100,0.001,0.3258939626
0.1,10,bessel,2,100,0.001,0.3156643833
0.1,10,linear,2,300,0.0003333333333,0.3378444553
0.1,10,exp,2,300,0.0003333333333,0.3257768216
0.1,10,bessel,2,300,0.0003333333333,0.3199642885
0.1,10,linear,2,1000,0.0001,0.3319178335
0.1,10,exp,2,1000,0.0001,0.3254937032
0.1,10,bessel,2,1000,0.0001,0.3223425602
0.1,10,linear,2,3000,3.333333333e-05,0.3262845414
0.1,10,exp,2,3000,3.333333333e-05,0.3226644558
0.1,10,bessel,2,3000,3.333333333e-05,0.3208735821
0.1,10,linear,3,1,0.1,0.799994668
0.1,10,exp,3,1,0.1,0.2425254129
0.1,10,bessel,3,1,0.1,0.1935368916
0.1,10,linear,3,2,0.05,0.539350602
0.1,10,exp,3,2,0.05,0.2789104566
0.1,10,bessel,3,2,0.05,0.2290322131
0.1,10,linear,3,3,0.03333333333,0.4798853617
0.1,10,exp,3,3,0.03333333333,0.290604777
0.1,10,bessel,3,3,0.03333333333,0.244437643
0.1,10,linear,3,5,0.02,0.4372643082
0.1,10,exp,3,5,0.02,0.3045916667
0.1,10,bessel,3,5,0.02,0.2643579391
0.1,10,linear,3,8,0.0125,0.4099724768
0.1,10,exp,3,8,0.0125,0.3124222563
0.1,10,bessel,3,8,0.0125,0.2784725569
0.1,10,linear,3,10,0.01,0.40042
0.1,10,exp,3,10,0.01,0.3156087062
0.1,10,bessel,3,10,0.01,0.2845285129
0.1,10,linear,3,20,0.005,0.3745501931
0.1,10,exp,3,20,0.005,0.32000866
0.1,10,bessel,3,20,0.005,0.2975137133
0.1,10,linear,3,30,0.003333333333,0.3674262372
0.1,10,exp,3,30,0.003333333333,0.3240318961
0.1,10,bessel,3,30,0.003333333333,0.3053348638
0.1,10,linear,3,50,0.002,0.3582680784
0.1,10,exp,3,50,0.002,0.3259769502
0.1,10,bessel,3,50,0.002,0.3114690165
0.1,10,linear,3,80,0.00125,0.3497481419
0.1,10,exp,3,80,0.00125,0.3250197115
0.1,10,bessel,3,80,0.00125,0.3136173638
0.1,10,linear,3,100,0.001,0.346773907
0.1,10,exp,3,100,0.001,0.3250133501
0.1,10,bessel,3,100,0.001,0.3148730501
0.1,10,linear,3,300,0.0003333333333,0.3370449406
0.1,10,exp,3,300,0.0003333333333,0.3249525114
0.1,10,bessel,3,300,0.0003333333333,0.3191283346
0.1,10,linear,3,1000,0.0001,0.3337388389
0.1,10,exp,3,1000,0.0001,0.3273024337
0.1,10,bessel,3,1000,0.0001,0.3241449499
0.1,10,linear,3,3000,3.333333333e-05,0.3270588338
0.1,10,exp,3,3000,3.333333333e-05,0.3234267247
0.1,10,bessel,3,3000,3.333333333e-05,0.3216300542
0.1,10,linear,4,1,0.1,0.7950828743
0.1,10,exp,4,1,0.1,0.2410801408
0.1,10,bessel,4,1,0.1,0.1923866181
0.1,10,linear,4,2,0.05,0.5337728238
0.1,10,exp,4,2,0.05,0.2762987882
0.1,10,bessel,4,2,0.05,0.226910291
0.1,10,linear,4,3,0.03333333333,0.4854567282
0.1,10,exp,4,3,0.03333333333,0.2929568191
0.1,10,bessel,4,3,0.03333333333,0.2462263211
0.1,10,linear,4,5,0.02,0.4402101192
0.1,10,exp,4,5,0.02,0.3068398057
0.1,10,bessel,4,5,0.02,0.2663443958
0.1,10,linear,4,8,0.0125,0.4099443255
0.1,10,exp,4,8,0.0125,0.312692748
0.1,10,bessel,4,8,0.0125,0.2787585696
0.1,10,linear,4,10,0.01,0.40024
0.1,10,exp,4,10,0.01,0.3157448257
0.1,10,bessel,4,10,0.01,0.2847510609
0.1,10,linear,4,20,0.005,0.3772660217
0.1,10,exp,4,20,0.005,0.3222609897
0.1,10,bessel,4,20,0.005,0.2995428153
0.1,10,linear,4,30,0.003333333333,0.3671083394
0.1,10,exp,4,30,0.003333333333,0.3237947514
0.1,10,bessel,4,30,0.003333333333,0.3051329796
0.1,10,linear,4,50,0.002,0.3546958266
0.1,10,exp,4,50,0.002,0.3224485498
0.1,10,bessel,4,50,0.002,0.3079845981
0.1,10,linear,4,80,0.00125,0.3478136837
0.1,10,exp,4,80,0.00125,0.3231254513
0.1,10,bessel,4,80,0.00125,0.3117426302
0.1,10,linear,4,100,0.001,0.3468819735
0.1,10,exp,4,100,0.001,0.3251283345
0.1,10,bessel,4,100,0.001,0.3149907812
0.1,10,linear,4,300,0.0003333333333,0.335295837
0.1,10,exp,4,300,0.0003333333333,0.3232842542
0.1,10,bessel,4,300,0.0003333333333,0.3175003666
0.1,10,linear,4,1000,0.0001,0.3308327212
0.1,10,exp,4,1000,0.0001,0.3244487756
0.1,10,bessel,4,1000,0.0001,0.3213172731
0.1,10,linear,4,3000,3.333333333e-05,0.3302825655
0.1,10,exp,4,3000,3.333333333e-05,0.3266379394
0.1,10,bessel,4,3000,3.333333333e-05,0.3248347661
0.1,10,linear,5,1,0.1,0.7951931376
0.1,10,exp,5,1,0.1,0.2410501945
0.1,10,bessel,5,1,0.1,0.1923582867
0.1,10,linear,5,2,0.05,0.5358256102
0.1,10,exp,5,2,0.05,0.2765189973
0.1,10,bessel,5,2,0.05,0.2270211074
0.1,10,linear,5,3,0.03333333333,0.4847935329
0.1,10,exp,5,3,0.03333333333,0.2921478985
0.1,10,bessel,5,3,0.03333333333,0.2455702071
0.1,10,linear,5,5,0.02,0.4366553046
0.1,10,exp,5,5,0.02,0.3043914613
0.1,10,bessel,5,5,0.02,0.2642129763
0.1,10,linear,5,8,0.0125,0.4108446519
0.1,10,exp,5,8,0.0125,0.3129434602
0.1,10,bessel,5,8,0.0125,0.2789227001
0.1,10,linear,5,10,0.01,0.40181
0.1,10,exp,5,10,0.01,0.317551238
0.1,10,bessel,5,10,0.01,0.2865236964
0.1,10,linear,5,20,0.005,0.3760201124
0.1,10,exp,5,20,0.005,0.3210679053
0.1,10,bessel,5,20,0.005,0.2984050029
0.1,10,linear,5,30,0.003333333333,0.3630571244
0.1,10,exp,5,30,0.003333333333,0.3200494674
0.1,10,bessel,5,30,0.003333333333,0.301538896
0.1,10,linear,5,50,0.002,0.3571979435
0.1,10,exp,5,50,0.002,0.3250972578
0.1,10,bessel,5,50,0.002,0.3106788096
0.1,10,linear,5,80,0.00125,0.3496530962
0.1,10,exp,5,80,0.00125,0.3248788901
0.1,10,bessel,5,80,0.00125,0.3134580287
0.1,10,linear,5,100,0.001,0.3473393206
0.1,10,exp,5,100,0.001,0.3254652524
0.1,10,bessel,5,100,0.001,0.3152734763
0.1,10,linear,5,300,0.0003333333333,0.3373804009
0.1,10,exp,5,300,0.0003333333333,0.3253597272
0.1,10,bessel,5,300,0.0003333333333,0.3195681983
0.1,10,linear,5,1000,0.0001,0.3306098375
0.1,10,exp,5,1000,0.0001,0.3242244787
0.1,10,bessel,5,1000,0.0001,0.3210921334
0.1,10,linear,5,3000,3.333333333e-05,0.3284972916
0.1,10,exp,5,3000,3.333333333e-05,0.3248630457
0.1,10,bessel,5,3000,3.333333333e-05,0.3230651867
0.1,10,linear,6,1,0.1,0.797191337
0.1,10,exp,6,1,0.1,0.2417608978
0.1,10,bessel,6,1,0.1,0.1929327744
0.1,10,linear,6,2,0.05,0.5375759044
0.1,10,exp,6,2,0.05,0.2765943978
0.1,10,bessel,6,2,0.05,0.2270139783
0.1,10,linear,6,3,0.03333333333,0.4811025735
0.1,10,exp,6,3,0.03333333333,0.2918931393
0.1,10,bessel,6,3,0.03333333333,0.2456128395
0.1,10,linear,6,5,0.02,0.4398020961
0.1,10,exp,6,5,0.02,0.3056842226
0.1,10,bessel,6,5,0.02,0.2651878513
0.1,10,linear,6,8,0.0125,0.4108139725
0.1,10,exp,6,8,0.0125,0.3134474989
0.1,10,bessel,6,8,0.0125,0.2793956058
0.1,10,linear,6,10,0.01,0.40142
0.1,10,exp,6,10,0.01,0.3166762201
0.1,10,bessel,6,10,0.01,0.2855243028
0.1,10,linear,6,20,0.005,0.3749318826
0.1,10,exp,6,20,0.005,0.3198431922
0.1,10,bessel,6,20,0.005,0.29719841
0.1,10,linear,6,30,0.003333333333,0.3665604694
0.1,10,exp,6,30,0.003333333333,0.3233372607
0.1,10,bessel,6,30,0.003333333333,0.3047077766
0.1,10,linear,6,50,0.002,0.3568490595
0.1,10,exp,6,50,0.002,0.3245213222
0.1,10,bessel,6,50,0.002,0.3100178049
0.1,10,linear,6,80,0.00125,0.3515420124
0.1,10,exp,6,80,0.00125,0.3266678634
0.1,10,bessel,6,80,0.00125,0.3151959056
0.1,10,linear,6,100,0.001,0.3484373453
0.1,10,exp,6,100,0.001,0.3264409103
0.1,10,bessel,6,100,0.001,0.3161986011
0.1,10,linear,6,300,0.0003333333333,0.3404257845
0.1,10,exp,6,300,0.0003333333333,0.3283172097
0.1,10,bessel,6,300,0.0003333333333,0.3224829345
0.1,10,linear,6,1000,0.0001,0.3319231577
0.1,10,exp,6,1000,0.0001,0.3255118124
0.1,10,bessel,6,1000,0.0001,0.3223669697
0.1,10,linear,6,3000,3.333333333e-05,0.3288482015
0.1,10,exp,6,3000,3.333333333e-05,0.3251949244
0.1,10,bessel,6,3000,3.333333333e-05,0.3233877122
0.1,10,linear,7,1,0.1,0.7954093654
0.1,10,exp,7,1,0.1,0.2411367903
0.1,10,bessel,7,1,0.1,0.1924288631
0.1,10,linear,7,2,0.05,0.5328333811
0.1,10,exp,7,2,0.05,0.27612746
0.1,10,bessel,7,2,0.05,0.2267957714
0.1,10,linear,7,3,0.03333333333,0.4800018363
0.1,10,exp,7,3,0.03333333333,0.2912928221
0.1,10,bessel,7,3,0.03333333333,0.2450628048
0.1,10,linear,7,5,0.02,0.4364350066
0.1,10,exp,7,5,0.02,0.3039076731
0.1,10,bessel,7,5,0.02,0.2636379839
0.1,10,linear,7,8,0.0125,0.4088323916
0.1,10,exp,7,8,0.0125,0.3120142738
0.1,10,bessel,7,8,0.0125,0.2781588483
0.1,10,linear,7,10,0.01,0.40196
0.1,10,exp,7,10,0.01,0.3170622543
0.1,10,bessel,7,10,0.01,0.2859008018
0.1,10,linear,7,20,0.005,0.377339406
0.1,10,exp,7,20,0.005,0.3224539859
0.1,10,bessel,7,20,0.005,0.2998122222
0.1,10,linear,7,30,0.003333333333,0.365858503
0.1,10,exp,7,30,0.003333333333,0.3223466638
0.1,10,bessel,7,30,0.003333333333,0.3036466781
0.1,10,linear,7,50,0.002,0.3563327942
0.1,10,exp,7,50,0.002,0.3241642122
0.1,10,bessel,7,50,0.002,0.3097192334
0.1,10,linear,7,80,0.00125,0.3494636065
0.1,10,exp,7,80,0.00125,0.3247768772
0.1,10,bessel,7,80,0.00125,0.3133914099
0.1,10,linear,7,100,0.001,0.3482281262
0.1,10,exp,7,100,0.001,0.3264686647
0.1,10,bessel,7,100,0.001,0.316320631
0.1,10,linear,7,300,0.0003333333333,0.3347863956
0.1,10,exp,7,300,0.0003333333333,0.3227774184
0.1,10,bessel,7,300,0.0003333333333,0.3169945219
0.1,10,linear,7,1000,0.0001,0.3314406704
0.1,10,exp,7,1000,0.0001,0.3250656127
0.1,10,bessel,7,1000,0.0001,0.3219381507
0.1,10,linear,7,3000,3.333333333e-05,0.3283751787
0.1,10,exp,7,3000,3.333333333e-05,0.3247347966
0.1,10,bessel,7,3000,3.333333333e-05,0.3229340216
0.1,10,linear,8,1,0.1,0.7914881411
0.1,10,exp,8,1,0.1,0.2399492785
0.1,10,bessel,8,1,0.1,0.1914813077
0.1,10,linear,8,2,0.05,0.5343916708
0.1,10,exp,8,2,0.05,0.2751906273
0.1,10,bessel,8,2,0.05,0.2258814581
0.1,10,linear,8,3,0.03333333333,0.4811374816
0.1,10,exp,8,3,0.03333333333,0.2907298843
0.1,10,bessel,8,3,0.03333333333,0.244445685
0.1,10,linear,8,5,0.02,0.438148858
0.1,10,exp,8,5,0.02,0.3048499463
0.1,10,bessel,8,5,0.02,0.264531061
0.1,10,linear,8,8,0.0125,0.4081414134
0.1,10,exp,8,8,0.0125,0.3111581451
0.1,10,bessel,8,8,0.0125,0.2773181325
0.1,10,linear,8,10,0.01,0.40094
0.1,10,exp,8,10,0.01,0.315945553
0.1,10,bessel,8,10,0.01,0.2847980782
0.1,10,linear,8,20,0.005,0.375634543
0.1,10,exp,8,20,0.005,0.3207686498
0.1,10,bessel,8,20,0.005,0.298166546
0.1,10,linear,8,30,0.003333333333,0.3660797631
0.1,10,exp,8,30,0.003333333333,0.3228222189
0.1,10,bessel,8,30,0.003333333333,0.3041874052
0.1,10,linear,8,50,0.002,0.3555657629
0.1,10,exp,8,50,0.002,0.3235964291
0.1,10,bessel,8,50,0.002,0.3092402671
0.1,10,linear,8,80,0.00125,0.3503244725
0.1,10,exp,8,80,0.00125,0.3254797706
0.1,10,bessel,8,80,0.00125,0.3140240037
0.1,10,linear,8,100,0.001,0.3474007997
0.1,10,exp,8,100,0.001,0.3255148891
0.1,10,bessel,8,100,0.001,0.3153170111
0.1,10,linear,8,300,0.0003333333333,0.3363976893
0.1,10,exp,8,300,0.0003333333333,0.3243481723
0.1,10,bessel,8,300,0.0003333333333,0.3185441959
0.1,10,linear,8,1000,0.0001,0.3328540258
0.1,10,exp,8,1000,0.0001,0.3264636483
0.1,10,bessel,8,1000,0.0001,0.3233279745
0.1,10,linear,8,3000,3.333333333e-05,0.3296795185
0.1,10,exp,8,3000,3.333333333e-05,0.3260337865
0.1,10,bessel,8,3000,3.333333333e-05,0.3242300756
0.1,10,linear,9,1,0.1,0.7906873083
0.1,10,exp,9,1,0.1,0.2397489784
0.1,10,bessel,9,1,0.1,0.191324439
0.1,10,linear,9,2,0.05,0.5388316161
0.1,10,exp,9,2,0.05,0.2783073584
0.1,10,bessel,9,2,0.05,0.2285091145
0.1,10,linear,9,3,0.03333333333,0.4849970673
0.1,10,exp,9,3,0.03333333333,0.2934315182
0.1,10,bessel,9,3,0.03333333333,0.2468175852
0.1,10,linear,9,5,0.02,0.4384355485
0.1,10,exp,9,5,0.02,0.3049007431
0.1,10,bessel,9,5,0.02,0.2645408902
0.1,10,linear,9,8,0.0125,0.4099742914
0.1,10,exp,9,8,0.0125,0.3123458116
0.1,10,bessel,9,8,0.0125,0.2783382106
0.1,10,linear,9,10,0.01,0.39813
0.1,10,exp,9,10,0.01,0.3140063039
0.1,10,bessel,9,10,0.01,0.283189615
0.1,10,linear,9,20,0.005,0.3769057547
0.1,10,exp,9,20,0.005,0.3218119002
0.1,10,bessel,9,20,0.005,0.2991134741
0.1,10,linear,9,30,0.003333333333,0.3677802858
0.1,10,exp,9,30,0.003333333333,0.3243877623
0.1,10,bessel,9,30,0.003333333333,0.3056929731
0.1,10,linear,9,50,0.002,0.3565796942
0.1,10,exp,9,50,0.002,0.32431805
0.1,10,bessel,9,50,0.002,0.3098412279
0.1,10,linear,9,80,0.00125,0.3489872055
0.1,10,exp,9,80,0.00125,0.3243198788
0.1,10,bessel,9,80,0.00125,0.3129462092
0.1,10,linear,9,100,0.001,0.3480145042
0.1,10,exp,9,100,0.001,0.3260701034
0.1,10,bessel,9,100,0.001,0.3158487017
0.1,10,linear,9,300,0.0003333333333,0.3380292214
0.1,10,exp,9,300,0.0003333333333,0.3259702164
0.1,10,bessel,9,300,0.0003333333333,0.3201597839
0.1,10,linear,9,1000,0.0001,0.330482073
0.1,10,exp,9,1000,0.0001,0.3240974544
0.1,10,bessel,9,1000,0.0001,0.3209657348
0.1,10,linear,9,3000,3.333333333e-05,0.328179007
0.1,10,exp,9,3000,3.333333333e-05,0.3245377688
0.1,10,bessel,9,3000,3.333333333e-05,0.3227365162
0.1,10,linear,10,1,0.1,0.7969280914
0.1,10,exp,10,1,0.1,0.2417234017
0.1,10,bessel,10,1,0.1,0.1929058125
0.1,10,linear,10,2,0.05,0.5353278083
0.1,10,exp,10,2,0.05,0.2767399622
0.1,10,bessel,10,2,0.05,0.2272423661
0.1,10,linear,10,3,0.03333333333,0.4837968467
0.1,10,exp,10,3,0.03333333333,0.2931845344
0.1,10,bessel,10,3,0.03333333333,0.2465217694
0.1,10,linear,10,5,0.02,0.4401782779
0.1,10,exp,10,5,0.02,0.3055250345
0.1,10,bessel,10,5,0.02,0.2649600861
0.1,10,linear,10,8,0.0125,0.4110195281
0.1,10,exp,10,8,0.0125,0.3131489413
0.1,10,bessel,10,8,0.0125,0.2790445271
0.1,10,linear,10,10,0.01,0.39851
0.1,10,exp,10,10,0.01,0.3143768745
0.1,10,bessel,10,10,0.01,0.2835301166
0.1,10,linear,10,20,0.005,0.3769938085
0.1,10,exp,10,20,0.005,0.3217869743
0.1,10,bessel,10,20,0.005,0.2990477093
0.1,10,linear,10,30,0.003333333333,0.3680434638
0.1,10,exp,10,30,0.003333333333,0.3246456108
0.1,10,bessel,10,30,0.003333333333,0.3059364664
0.1,10,linear,10,50,0.002,0.354834231
0.1,10,exp,10,50,0.002,0.3227118994
0.1,10,bessel,10,50,0.002,0.3082958778
0.1,10,linear,10,80,0.00125,0.3499144413
0.1,10,exp,10,80,0.00125,0.3250372096
0.1,10,bessel,10,80,0.00125,0.3135734971
0.1,10,linear,10,100,0.001,0.3453807108
0.1,10,exp,10,100,0.001,0.3236004392
0.1,10,bessel,10,100,0.001,0.3134565649
0.1,10,linear,10,300,0.0003333333333,0.3357529457
0.1,10,exp,10,300,0.0003333333333,0.3237898667
0.1,10,bessel,10,300,0.0003333333333,0.3180260462
0.1,10,linear,10,1000,0.0001,0.3295401037
0.1,10,exp,10,1000,0.0001,0.3231797496
0.1,10,bessel,10,1000,0.0001,0.3200599132
0.1,10,linear,10,3000,3.333333333e-05,0.3279514891
0.1,10,exp,10,3000,3.333333333e-05,0.3243144727
0.1,10,bessel,10,3000,3.333333333e-05,0.3225153712
