theta,h_start,h_star,h_star_sigma,vertex_inside,chi2_per_dof,max_abs_residual,max_abs_rel_diff,S50_ref,S50_model
0.001,0.0098,0.009787870034,4.01932284e-06,true,151.5967569,15.73261465,7.915760539e-05,0.9523185349,0.9522431516
0.0015,0.0147,0.0146790867,4.034006582e-06,true,118.711199,14.0974718,0.0001025692735,0.9293408585,0.9292455367
0.002,0.0196,0.01956206698,8.485636694e-06,true,53.94157552,9.531892464,8.486368555e-05,0.9069199234,0.9068429588
0.003,0.0293,0.02934263259,5.463634703e-06,true,51.96166047,9.438151262,0.0001180483468,0.863694424,0.8635924663
0.005,0.0489,0.04892807915,2.056768568e-05,true,140.0825944,15.90248402,0.0003079762076,0.783350023,0.7831087698
0.007,0.0685,0.06849148988,3.156116889e-05,true,124.4362616,15.09920101,0.0004032813292,0.7105088026,0.7102222677
0.01,0.0978,0.09784496831,4.68233898e-05,true,137.5695677,15.78537262,0.0006067659023,0.6137949785,0.6134225486
0.015,0.1468,0.1467085441,4.136344965e-05,true,110.6417695,14.32674947,0.0007802876607,0.4810633614,0.4806879936
0.02,0.1957,0.195495504,2.883231153e-05,true,60.02505426,10.51815666,0.0007573010145,0.3771313032,0.3768457013
0.03,0.294,0.2930445539,6.078389036e-05,true,95.53129337,13.47230779,0.001362520307,0.2319565886,0.231640543
0.04,0.4079,0.3893351145,0.0003469776684,true,279.0926292,22.9159492,0.003006532445,0.1428119953,0.1432413642
0.05,0.491,0.4873750446,0.0001795493206,true,173.5292558,18.09676081,0.002840235507,0.08801677846,0.08776679008
