theta,h_parabola,h_final,h_sigma_jackknife,chi2_per_dof,max_abs_residual,max_abs_rel_diff,residual_5ms,residual_50ms,S50_ref,S50_model
0.001,0.009787870034,0.009771654422,4.01932284e-06,0.05361316257,0.4234364273,1.895818622e-06,0.246577953,0.3770749898,0.9523185349,0.9523203403
0.0015,0.0146790867,0.01465809842,4.034006582e-06,0.03506717592,0.3502069058,2.331055388e-06,0.1108942227,0.320584749,0.9293408585,0.9293430248
0.002,0.01956206698,0.01954456155,8.485636694e-06,0.02674067378,0.2939258574,2.615872675e-06,0.06232441294,0.2939258574,0.9069199234,0.9069222958
0.003,0.02934263259,0.0293184917,5.463634703e-06,0.02067597634,0.2541134118,2.54916013e-06,-0.01668525405,0.2038942696,0.863694424,0.8636966257
0.005,0.04892807915,0.04886592908,2.056768568e-05,0.01519754651,0.2307891427,2.488146542e-06,-0.08149209138,0.1219461053,0.783350023,0.783351872
0.007,0.06849148988,0.06840977952,3.156116889e-05,0.02988030143,0.3690666589,5.2854679e-06,-0.2432745689,0.1726134156,0.7105088026,0.7105120765
0.01,0.09784496831,0.0977218414,4.68233898e-05,0.0233629701,0.2887210922,7.662635698e-06,-0.1521033721,0.1993942382,0.6137949785,0.6137996818
0.015,0.1467085441,0.1465517915,4.136344965e-05,0.005532868559,0.1296801123,6.657964205e-06,0.03987850295,0.02938633034,0.4810633614,0.4810641313
0.02,0.195495504,0.19534439,2.883231153e-05,0.02589042244,0.2311976151,1.155565476e-05,0.2226676908,-0.05110737107,0.3771313032,0.3771299043
0.03,0.2930445539,0.2927712406,6.078389036e-05,0.02769700972,0.2445717886,1.65572521e-05,0.2397009656,0.002730218015,0.2319565886,0.2319566538
0.04,0.3893351145,0.3899377001,0.0003469776684,0.04265059206,0.2750917485,2.852286227e-05,0.1267980896,-0.0550555251,0.1428119953,0.1428109639
0.05,0.4873750446,0.4868077312,0.0001795493206,0.04808463663,0.3235169314,4.022197945e-05,0.03160920076,-0.05270996084,0.08801677846,0.08801604991
