config,seed,t_ms,signal,phase_deg,nspins
default_tau,1,0,1,0,100000
default_tau,1,10,1,0,100000
default_tau,1,20,1,0,100000
default_tau,1,30,1,0,100000
default_tau,1,40,1,0,100000
default_tau,1,50,1,0,100000
default_tau,2,0,1,0,100000
default_tau,2,10,1,0,100000
default_tau,2,20,1,0,100000
default_tau,2,30,1,0,100000
default_tau,2,40,1,0,100000
default_tau,2,50,1,0,100000
default_tau,3,0,1,0,100000
default_tau,3,10,1,0,100000
default_tau,3,20,1,0,100000
default_tau,3,30,1,0,100000
default_tau,3,40,1,0,100000
default_tau,3,50,1,0,100000
default_tau,4,0,1,0,100000
default_tau,4,10,1,0,100000
default_tau,4,20,1,0,100000
default_tau,4,30,1,0,100000
default_tau,4,40,1,0,100000
default_tau,4,50,1,0,100000
default_tau,5,0,1,0,100000
default_tau,5,10,1,0,100000
default_tau,5,20,1,0,100000
default_tau,5,30,1,0,100000
default_tau,5,40,1,0,100000
default_tau,5,50,1,0,100000
default_tau,6,0,1,0,100000
default_tau,6,10,1,0,100000
default_tau,6,20,1,0,100000
default_tau,6,30,1,0,100000
default_tau,6,40,1,0,100000
default_tau,6,50,1,0,100000
default_tau,7,0,1,0,100000
default_tau,7,10,1,0,100000
default_tau,7,20,1,0,100000
default_tau,7,30,1,0,100000
default_tau,7,40,1,0,100000
default_tau,7,50,1,0,100000
default_tau,8,0,1,0,100000
default_tau,8,10,1,0,100000
default_tau,8,20,1,0,100000
default_tau,8,30,1,0,100000
default_tau,8,40,1,0,100000
default_tau,8,50,1,0,100000
default_tau,9,0,1,0,100000
default_tau,9,10,1,0,100000
default_tau,9,20,1,0,100000
default_tau,9,30,1,0,100000
default_tau,9,40,1,0,100000
default_tau,9,50,1,0,100000
default_tau,10,0,1,0,100000
default_tau,10,10,1,0,100000
default_tau,10,20,1,0,100000
default_tau,10,30,1,0,100000
default_tau,10,40,1,0,100000
default_tau,10,50,1,0,100000
