h_low,h_high,attenuation_low,attenuation_high,separation_in_sem
0,0.005,0,0.02468640722,9579.232695
0.005,0.01,0.02468640722,0.04875975388,4293.953063
0.01,0.02,0.04875975388,0.09513169692,5504.50798
0.02,0.03,0.09513169692,0.1392296501,4287.233731
0.03,0.05,0.1392296501,0.221063859,6466.7082
0.05,0.07,0.221063859,0.2951000212,4756.593723
0.07,0.1,0.2951000212,0.3931536611,5282.703446
0.1,0.15,0.3931536611,0.5271699804,8494.01639
0.15,0.2,0.5271699804,0.6315535155,8870.678113
0.2,0.3,0.6315535155,0.7762800112,13193.45655
0.3,0.5,0.7762800112,0.9176070742,19450.23124
0.5,0.7,0.9176070742,0.9697195435,9914.764619
0.7,1,0.9697195435,0.993262053,13932.18186
