tau_ms,R,R_sem,T_eff,runtime_s,ns_per_spin_step
0.0001,0.01997172515,2.925199188e-06,10,102.1989269,1.021989269
0.000215443469,0.01997254181,2.665667503e-06,10.00002406,47.71975422,1.028088466
0.0004641588834,0.01996982747,1.996451804e-06,9.999838983,22.53465009,1.045982644
0.001,0.01997045491,2.699002957e-06,10,10.8124969,1.08124969
0.00215443469,0.01996696685,2.041304064e-06,10.00088583,5.2539289,1.131824408
0.004641588834,0.01996660668,2.605130221e-06,9.997982348,2.580314875,1.197917769
0.01,0.01996353043,3.085125044e-06,10,1.34840107,1.34840107
0.0215443469,0.01995960621,2.289431899e-06,9.996576962,0.7024350166,1.51386857
0.04641588834,0.01995598023,2.801219692e-06,9.979415992,0.4402148724,2.047511034
0.1,0.01994053575,2.335227953e-06,10,0.2322540283,2.322540283
