h_um,seed,t_ms,signal
0,1,0,1
0,1,5,1
0,1,10,1
0,1,15,1
0,1,20,1
0,1,25,1
0,1,30,1
0,1,35,1
0,1,40,1
0,1,45,1
0,1,50,1
0,2,0,1
0,2,5,1
0,2,10,1
0,2,15,1
0,2,20,1
0,2,25,1
0,2,30,1
0,2,35,1
0,2,40,1
0,2,45,1
0,2,50,1
0,3,0,1
0,3,5,1
0,3,10,1
0,3,15,1
0,3,20,1
0,3,25,1
0,3,30,1
0,3,35,1
0,3,40,1
0,3,45,1
0,3,50,1
0,4,0,1
0,4,5,1
0,4,10,1
0,4,15,1
0,4,20,1
0,4,25,1
0,4,30,1
0,4,35,1
0,4,40,1
0,4,45,1
0,4,50,1
0,5,0,1
0,5,5,1
0,5,10,1
0,5,15,1
0,5,20,1
0,5,25,1
0,5,30,1
0,5,35,1
0,5,40,1
0,5,45,1
0,5,50,1
0,6,0,1
0,6,5,1
0,6,10,1
0,6,15,1
0,6,20,1
0,6,25,1
0,6,30,1
0,6,35,1
0,6,40,1
0,6,45,1
0,6,50,1
0,7,0,1
0,7,5,1
0,7,10,1
0,7,15,1
0,7,20,1
0,7,25,1
0,7,30,1
0,7,35,1
0,7,40,1
0,7,45,1
0,7,50,1
0,8,0,1
0,8,5,1
0,8,10,1
0,8,15,1
0,8,20,1
0,8,25,1
0,8,30,1
0,8,35,1
0,8,40,1
0,8,45,1
0,8,50,1
0,9,0,1
0,9,5,1
0,9,10,1
0,9,15,1
0,9,20,1
0,9,25,1
0,9,30,1
0,9,35,1
0,9,40,1
0,9,45,1
0,9,50,1
0,10,0,1
0,10,5,1
0,10,10,1
0,10,15,1
0,10,20,1
0,10,25,1
0,10,30,1
0,10,35,1
0,10,40,1
0,10,45,1
0,10,50,1
0.005,1,0,1
0.005,1,5,0.9975018003
0.005,1,10,0.9950133287
0.005,1,15,0.992525526
0.005,1,20,0.9900439139
0.005,1,25,0.9875771257
0.005,1,30,0.9851143422
0.005,1,35,0.9826515024
0.005,1,40,0.9801988017
0.005,1,45,0.9777494504
0.005,1,50,0.975307886
0.005,2,0,1
0.005,2,5,0.9975080428
0.005,2,10,0.995010847
0.005,2,15,0.9925260377
0.005,2,20,0.9900427013
0.005,2,25,0.987571633
0.005,2,30,0.9851090626
0.005,2,35,0.9826484273
0.005,2,40,0.9801943749
0.005,2,45,0.9777501436
0.005,2,50,0.9753099665
0.005,3,0,1
0.005,3,5,0.9975045853
0.005,3,10,0.9950135823
0.005,3,15,0.9925299447
0.005,3,20,0.9900531887
0.005,3,25,0.9875854109
0.005,3,30,0.9851207833
0.005,3,35,0.9826639528
0.005,3,40,0.9802108467
0.005,3,45,0.977765759
0.005,3,50,0.9753229258
0.005,4,0,1
0.005,4,5,0.9975022411
0.005,4,10,0.9950098719
0.005,4,15,0.9925261619
0.005,4,20,0.9900427964
0.005,4,25,0.9875723736
0.005,4,30,0.9851020692
0.005,4,35,0.9826441308
0.005,4,40,0.9801924
0.005,4,45,0.9777453273
0.005,4,50,0.9753076438
0.005,5,0,1
0.005,5,5,0.9975081439
0.005,5,10,0.9950181238
0.005,5,15,0.9925302646
0.005,5,20,0.9900528106
0.005,5,25,0.9875778668
0.005,5,30,0.9851170248
0.005,5,35,0.9826565069
0.005,5,40,0.9802020588
0.005,5,45,0.9777562602
0.005,5,50,0.9753143514
0.005,6,0,1
0.005,6,5,0.997501638
0.005,6,10,0.9950095627
0.005,6,15,0.9925276375
0.005,6,20,0.9900473968
0.005,6,25,0.9875728759
0.005,6,30,0.9851076447
0.005,6,35,0.9826457994
0.005,6,40,0.9801929056
0.005,6,45,0.9777445498
0.005,6,50,0.9753041355
0.005,7,0,1
0.005,7,5,0.9975029911
0.005,7,10,0.9950095273
0.005,7,15,0.9925267347
0.005,7,20,0.9900516674
0.005,7,25,0.9875792722
0.005,7,30,0.985111044
0.005,7,35,0.9826523137
0.005,7,40,0.9801977467
0.005,7,45,0.9777536903
0.005,7,50,0.9753114428
0.005,8,0,1
0.005,8,5,0.9975036477
0.005,8,10,0.9950155561
0.005,8,15,0.992534562
0.005,8,20,0.9900552985
0.005,8,25,0.9875815044
0.005,8,30,0.98511576
0.005,8,35,0.9826560066
0.005,8,40,0.9802051687
0.005,8,45,0.9777555238
0.005,8,50,0.9753161415
0.005,9,0,1
0.005,9,5,0.9975043213
0.005,9,10,0.9950101638
0.005,9,15,0.9925261675
0.005,9,20,0.9900500834
0.005,9,25,0.9875763861
0.005,9,30,0.985111639
0.005,9,35,0.9826478424
0.005,9,40,0.9801968795
0.005,9,45,0.977749294
0.005,9,50,0.9753033052
0.005,10,0,1
0.005,10,5,0.997503576
0.005,10,10,0.9950142018
0.005,10,15,0.992530936
0.005,10,20,0.9900512355
0.005,10,25,0.9875789002
0.005,10,30,0.9851121104
0.005,10,35,0.9826497747
0.005,10,40,0.9801957343
0.005,10,45,0.9777512681
0.005,10,50,0.9753103547
0.01,1,0,1
0.01,1,5,0.9950109043
0.01,1,10,0.990054348
0.01,1,15,0.985110261
0.01,1,20,0.9801905718
0.01,1,25,0.9753116829
0.01,1,30,0.9704531746
0.01,1,35,0.9656072459
0.01,1,40,0.9607932598
0.01,1,45,0.9559964607
0.01,1,50,0.9512274642
0.01,2,0,1
0.01,2,5,0.995023913
0.01,2,10,0.9900484178
0.01,2,15,0.9851090356
0.01,2,20,0.9801862001
0.01,2,25,0.9753007996
0.01,2,30,0.9704436827
0.01,2,35,0.9656018389
0.01,2,40,0.9607873675
0.01,2,45,0.9560004322
0.01,2,50,0.9512354405
0.01,3,0,1
0.01,3,5,0.9950152234
0.01,3,10,0.9900514091
0.01,3,15,0.9851179989
0.01,3,20,0.9802089094
0.01,3,25,0.9753262963
0.01,3,30,0.9704634926
0.01,3,35,0.9656289495
0.01,3,40,0.9608150204
0.01,3,45,0.9560282213
0.01,3,50,0.9512578337
0.01,4,0,1
0.01,4,5,0.9950117909
0.01,4,10,0.9900450133
0.01,4,15,0.9851075702
0.01,4,20,0.9801848994
0.01,4,25,0.9752997617
0.01,4,30,0.9704266209
0.01,4,35,0.9655896215
0.01,4,40,0.9607786274
0.01,4,45,0.955986018
0.01,4,50,0.9512246701
0.01,5,0,1
0.01,5,5,0.9950225104
0.01,5,10,0.9900614025
0.01,5,15,0.9851192472
0.01,5,20,0.9802069821
0.01,5,25,0.9753144566
0.01,5,30,0.9704612773
0.01,5,35,0.9656204092
0.01,5,40,0.9608021902
0.01,5,45,0.9560128623
0.01,5,50,0.9512446592
0.01,6,0,1
0.01,6,5,0.995009061
0.01,6,10,0.9900445276
0.01,6,15,0.9851121549
0.01,6,20,0.9801958373
0.01,6,25,0.9753031194
0.01,6,30,0.9704402883
0.01,6,35,0.965596453
0.01,6,40,0.960780256
0.01,6,45,0.9559864076
0.01,6,50,0.9512202939
0.01,7,0,1
0.01,7,5,0.99501039
0.01,7,10,0.9900422879
0.01,7,15,0.985106261
0.01,7,20,0.9802004239
0.01,7,25,0.9753105436
0.01,7,30,0.9704423821
0.01,7,35,0.9656045937
0.01,7,40,0.9607869827
0.01,7,45,0.9560013306
0.01,7,50,0.9512335653
0.01,8,0,1
0.01,8,5,0.995012293
0.01,8,10,0.9900549809
0.01,8,15,0.9851226599
0.01,8,20,0.9802082895
0.01,8,25,0.9753172731
0.01,8,30,0.9704542939
0.01,8,35,0.9656143956
0.01,8,40,0.9608045415
0.01,8,45,0.9560096544
0.01,8,50,0.9512466016
0.01,9,0,1
0.01,9,5,0.995014997
0.01,9,10,0.9900462101
0.01,9,15,0.985109274
0.01,9,20,0.9801993166
0.01,9,25,0.9753082005
0.01,9,30,0.9704448833
0.01,9,35,0.9655999809
0.01,9,40,0.9607891198
0.01,9,45,0.95599596
0.01,9,50,0.9512194873
0.01,10,0,1
0.01,10,5,0.995011929
0.01,10,10,0.9900509706
0.01,10,15,0.985114516
0.01,10,20,0.9801979742
0.01,10,25,0.9753102323
0.01,10,30,0.9704439254
0.01,10,35,0.9656000454
0.01,10,40,0.96078194
0.01,10,45,0.9559958461
0.01,10,50,0.9512298114
0.02,1,0,1
0.02,1,5,0.9900457032
0.02,1,10,0.9802123363
0.02,1,15,0.9704520182
0.02,1,20,0.9607907639
0.02,1,25,0.9512450475
0.02,1,30,0.9417915805
0.02,1,35,0.932411879
0.02,1,40,0.9231357674
0.02,1,45,0.9139437712
0.02,1,50,0.9048473483
0.02,2,0,1
0.02,2,5,0.9900735948
0.02,2,10,0.9802027279
0.02,2,15,0.9704442791
0.02,2,20,0.9607732526
0.02,2,25,0.9512235636
0.02,2,30,0.9417730931
0.02,2,35,0.9324011398
0.02,2,40,0.9231328795
0.02,2,45,0.9139566243
0.02,2,50,0.9048672708
0.02,3,0,1
0.02,3,5,0.9900540158
0.02,3,10,0.9802044201
0.02,3,15,0.970464254
0.02,3,20,0.9608139281
0.02,3,25,0.9512590615
0.02,3,30,0.9417980122
0.02,3,35,0.932437316
0.02,3,40,0.9231667499
0.02,3,45,0.9139893179
0.02,3,50,0.9048902901
0.02,4,0,1
0.02,4,5,0.9900507901
0.02,4,10,0.9801951452
0.02,4,15,0.9704425264
0.02,4,20,0.9607726363
0.02,4,25,0.9512204241
0.02,4,30,0.9417406067
0.02,4,35,0.9323772587
0.02,4,40,0.923114461
0.02,4,45,0.9139294598
0.02,4,50,0.9048480586
0.02,5,0,1
0.02,5,5,0.9900700519
0.02,5,10,0.9802226965
0.02,5,15,0.9704646079
0.02,5,20,0.9608136662
0.02,5,25,0.9512522585
0.02,5,30,0.9418051146
0.02,5,35,0.9324337702
0.02,5,40,0.9231564938
0.02,5,45,0.9139765337
0.02,5,50,0.9048826937
0.02,6,0,1
0.02,6,5,0.9900442488
0.02,6,10,0.9801939852
0.02,6,15,0.9704499209
0.02,6,20,0.960790195
0.02,6,25,0.951226503
0.02,6,30,0.9417672482
0.02,6,35,0.932394694
0.02,6,40,0.9231194379
0.02,6,45,0.9139332997
0.02,6,50,0.9048416696
0.02,7,0,1
0.02,7,5,0.9900465138
0.02,7,10,0.9801868196
0.02,7,15,0.9704372736
0.02,7,20,0.9607952806
0.02,7,25,0.9512345264
0.02,7,30,0.9417648414
0.02,7,35,0.93240168
0.02,7,40,0.9231219224
0.02,7,45,0.9139509819
0.02,7,50,0.9048578745
0.02,8,0,1
0.02,8,5,0.9900492755
0.02,8,10,0.9802116047
0.02,8,15,0.9704671415
0.02,8,20,0.9608106063
0.02,8,25,0.9512497615
0.02,8,30,0.9417908093
0.02,8,35,0.9324237933
0.02,8,40,0.9231553107
0.02,8,45,0.9139656616
0.02,8,50,0.9048832216
0.02,9,0,1
0.02,9,5,0.9900564417
0.02,9,10,0.9801974128
0.02,9,15,0.9704471167
0.02,9,20,0.9607991725
0.02,9,25,0.951235482
0.02,9,30,0.9417722799
0.02,9,35,0.9323998492
0.02,9,40,0.9231304869
0.02,9,45,0.9139436441
0.02,9,50,0.9048369215
0.02,10,0,1
0.02,10,5,0.9900532825
0.02,10,10,0.9802051985
0.02,10,15,0.9704559484
0.02,10,20,0.9607901747
0.02,10,25,0.9512323726
0.02,10,30,0.9417641035
0.02,10,35,0.9323919891
0.02,10,40,0.9231105275
0.02,10,45,0.9139382552
0.02,10,50,0.9048492796
0.03,1,0,1
0.03,1,5,0.9851098059
0.03,1,10,0.9704730583
0.03,1,15,0.9560204787
0.03,1,20,0.9417829428
0.03,1,25,0.9277818794
0.03,1,30,0.9139844293
0.03,1,35,0.9003688511
0.03,1,40,0.8869664832
0.03,1,45,0.8737560337
0.03,1,50,0.8607459612
0.03,2,0,1
0.03,2,5,0.9851483588
0.03,2,10,0.9704581432
0.03,2,15,0.9560037778
0.03,2,20,0.9417525366
0.03,2,25,0.9277514642
0.03,2,30,0.9139586978
0.03,2,35,0.9003534045
0.03,2,40,0.8869623667
0.03,2,45,0.8737709547
0.03,2,50,0.8607702933
0.03,3,0,1
0.03,3,5,0.9851183431
0.03,3,10,0.9704575107
0.03,3,15,0.9560306277
0.03,3,20,0.941802109
0.03,3,25,0.927789767
0.03,3,30,0.9139866513
0.03,3,35,0.9003938143
0.03,3,40,0.8869999702
0.03,3,45,0.8738057082
0.03,3,50,0.8607947952
0.03,4,0,1
0.03,4,5,0.9851177061
0.03,4,10,0.9704501763
0.03,4,15,0.9560033917
0.03,4,20,0.9417522827
0.03,4,25,0.9277462453
0.03,4,30,0.9139119713
0.03,4,35,0.9003176287
0.03,4,40,0.8869354861
0.03,4,45,0.8737325849
0.03,4,50,0.8607416439
0.03,5,0,1
0.03,5,5,0.9851433949
0.03,5,10,0.9704836257
0.03,5,15,0.9560313234
0.03,5,20,0.9418114255
0.03,5,25,0.9277894524
0.03,5,30,0.9140018678
0.03,5,35,0.900393517
0.03,5,40,0.8869927041
0.03,5,45,0.8737975506
0.03,5,50,0.8607896009
0.03,6,0,1
0.03,6,5,0.9851061171
0.03,6,10,0.9704461872
0.03,6,15,0.9560121856
0.03,6,20,0.9417756779
0.03,6,25,0.9277546528
0.03,6,30,0.913949909
0.03,6,35,0.9003482986
0.03,6,40,0.8869475699
0.03,6,45,0.8737428714
0.03,6,50,0.8607376047
0.03,7,0,1
0.03,7,5,0.9851085023
0.03,7,10,0.9704342508
0.03,7,15,0.9559909452
0.03,7,20,0.9417801337
0.03,7,25,0.9277639912
0.03,7,30,0.9139486862
0.03,7,35,0.9003559666
0.03,7,40,0.8869515294
0.03,7,45,0.8737651801
0.03,7,50,0.8607562454
0.03,8,0,1
0.03,8,5,0.9851128508
0.03,8,10,0.9704675828
0.03,8,15,0.9560328739
0.03,8,20,0.9418020299
0.03,8,25,0.9277838327
0.03,8,30,0.9139797584
0.03,8,35,0.9003843753
0.03,8,40,0.8869940221
0.03,8,45,0.8737831425
0.03,8,50,0.8607931818
0.03,9,0,1
0.03,9,5,0.9851246332
0.03,9,10,0.9704499468
0.03,9,15,0.9560110732
0.03,9,20,0.9417884337
0.03,9,25,0.9277650755
0.03,9,30,0.9139550893
0.03,9,35,0.9003491977
0.03,9,40,0.8869575355
0.03,9,45,0.873753362
0.03,9,50,0.8607299479
0.03,10,0,1
0.03,10,5,0.9851175132
0.03,10,10,0.970457534
0.03,10,15,0.9560197882
0.03,10,20,0.9417738447
0.03,10,25,0.9277563694
0.03,10,30,0.9139411505
0.03,10,35,0.90033818
0.03,10,40,0.8869304603
0.03,10,45,0.8737494955
0.03,10,50,0.8607510322
0.05,1,0,1
0.05,1,5,0.9753095967
0.05,1,10,0.9512771453
0.05,1,15,0.9277983961
0.05,1,20,0.9048927107
0.05,1,25,0.8825847208
0.05,1,30,0.8608192966
0.05,1,35,0.8395597078
0.05,1,40,0.8188420316
0.05,1,45,0.7986219424
0.05,1,50,0.7789038055
0.05,2,0,1
0.05,2,5,0.9753693867
0.05,2,10,0.9512602688
0.05,2,15,0.927767158
0.05,2,20,0.9048444423
0.05,2,25,0.8825438214
0.05,2,30,0.8607859026
0.05,2,35,0.839540707
0.05,2,40,0.8188321011
0.05,2,45,0.798637511
0.05,2,50,0.7789374415
0.05,3,0,1
0.05,3,5,0.9753240321
0.05,3,10,0.9512565574
0.05,3,15,0.9278005634
0.05,3,20,0.9049050175
0.05,3,25,0.8825785591
0.05,3,30,0.8608141673
0.05,3,35,0.8395840719
0.05,3,40,0.8188746542
0.05,3,45,0.7986815165
0.05,3,50,0.7789671759
0.05,4,0,1
0.05,4,5,0.9753258958
0.05,4,10,0.9512479175
0.05,4,15,0.9277748448
0.05,4,20,0.9048445806
0.05,4,25,0.8825265213
0.05,4,30,0.8607082488
0.05,4,35,0.8394843688
0.05,4,40,0.8187917082
0.05,4,45,0.7985824562
0.05,4,50,0.7788964066
0.05,5,0,1
0.05,5,5,0.9753658606
0.05,5,10,0.9513049377
0.05,5,15,0.9278147073
0.05,5,20,0.9049349191
0.05,5,25,0.8825945325
0.05,5,30,0.860844391
0.05,5,35,0.8395912163
0.05,5,40,0.8188781451
0.05,5,45,0.7986817803
0.05,5,50,0.7789698791
0.05,6,0,1
0.05,6,5,0.9753126911
0.05,6,10,0.9512544798
0.05,6,15,0.9278042367
0.05,6,20,0.9048995957
0.05,6,25,0.8825601841
0.05,6,30,0.8607961744
0.05,6,35,0.8395610679
0.05,6,40,0.8188408997
0.05,6,45,0.7986248616
0.05,6,50,0.7789154394
0.05,7,0,1
0.05,7,5,0.975304604
0.05,7,10,0.9512210749
0.05,7,15,0.9277435951
0.05,7,20,0.9048708801
0.05,7,25,0.8825459808
0.05,7,30,0.860759903
0.05,7,35,0.8395348754
0.05,7,40,0.8188161501
0.05,7,45,0.7986297613
0.05,7,50,0.7789084493
0.05,8,0,1
0.05,8,5,0.9753145086
0.05,8,10,0.9512708702
0.05,8,15,0.9278112746
0.05,8,20,0.9049212929
0.05,8,25,0.8825931277
0.05,8,30,0.8608207289
0.05,8,35,0.839586828
0.05,8,40,0.8188814485
0.05,8,45,0.7986569072
0.05,8,50,0.7789719823
0.05,9,0,1
0.05,9,5,0.9753468216
0.05,9,10,0.9512538323
0.05,9,15,0.9277901236
0.05,9,20,0.9049039272
0.05,9,25,0.8825658621
0.05,9,30,0.8607872394
0.05,9,35,0.8395438094
0.05,9,40,0.818845059
0.05,9,45,0.798633726
0.05,9,50,0.7788966111
0.05,10,0,1
0.05,10,5,0.9753238881
0.05,10,10,0.9512609227
0.05,10,15,0.9277915779
0.05,10,20,0.9048742424
0.05,10,25,0.8825412165
0.05,10,30,0.8607515544
0.05,10,35,0.839515761
0.05,10,40,0.8187893124
0.05,10,45,0.79861313
0.05,10,50,0.7789113113
0.07,1,0,1
0.07,1,5,0.9656055996
0.07,1,10,0.9324622749
0.07,1,15,0.9004123331
0.07,1,20,0.8694490308
0.07,1,25,0.8395984277
0.07,1,30,0.8107545037
0.07,1,35,0.7828697709
0.07,1,40,0.7559631544
0.07,1,45,0.7299605345
0.07,1,50,0.7048613911
0.07,2,0,1
0.07,2,5,0.9656885051
0.07,2,10,0.9324456719
0.07,2,15,0.900373664
0.07,2,20,0.8693919453
0.07,2,25,0.8395452677
0.07,2,30,0.8107147365
0.07,2,35,0.7828470204
0.07,2,40,0.7559496028
0.07,2,45,0.7299784126
0.07,2,50,0.7049019321
0.07,3,0,1
0.07,3,5,0.9656339664
0.07,3,10,0.9324465085
0.07,3,15,0.9004192204
0.07,3,20,0.8694598069
0.07,3,25,0.8395804482
0.07,3,30,0.8107442715
0.07,3,35,0.7828954247
0.07,3,40,0.7559962387
0.07,3,45,0.7300350148
0.07,3,50,0.7049366133
0.07,4,0,1
0.07,4,5,0.9656306061
0.07,4,10,0.9324297571
0.07,4,15,0.9003816108
0.07,4,20,0.8693925269
0.07,4,25,0.8395196935
0.07,4,30,0.8106170867
0.07,4,35,0.7827780256
0.07,4,40,0.7558984572
0.07,4,45,0.729912114
0.07,4,50,0.7048475926
0.07,5,0,1
0.07,5,5,0.9656868451
0.07,5,10,0.9325067273
0.07,5,15,0.9004357657
0.07,5,20,0.8695125812
0.07,5,25,0.8396200792
0.07,5,30,0.8107964323
0.07,5,35,0.7829163197
0.07,5,40,0.7560141529
0.07,5,45,0.7300416994
0.07,5,50,0.7049440354
0.07,6,0,1
0.07,6,5,0.9656119543
0.07,6,10,0.9324359761
0.07,6,15,0.9004216196
0.07,6,20,0.8694621932
0.07,6,25,0.8395676867
0.07,6,30,0.8107375731
0.07,6,35,0.7828841791
0.07,6,40,0.7559689745
0.07,6,45,0.7299732914
0.07,6,50,0.7048761871
0.07,7,0,1
0.07,7,5,0.9655935087
0.07,7,10,0.932390401
0.07,7,15,0.9003415488
0.07,7,20,0.8694213911
0.07,7,25,0.8395490997
0.07,7,30,0.8106889184
0.07,7,35,0.7828409906
0.07,7,40,0.7559347231
0.07,7,45,0.729981296
0.07,7,50,0.7048762568
0.07,8,0,1
0.07,8,5,0.9656223802
0.07,8,10,0.9324590141
0.07,8,15,0.9004281756
0.07,8,20,0.8694936748
0.07,8,25,0.8396106227
0.07,8,30,0.8107664348
0.07,8,35,0.7829104903
0.07,8,40,0.7560226291
0.07,8,45,0.7300156756
0.07,8,50,0.704952783
0.07,9,0,1
0.07,9,5,0.965664716
0.07,9,10,0.9324474657
0.07,9,15,0.9004082052
0.07,9,20,0.8694699074
0.07,9,25,0.8395792341
0.07,9,30,0.8107211808
0.07,9,35,0.7828538561
0.07,9,40,0.7559702461
0.07,9,45,0.7299846928
0.07,9,50,0.7048597094
0.07,10,0,1
0.07,10,5,0.9656270611
0.07,10,10,0.9324352748
0.07,10,15,0.9003961971
0.07,10,20,0.8694240074
0.07,10,25,0.8395361493
0.07,10,30,0.8106688102
0.07,10,35,0.7828177793
0.07,10,40,0.7559027875
0.07,10,45,0.729960612
0.07,10,50,0.7048758845
0.1,1,0,1
0.1,1,5,0.9512351808
0.1,1,10,0.9049405393
0.1,1,15,0.8608468676
0.1,1,20,0.8188824986
0.1,1,25,0.779019964
0.1,1,30,0.7410729893
0.1,1,35,0.7049425544
0.1,1,40,0.6705909652
0.1,1,45,0.6378918588
0.1,1,50,0.6068026567
0.1,2,0,1
0.1,2,5,0.9513428332
0.1,2,10,0.9049119
0.1,2,15,0.860795089
0.1,2,20,0.8188030669
0.1,2,25,0.7789451589
0.1,2,30,0.7410139537
0.1,2,35,0.7049067507
0.1,2,40,0.6705661029
0.1,2,45,0.6379036145
0.1,2,50,0.6068437538
0.1,3,0,1
0.1,3,5,0.9512910421
0.1,3,10,0.9049437962
0.1,3,15,0.8608626537
0.1,3,20,0.818900054
0.1,3,25,0.7789995203
0.1,3,30,0.7410647031
0.1,3,35,0.7049781831
0.1,3,40,0.6706356271
0.1,3,45,0.6379832242
0.1,3,50,0.6068926063
0.1,4,0,1
0.1,4,5,0.9512809975
0.1,4,10,0.9049217963
0.1,4,15,0.8608277919
0.1,4,20,0.8188321476
0.1,4,25,0.7789498718
0.1,4,30,0.7409301192
0.1,4,35,0.7048631477
0.1,4,40,0.6705478186
0.1,4,45,0.6378686913
0.1,4,50,0.6068147863
0.1,5,0,1
0.1,5,5,0.9513506483
0.1,5,10,0.9050174944
0.1,5,15,0.8608936446
0.1,5,20,0.8189776176
0.1,5,25,0.7790655215
0.1,5,30,0.7411471443
0.1,5,35,0.7050115614
0.1,5,40,0.6706713967
0.1,5,45,0.6380007127
0.1,5,50,0.6069078297
0.1,6,0,1
0.1,6,5,0.9512504342
0.1,6,10,0.9049140994
0.1,6,15,0.8608559574
0.1,6,20,0.8189004453
0.1,6,25,0.7789977645
0.1,6,30,0.741087528
0.1,6,35,0.7049982492
0.1,6,40,0.670643225
0.1,6,45,0.6379526652
0.1,6,50,0.6068486349
0.1,7,0,1
0.1,7,5,0.9512260857
0.1,7,10,0.9048587525
0.1,7,15,0.8607707786
0.1,7,20,0.8188613951
0.1,7,25,0.7789737968
0.1,7,30,0.7410130555
0.1,7,35,0.7049215886
0.1,7,40,0.670570417
0.1,7,45,0.6379332403
0.1,7,50,0.6068330217
0.1,8,0,1
0.1,8,5,0.9512860947
0.1,8,10,0.9049704407
0.1,8,15,0.8608822363
0.1,8,20,0.8189592964
0.1,8,25,0.7790681049
0.1,8,30,0.7411316119
0.1,8,35,0.7050345397
0.1,8,40,0.6707180507
0.1,8,45,0.6380197137
0.1,8,50,0.6069623723
0.1,9,0,1
0.1,9,5,0.9513332855
0.1,9,10,0.9049490962
0.1,9,15,0.8608703829
0.1,9,20,0.8189260559
0.1,9,25,0.7790224369
0.1,9,30,0.7410694052
0.1,9,35,0.7049606065
0.1,9,40,0.6706417786
0.1,9,45,0.6379674321
0.1,9,50,0.606847129
0.1,10,0,1
0.1,10,5,0.9512796571
0.1,10,10,0.9049154883
0.1,10,15,0.8608340915
0.1,10,20,0.8188673048
0.1,10,25,0.7789694151
0.1,10,30,0.7409922468
0.1,10,35,0.7049078718
0.1,10,40,0.6705574795
0.1,10,45,0.6379285171
0.1,10,50,0.6068484742
0.15,1,0,1
0.15,1,5,0.9277816854
0.15,1,10,0.8609116001
0.15,1,15,0.7987846207
0.15,1,20,0.7411150028
0.15,1,25,0.6876800637
0.15,1,30,0.6380496207
0.15,1,35,0.5919762655
0.15,1,40,0.5492556439
0.15,1,45,0.5095881487
0.15,1,50,0.4728052283
0.15,2,0,1
0.15,2,5,0.9279132468
0.15,2,10,0.8608484965
0.15,2,15,0.7986858401
0.15,2,20,0.7409823658
0.15,2,25,0.6875554474
0.15,2,30,0.6379579832
0.15,2,35,0.5919185168
0.15,2,40,0.5492051521
0.15,2,45,0.5095849771
0.15,2,50,0.4728415994
0.15,3,0,1
0.15,3,5,0.9278597878
0.15,3,10,0.8608925574
0.15,3,15,0.7987531482
0.15,3,20,0.7410755631
0.15,3,25,0.6876024921
0.15,3,30,0.6379925458
0.15,3,35,0.59197061
0.15,3,40,0.5492501412
0.15,3,45,0.509635579
0.15,3,50,0.472843231
0.15,4,0,1
0.15,4,5,0.9278569626
0.15,4,10,0.8609044892
0.15,4,15,0.7987770368
0.15,4,20,0.7410780418
0.15,4,25,0.687618816
0.15,4,30,0.6379103478
0.15,4,35,0.5919158141
0.15,4,40,0.5492330947
0.15,4,45,0.5095916771
0.15,4,50,0.472838568
0.15,5,0,1
0.15,5,5,0.9279394452
0.15,5,10,0.8610050475
0.15,5,15,0.7988401067
0.15,5,20,0.7412228904
0.15,5,25,0.6877159892
0.15,5,30,0.638134273
0.15,5,35,0.5920551292
0.15,5,40,0.5493453287
0.15,5,45,0.5097063833
0.15,5,50,0.4729067538
0.15,6,0,1
0.15,6,5,0.9278042425
0.15,6,10,0.8608661473
0.15,6,15,0.7987702541
0.15,6,20,0.7411025538
0.15,6,25,0.6876146583
0.15,6,30,0.6380542003
0.15,6,35,0.5920358015
0.15,6,40,0.5493070168
0.15,6,45,0.5096439068
0.15,6,50,0.4728352223
0.15,7,0,1
0.15,7,5,0.9277814217
0.15,7,10,0.8608012768
0.15,7,15,0.7986940923
0.15,7,20,0.7410998074
0.15,7,25,0.6876177726
0.15,7,30,0.6380021973
0.15,7,35,0.5919682643
0.15,7,40,0.5492393727
0.15,7,45,0.509641872
0.15,7,50,0.4728419595
0.15,8,0,1
0.15,8,5,0.9278630121
0.15,8,10,0.8609493226
0.15,8,15,0.7988036475
0.15,8,20,0.7411835317
0.15,8,25,0.687725662
0.15,8,30,0.6381119708
0.15,8,35,0.5920773057
0.15,8,40,0.5493847133
0.15,8,45,0.5097246205
0.15,8,50,0.4729748138
0.15,9,0,1
0.15,9,5,0.9279146758
0.15,9,10,0.8609091088
0.15,9,15,0.7988105568
0.15,9,20,0.7411609451
0.15,9,25,0.6876813909
0.15,9,30,0.6380636232
0.15,9,35,0.5920084458
0.15,9,40,0.5493125072
0.15,9,45,0.5096788601
0.15,9,50,0.4728616659
0.15,10,0,1
0.15,10,5,0.9278430778
0.15,10,10,0.860857466
0.15,10,15,0.798726605
0.15,10,20,0.7410677376
0.15,10,25,0.6875961579
0.15,10,30,0.63794225
0.15,10,35,0.5919285553
0.15,10,40,0.5492164212
0.15,10,45,0.5096244013
0.15,10,50,0.4728409328
0.2,1,0,1
0.2,1,5,0.9049193825
0.2,1,10,0.8190397638
0.2,1,15,0.741217405
0.2,1,20,0.6707516329
0.2,1,25,0.6070697633
0.2,1,30,0.5493827165
0.2,1,35,0.4971392951
0.2,1,40,0.449901511
0.2,1,45,0.4071206297
0.2,1,50,0.3684229868
0.2,2,0,1
0.2,2,5,0.9050693758
0.2,2,10,0.8189471156
0.2,2,15,0.7410864365
0.2,2,20,0.6705973485
0.2,2,25,0.6069233428
0.2,2,30,0.5492718103
0.2,2,35,0.4970884745
0.2,2,40,0.4498507788
0.2,2,45,0.4071260383
0.2,2,50,0.3684807933
0.2,3,0,1
0.2,3,5,0.9050131184
0.2,3,10,0.8190041763
0.2,3,15,0.7411565893
0.2,3,20,0.6706750925
0.2,3,25,0.6069515546
0.2,3,30,0.5492802374
0.2,3,35,0.497106393
0.2,3,40,0.4498678639
0.2,3,45,0.4071345594
0.2,3,50,0.3684356733
0.2,4,0,1
0.2,4,5,0.9050240996
0.2,4,10,0.8190560036
0.2,4,15,0.741227759
0.2,4,20,0.6707325323
0.2,4,25,0.6070261084
0.2,4,30,0.5492488977
0.2,4,35,0.4971026923
0.2,4,40,0.4498950335
0.2,4,45,0.4071408656
0.2,4,50,0.36847266
0.2,5,0,1
0.2,5,5,0.9051195683
0.2,5,10,0.8191304456
0.2,5,15,0.7412588644
0.2,5,20,0.6708535657
0.2,5,25,0.6070779158
0.2,5,30,0.5494486641
0.2,5,35,0.4972135065
0.2,5,40,0.4499866187
0.2,5,45,0.4072261205
0.2,5,50,0.368510696
0.2,6,0,1
0.2,6,5,0.9049430068
0.2,6,10,0.8189756083
0.2,6,15,0.74117454
0.2,6,20,0.6707088529
0.2,6,25,0.6069718564
0.2,6,30,0.5493543871
0.2,6,35,0.4971845799
0.2,6,40,0.4499341598
0.2,6,45,0.4071480577
0.2,6,50,0.3684297108
0.2,7,0,1
0.2,7,5,0.9049268883
0.2,7,10,0.8189063217
0.2,7,15,0.741101995
0.2,7,20,0.6707211245
0.2,7,25,0.6069857011
0.2,7,30,0.5493177567
0.2,7,35,0.4971171488
0.2,7,40,0.449861156
0.2,7,45,0.4071517349
0.2,7,50,0.3684424008
0.2,8,0,1
0.2,8,5,0.9050304915
0.2,8,10,0.8190791973
0.2,8,15,0.7412170995
0.2,8,20,0.6708143884
0.2,8,25,0.6071194702
0.2,8,30,0.5494396817
0.2,8,35,0.4972463145
0.2,8,40,0.4500259303
0.2,8,45,0.4072478556
0.2,8,50,0.3685846787
0.2,9,0,1
0.2,9,5,0.9050560269
0.2,9,10,0.8190070175
0.2,9,15,0.7412261984
0.2,9,20,0.6707929317
0.2,9,25,0.607051324
0.2,9,30,0.5493831611
0.2,9,35,0.4971799735
0.2,9,40,0.4499690813
0.2,9,45,0.4072207922
0.2,9,50,0.368496615
0.2,10,0,1
0.2,10,5,0.9049894705
0.2,10,10,0.8189734283
0.2,10,15,0.7411305666
0.2,10,20,0.6706779256
0.2,10,25,0.6069593078
0.2,10,30,0.5492492545
0.2,10,35,0.4970756309
0.2,10,40,0.4498437635
0.2,10,45,0.4071409925
0.2,10,50,0.3684476513
0.3,1,0,1
0.3,1,5,0.8608897912
0.3,1,10,0.7413030735
0.3,1,15,0.6382237978
0.3,1,20,0.5494332364
0.3,1,25,0.4730831008
0.3,1,30,0.4073038653
0.3,1,35,0.3506253128
0.3,1,40,0.301870736
0.3,1,45,0.2598666292
0.3,1,50,0.2237203613
0.3,2,0,1
0.3,2,5,0.8610346059
0.3,2,10,0.7411623698
0.3,2,15,0.638043762
0.3,2,20,0.5492355572
0.3,2,25,0.4728878684
0.3,2,30,0.4071330871
0.3,2,35,0.3505287151
0.3,2,40,0.3017764443
0.3,2,45,0.25983315
0.3,2,50,0.2237365401
0.3,3,0,1
0.3,3,5,0.8609964389
0.3,3,10,0.7412501133
0.3,3,15,0.6381438009
0.3,3,20,0.5493364772
0.3,3,25,0.4729384835
0.3,3,30,0.4071684738
0.3,3,35,0.3505616792
0.3,3,40,0.3018101951
0.3,3,45,0.2598487918
0.3,3,50,0.2237030649
0.3,4,0,1
0.3,4,5,0.8610245558
0.3,4,10,0.7413296939
0.3,4,15,0.6382063339
0.3,4,20,0.5494089469
0.3,4,25,0.4730356012
0.3,4,30,0.4071633482
0.3,4,35,0.3505935337
0.3,4,40,0.3018644498
0.3,4,45,0.2598837157
0.3,4,50,0.2237636079
0.3,5,0,1
0.3,5,5,0.8611187733
0.3,5,10,0.741371059
0.3,5,15,0.6382243274
0.3,5,20,0.5494980579
0.3,5,25,0.4730577075
0.3,5,30,0.4073380008
0.3,5,35,0.3506660455
0.3,5,40,0.3019174976
0.3,5,45,0.2599196582
0.3,5,50,0.2237546836
0.3,6,0,1
0.3,6,5,0.8608702485
0.3,6,10,0.741160784
0.3,6,15,0.6381010956
0.3,6,20,0.5493370022
0.3,6,25,0.4729627226
0.3,6,30,0.4072470777
0.3,6,35,0.3506406198
0.3,6,40,0.3018702888
0.3,6,45,0.2598584898
0.3,6,50,0.2236945669
0.3,7,0,1
0.3,7,5,0.8609148061
0.3,7,10,0.7411818414
0.3,7,15,0.6381147777
0.3,7,20,0.5494197072
0.3,7,25,0.4730153519
0.3,7,30,0.4072462974
0.3,7,35,0.3506165222
0.3,7,40,0.3018422849
0.3,7,45,0.2598965702
0.3,7,50,0.2237382103
0.3,8,0,1
0.3,8,5,0.8610202031
0.3,8,10,0.7413240892
0.3,8,15,0.6381941591
0.3,8,20,0.5494905128
0.3,8,25,0.4731232953
0.3,8,30,0.4073219821
0.3,8,35,0.3506941158
0.3,8,40,0.3019505943
0.3,8,45,0.2599498035
0.3,8,50,0.2238276993
0.3,9,0,1
0.3,9,5,0.8609725481
0.3,9,10,0.7411696537
0.3,9,15,0.6381454609
0.3,9,20,0.5493962984
0.3,9,25,0.4729803229
0.3,9,30,0.4072190176
0.3,9,35,0.35059734
0.3,9,40,0.3018744886
0.3,9,45,0.2598982598
0.3,9,50,0.2237396964
0.3,10,0,1
0.3,10,5,0.8609413629
0.3,10,10,0.7412001218
0.3,10,15,0.6380960139
0.3,10,20,0.5493264456
0.3,10,25,0.4729441279
0.3,10,30,0.4071392139
0.3,10,35,0.3505297585
0.3,10,40,0.3017856846
0.3,10,45,0.2598459051
0.3,10,50,0.2237131764
0.5,1,0,1
0.5,1,5,0.7791042667
0.5,1,10,0.6071183375
0.5,1,15,0.4730009339
0.5,1,20,0.3684624213
0.5,1,25,0.2871001331
0.5,1,30,0.2236853911
0.5,1,35,0.1742636853
0.5,1,40,0.1357756063
0.5,1,45,0.1057773683
0.5,1,50,0.08241006816
0.5,2,0,1
0.5,2,5,0.7791942887
0.5,2,10,0.606936027
0.5,2,15,0.4727981419
0.5,2,20,0.368301514
0.5,2,25,0.2869513775
0.5,2,30,0.223568976
0.5,2,35,0.1741865482
0.5,2,40,0.1357060347
0.5,2,45,0.1057361964
0.5,2,50,0.08238958047
0.5,3,0,1
0.5,3,5,0.7792032419
0.5,3,10,0.6070503494
0.5,3,15,0.4729321925
0.5,3,20,0.3684042379
0.5,3,25,0.2870156898
0.5,3,30,0.2236094675
0.5,3,35,0.1742239776
0.5,3,40,0.1357319702
0.5,3,45,0.105746637
0.5,3,50,0.08237912867
0.5,4,0,1
0.5,4,5,0.7791833636
0.5,4,10,0.6070851756
0.5,4,15,0.4729229828
0.5,4,20,0.368447151
0.5,4,25,0.2870579439
0.5,4,30,0.2235946556
0.5,4,35,0.1742320936
0.5,4,40,0.1357470356
0.5,4,45,0.105760519
0.5,4,50,0.08240516885
0.5,5,0,1
0.5,5,5,0.7792953303
0.5,5,10,0.6071288951
0.5,5,15,0.4729707856
0.5,5,20,0.3685041239
0.5,5,25,0.2870863487
0.5,5,30,0.2237031948
0.5,5,35,0.1742683543
0.5,5,40,0.1357840223
0.5,5,45,0.1057790672
0.5,5,50,0.08239924244
0.5,6,0,1
0.5,6,5,0.7790119363
0.5,6,10,0.6069240313
0.5,6,15,0.4728553743
0.5,6,20,0.3683904752
0.5,6,25,0.2870354957
0.5,6,30,0.2236560989
0.5,6,35,0.174267253
0.5,6,40,0.1357584433
0.5,6,45,0.1057514148
0.5,6,50,0.08238471195
0.5,7,0,1
0.5,7,5,0.7790339518
0.5,7,10,0.6069560133
0.5,7,15,0.4728628065
0.5,7,20,0.3684253487
0.5,7,25,0.2870393937
0.5,7,30,0.2236254496
0.5,7,35,0.174227243
0.5,7,40,0.1357301167
0.5,7,45,0.1057574448
0.5,7,50,0.08238584709
0.5,8,0,1
0.5,8,5,0.7791812255
0.5,8,10,0.6070995434
0.5,8,15,0.4729587981
0.5,8,20,0.3685245119
0.5,8,25,0.287134993
0.5,8,30,0.2236816884
0.5,8,35,0.1742732595
0.5,8,40,0.1357795846
0.5,8,45,0.105786621
0.5,8,50,0.08242801326
0.5,9,0,1
0.5,9,5,0.7791037143
0.5,9,10,0.6069399395
0.5,9,15,0.4729027961
0.5,9,20,0.3684362705
0.5,9,25,0.2870487551
0.5,9,30,0.2236507073
0.5,9,35,0.1742530509
0.5,9,40,0.1357802942
0.5,9,45,0.1057884541
0.5,9,50,0.08241344691
0.5,10,0,1
0.5,10,5,0.7790495904
0.5,10,10,0.6069640147
0.5,10,15,0.4728496081
0.5,10,20,0.3683727592
0.5,10,25,0.2869976307
0.5,10,30,0.2235819337
0.5,10,35,0.1742040164
0.5,10,40,0.1357184526
0.5,10,45,0.1057476161
0.5,10,50,0.08238814095
0.7,1,0,1
0.7,1,5,0.7049139476
0.7,1,10,0.4969644354
0.7,1,15,0.3502971277
0.7,1,20,0.2468871057
0.7,1,25,0.1740393108
0.7,1,30,0.1226749466
0.7,1,35,0.0864697992
0.7,1,40,0.06095168209
0.7,1,45,0.04296361916
0.7,1,50,0.03028659389
0.7,2,0,1
0.7,2,5,0.7049657225
0.7,2,10,0.4968401603
0.7,2,15,0.3501792922
0.7,2,20,0.2468139549
0.7,2,25,0.1739775655
0.7,2,30,0.1226306434
0.7,2,35,0.08643750439
0.7,2,40,0.06092709077
0.7,2,45,0.04294799038
0.7,2,50,0.03027683899
0.7,3,0,1
0.7,3,5,0.7049686453
0.7,3,10,0.4969050611
0.7,3,15,0.350243145
0.7,3,20,0.2468504565
0.7,3,25,0.1740092777
0.7,3,30,0.1226554474
0.7,3,35,0.08646463426
0.7,3,40,0.06094448794
0.7,3,45,0.04295801153
0.7,3,50,0.03027793665
0.7,4,0,1
0.7,4,5,0.7049202836
0.7,4,10,0.4968710097
0.7,4,15,0.3502067813
0.7,4,20,0.246849278
0.7,4,25,0.1740048648
0.7,4,30,0.1226310537
0.7,4,35,0.08644839136
0.7,4,40,0.06093582522
0.7,4,45,0.04295397508
0.7,4,50,0.03027915574
0.7,5,0,1
0.7,5,5,0.7050685202
0.7,5,10,0.4969863092
0.7,5,15,0.3502807143
0.7,5,20,0.246920791
0.7,5,25,0.1740465556
0.7,5,30,0.1226965502
0.7,5,35,0.0864797698
0.7,5,40,0.0609620142
0.7,5,45,0.04296654781
0.7,5,50,0.03028140012
0.7,6,0,1
0.7,6,5,0.7048405702
0.7,6,10,0.4968282403
0.7,6,15,0.3501846727
0.7,6,20,0.24683453
0.7,6,25,0.1740044407
0.7,6,30,0.1226608727
0.7,6,35,0.08646704584
0.7,6,40,0.06094690497
0.7,6,45,0.04295457705
0.7,6,50,0.03027785594
0.7,7,0,1
0.7,7,5,0.7048209955
0.7,7,10,0.4968238031
0.7,7,15,0.3501808448
0.7,7,20,0.2468376683
0.7,7,25,0.1739887244
0.7,7,30,0.1226385731
0.7,7,35,0.08644314275
0.7,7,40,0.06092863495
0.7,7,45,0.04294973878
0.7,7,50,0.03027207615
0.7,8,0,1
0.7,8,5,0.7049535883
0.7,8,10,0.4969361552
0.7,8,15,0.3502714853
0.7,8,20,0.246923043
0.7,8,25,0.1740627544
0.7,8,30,0.1226822665
0.7,8,35,0.08647877838
0.7,8,40,0.06095785826
0.7,8,45,0.04296830093
0.7,8,50,0.03029009405
0.7,9,0,1
0.7,9,5,0.7048534316
0.7,9,10,0.4967902492
0.7,9,15,0.3502032536
0.7,9,20,0.2468373309
0.7,9,25,0.1739959042
0.7,9,30,0.1226496284
0.7,9,35,0.08645681732
0.7,9,40,0.06094981677
0.7,9,45,0.04296278499
0.7,9,50,0.03028069647
0.7,10,0,1
0.7,10,5,0.7048128492
0.7,10,10,0.4968221248
0.7,10,15,0.350192591
0.7,10,20,0.2468348075
0.7,10,25,0.173992658
0.7,10,30,0.1226355835
0.7,10,35,0.08644914227
0.7,10,40,0.0609362953
0.7,10,45,0.04295537228
0.7,10,50,0.03027952504
1,1,0,1
1,1,5,0.6065306597
1,1,10,0.3678794412
1,1,15,0.2231301601
1,1,20,0.1353352832
1,1,25,0.08208499862
1,1,30,0.04978706837
1,1,35,0.03019738342
1,1,40,0.01831563889
1,1,45,0.01110899654
1,1,50,0.006737946999
1,2,0,1
1,2,5,0.6065306597
1,2,10,0.3678794412
1,2,15,0.2231301601
1,2,20,0.1353352832
1,2,25,0.08208499862
1,2,30,0.04978706837
1,2,35,0.03019738342
1,2,40,0.01831563889
1,2,45,0.01110899654
1,2,50,0.006737946999
1,3,0,1
1,3,5,0.6065306597
1,3,10,0.3678794412
1,3,15,0.2231301601
1,3,20,0.1353352832
1,3,25,0.08208499862
1,3,30,0.04978706837
1,3,35,0.03019738342
1,3,40,0.01831563889
1,3,45,0.01110899654
1,3,50,0.006737946999
1,4,0,1
1,4,5,0.6065306597
1,4,10,0.3678794412
1,4,15,0.2231301601
1,4,20,0.1353352832
1,4,25,0.08208499862
1,4,30,0.04978706837
1,4,35,0.03019738342
1,4,40,0.01831563889
1,4,45,0.01110899654
1,4,50,0.006737946999
1,5,0,1
1,5,5,0.6065306597
1,5,10,0.3678794412
1,5,15,0.2231301601
1,5,20,0.1353352832
1,5,25,0.08208499862
1,5,30,0.04978706837
1,5,35,0.03019738342
1,5,40,0.01831563889
1,5,45,0.01110899654
1,5,50,0.006737946999
1,6,0,1
1,6,5,0.6065306597
1,6,10,0.3678794412
1,6,15,0.2231301601
1,6,20,0.1353352832
1,6,25,0.08208499862
1,6,30,0.04978706837
1,6,35,0.03019738342
1,6,40,0.01831563889
1,6,45,0.01110899654
1,6,50,0.006737946999
1,7,0,1
1,7,5,0.6065306597
1,7,10,0.3678794412
1,7,15,0.2231301601
1,7,20,0.1353352832
1,7,25,0.08208499862
1,7,30,0.04978706837
1,7,35,0.03019738342
1,7,40,0.01831563889
1,7,45,0.01110899654
1,7,50,0.006737946999
1,8,0,1
1,8,5,0.6065306597
1,8,10,0.3678794412
1,8,15,0.2231301601
1,8,20,0.1353352832
1,8,25,0.08208499862
1,8,30,0.04978706837
1,8,35,0.03019738342
1,8,40,0.01831563889
1,8,45,0.01110899654
1,8,50,0.006737946999
1,9,0,1
1,9,5,0.6065306597
1,9,10,0.3678794412
1,9,15,0.2231301601
1,9,20,0.1353352832
1,9,25,0.08208499862
1,9,30,0.04978706837
1,9,35,0.03019738342
1,9,40,0.01831563889
1,9,45,0.01110899654
1,9,50,0.006737946999
1,10,0,1
1,10,5,0.6065306597
1,10,10,0.3678794412
1,10,15,0.2231301601
1,10,20,0.1353352832
1,10,25,0.08208499862
1,10,30,0.04978706837
1,10,35,0.03019738342
1,10,40,0.01831563889
1,10,45,0.01110899654
1,10,50,0.006737946999
