step,t_end_ms,dt_ms,part_type,x,y,z,r,n_hits,longitudinal,transverse,phase,predicted_transverse
1,0,0,EmptyPart,-0.3314423699,-0.4758929698,-0.8776238975,0.5799380684,0,2.220446049e-16,1,0,NaN
2,0.01,0.01,EmptyPart,-0.3020164896,-0.33709186,-0.577270042,0.4525979254,0,9.99995e-06,0.9998750078,0,0.9998750078
3,0.02,0.01,EmptyPart,-0.05645715119,-0.3711078498,-0.9323148294,0.3753777379,0,1.99998e-05,0.9997500312,0,0.9997500312
4,0.03,0.01,EmptyPart,0.233686237,0.006587465242,-1.270025657,0.2337790667,0,2.999955e-05,0.9996250703,0,0.9996250703
5,0.04,0.01,EmptyPart,0.5505233997,-0.1644635321,-1.311260782,0.574564415,0,3.999920001e-05,0.999500125,0,0.999500125
6,0.05,0.01,EmptyPart,0.494459262,-0.3165242629,-1.154589012,0.5870924721,0,4.999875002e-05,0.9993751953,0,0.9993751953
7,0.06,0.01,EmptyPart,0.7081464436,-0.1234322338,-1.299290498,0.7188232758,0,5.999820004e-05,0.9992502812,0,0.9992502812
8,0.07,0.01,EmptyPart,0.7935264153,0.1241361524,-1.733066359,0.8031774126,0,6.999755006e-05,0.9991253827,0,0.9991253827
9,0.08,0.01,EmptyPart,0.8508598269,0.06174192385,-2.18096276,0.853097011,1,7.999680009e-05,0.9890602788,0,0.9890602788
10,0.09,0.01,EmptyPart,0.7391770088,0.09818120843,-1.874096866,0.7456689614,0,8.999595012e-05,0.988936654,0,0.988936654
11,0.1,0.01,EmptyPart,0.9521147575,-0.1080466039,-1.914539611,0.9582257458,0,9.999500017e-05,0.9888130446,0,0.9888130446
12,0.11,0.01,EmptyPart,0.9138639975,0.03086900519,-1.61308341,0.914385204,1,0.0001099939502,0.9788518263,0,0.9788518263
13,0.12,0.01,EmptyPart,0.7465295162,0.1875438287,-1.283312955,0.7697265789,0,0.0001199928003,0.9787294775,0,0.9787294775
14,0.13,0.01,EmptyPart,0.9284059543,0.009550503546,-1.386122821,0.928455076,1,0.0001299915504,0.9688698402,0,0.9688698402
15,0.14,0.01,EmptyPart,0.7049034546,0.3102223593,-1.431898208,0.7701472538,1,0.0001399902005,0.959109528,0,0.959109528
16,0.15,0.01,EmptyPart,0.8017787267,0.542417746,-1.449940683,0.9680217651,0,0.0001499887506,0.9589896468,0,0.9589896468
17,0.16,0.01,EmptyPart,0.2394277736,0.5405689524,-1.393340815,0.591219461,1,0.0001599872007,0.9493288668,0,0.9493288668
18,0.17,0.01,EmptyPart,0.3060847896,0.3344308625,-1.557700164,0.4533562619,0,0.0001699855508,0.9492102082,0,0.9492102082
19,0.18,0.01,EmptyPart,0.2113158209,0.1673941777,-1.491444665,0.269583358,0,0.000179983801,0.9490915643,0,0.9490915643
20,0.19,0.01,EmptyPart,0.1801246103,-0.1998647694,-1.554041021,0.2690553871,0,0.0001899819511,0.9489729353,0,0.9489729353
21,0.2,0.01,EmptyPart,0.2425019662,0.1852995811,-1.518794545,0.305193608,0,0.0001999800013,0.9488543211,0,0.9488543211
22,0.21,0.01,EmptyPart,0.1757428373,0.2965099983,-1.075561685,0.3446791609,0,0.0002099779515,0.9487357217,0,0.9487357217
23,0.22,0.01,EmptyPart,0.0831441755,0.1970456124,-1.086424646,0.2138689489,0,0.0002199758018,0.9486171371,0,0.9486171371
24,0.23,0.01,EmptyPart,-0.008252835773,0.4296761503,-1.12468022,0.4297553995,0,0.000229973552,0.9484985674,0,0.9484985674
25,0.24,0.01,EmptyPart,-0.1012483185,0.281567345,-1.092817248,0.299217967,0,0.0002399712023,0.9483800125,0,0.9483800125
26,0.25,0.01,EmptyPart,-0.2084671366,-0.1504788773,-0.7093385607,0.257103947,0,0.0002499687526,0.9482614724,0,0.9482614724
27,0.26,0.01,EmptyPart,-0.115234629,-0.2859647095,-0.3413210522,0.3083096411,0,0.0002599662029,0.9481429471,0,0.9481429471
28,0.27,0.01,EmptyPart,-0.02931714758,-0.2254505321,-0.2788595372,0.2273487136,0,0.0002699635533,0.9480244367,0,0.9480244367
29,0.28,0.01,EmptyPart,-0.08665188395,0.4016416777,-0.3518541843,0.4108826916,0,0.0002799608037,0.947905941,0,0.947905941
30,0.29,0.01,EmptyPart,-0.1884453673,-0.1769987042,-0.2012528951,0.2585347129,0,0.0002899579541,0.9477874602,0,0.9477874602
31,0.3,0.01,EmptyPart,-0.1240525094,-0.366539872,0.1606443855,0.3869631802,0,0.0002999550045,0.9476689941,0,0.9476689941
32,0.31,0.01,EmptyPart,0.05362857256,-0.8774958642,0.4569075207,0.8791331045,0,0.000309951955,0.9475505429,0,0.9475505429
33,0.32,0.01,EmptyPart,0.3184538718,-0.8409220043,0.8185852671,0.8992011376,0,0.0003199488055,0.9474321065,0,0.9474321065
34,0.33,0.01,EmptyPart,0.1160302651,-0.977693211,0.5821917404,0.9845542328,1,0.000329945556,0.9378877562,0,0.9378877562
35,0.34,0.01,EmptyPart,0.05465848539,-0.9822662846,0.6381593464,0.9837858527,1,0.0003399422066,0.9284395549,0,0.9284395549
36,0.35,0.01,EmptyPart,-0.2248662901,-0.9701156621,0.8191498959,0.9958359535,1,0.0003499387571,0.919086534,0,0.919086534
37,0.36,0.01,EmptyPart,0.464312382,-0.8040665645,1.107191581,0.928498265,1,0.0003599352078,0.9098277346,0,0.9098277346
38,0.37,0.01,EmptyPart,0.2500030694,-0.6481426141,1.18220026,0.6946872555,0,0.0003699315584,0.9097140133,0,0.9097140133
39,0.38,0.01,EmptyPart,0.2546632004,-0.4552778661,1.055063345,0.5216620372,0,0.0003799278091,0.9096003061,0,0.9096003061
40,0.39,0.01,EmptyPart,-0.3078529588,-0.4307330938,1.085151172,0.529437855,0,0.0003899239599,0.9094866132,0,0.9094866132
41,0.4,0.01,EmptyPart,-0.3135505594,-0.4346121741,1.240971086,0.5359120219,0,0.0003999200107,0.9093729345,0,0.9093729345
42,0.41,0.01,EmptyPart,-0.2911875402,-0.3556490528,0.8740688379,0.4596481615,0,0.0004099159615,0.90925927,0,0.90925927
43,0.42,0.01,EmptyPart,-0.2242224141,-0.04796023798,1.109026884,0.2292942987,0,0.0004199118123,0.9091456197,0,0.9091456197
44,0.43,0.01,EmptyPart,-0.7347448017,0.001775601115,1.155758826,0.7347469472,0,0.0004299075632,0.9090319836,0,0.9090319836
45,0.44,0.01,EmptyPart,-0.5662520821,0.4724820536,1.505421151,0.7374826856,1,0.0004399032142,0.8998744728,0,0.8998744728
46,0.45,0.01,EmptyPart,-0.2445991087,0.6967036527,1.14924465,0.7383933259,0,0.0004498987652,0.8997619956,0,0.8997619956
47,0.46,0.01,EmptyPart,-0.1528399873,0.795464232,1.114834783,0.8100144481,0,0.0004598942162,0.8996495323,0,0.8996495323
48,0.47,0.01,EmptyPart,-0.2390636657,0.5759647695,0.9583158644,0.6236079313,0,0.0004698895673,0.8995370832,0,0.8995370832
49,0.48,0.01,EmptyPart,-0.1192217277,0.3610075454,1.304194533,0.3801845186,0,0.0004798848184,0.8994246481,0,0.8994246481
50,0.49,0.01,EmptyPart,0.1518097745,0.3957004137,1.377992937,0.4238219261,0,0.0004898799696,0.899312227,0,0.899312227
51,0.5,0.01,EmptyPart,-0.346523616,0.4421313755,1.391849343,0.561746179,0,0.0004998750208,0.89919982,0,0.89919982
52,0.51,0.01,EmptyPart,-0.5084321553,0.6214579534,1.340830909,0.8029403741,0,0.0005098699721,0.8990874271,0,0.8990874271
53,0.52,0.01,EmptyPart,-0.1482288173,0.5390094078,1.543421984,0.5590196097,0,0.0005198648234,0.8989750482,0,0.8989750482
54,0.53,0.01,EmptyPart,0.1376846676,0.7159935451,1.773104378,0.7291116679,0,0.0005298595748,0.8988626833,0,0.8988626833
55,0.54,0.01,EmptyPart,0.1525385484,0.6482457609,2.298862731,0.6659508806,0,0.0005398542262,0.8987503325,0,0.8987503325
56,0.55,0.01,EmptyPart,0.2996171338,0.6575813577,2.350932175,0.7226227708,0,0.0005498487777,0.8986379957,0,0.8986379957
57,0.56,0.01,EmptyPart,0.3841080724,0.7868475629,2.287958753,0.8755958534,0,0.0005598432293,0.898525673,0,0.898525673
58,0.57,0.01,EmptyPart,0.4666398608,0.8727315413,2.513913534,0.9896530215,1,0.0005698375809,0.889474002,0,0.889474002
59,0.58,0.01,EmptyPart,0.4590415236,0.5108744022,2.372131127,0.6868127657,0,0.0005798318325,0.8893628247,0,0.8893628247
60,0.59,0.01,EmptyPart,0.4713690481,0.7381630917,2.199465923,0.87582734,0,0.0005898259842,0.8892516613,0,0.8892516613
61,0.6,0.01,EmptyPart,0.3885612528,0.8495069344,2.316891861,0.9341530274,0,0.000599820036,0.8891405117,0,0.8891405117
62,0.61,0.01,EmptyPart,0.065705647,0.6988049189,1.735542674,0.7018871324,0,0.0006098139878,0.8890293761,0,0.8890293761
63,0.62,0.01,EmptyPart,-0.1010807986,0.6053673604,1.684915162,0.6137482944,0,0.0006198078397,0.8889182544,0,0.8889182544
64,0.63,0.01,EmptyPart,0.1483041994,0.6616593665,1.991722916,0.6780761409,0,0.0006298015917,0.8888071466,0,0.8888071466
65,0.64,0.01,EmptyPart,0.05441264001,0.5409470086,1.892638321,0.5436767435,0,0.0006397952437,0.8886960526,0,0.8886960526
66,0.65,0.01,EmptyPart,-0.1882099798,0.2958958596,1.851650528,0.3506812744,0,0.0006497887958,0.8885849726,0,0.8885849726
67,0.66,0.01,EmptyPart,-0.0241985474,0.2490636892,1.603062906,0.2502364701,0,0.0006597822479,0.8884739064,0,0.8884739064
68,0.67,0.01,EmptyPart,0.4122471366,0.4324289341,1.939201188,0.5974466375,0,0.0006697756001,0.8883628541,0,0.8883628541
69,0.68,0.01,EmptyPart,0.7329167466,0.5858348286,2.156656407,0.9382800242,1,0.0006797688524,0.8794135624,0,0.8794135624
70,0.69,0.01,EmptyPart,0.6276364562,0.5860546115,2.220243066,0.8587127161,1,0.0006897620047,0.8705544252,0,0.8705544252
71,0.7,0.01,EmptyPart,0.9458764878,0.3105470726,2.457688116,0.9955510105,1,0.0006997550572,0.8617845341,0,0.8617845341
72,0.71,0.01,EmptyPart,0.8353341977,0.3341257923,2.46062836,0.8996795357,0,0.0007097480096,0.8616768178,0,0.8616768178
73,0.72,0.01,EmptyPart,0.7452027248,0.6407835117,2.604280376,0.982817689,1,0.0007197408622,0.852996359,0,0.852996359
74,0.73,0.01,EmptyPart,0.706611348,0.6569560348,2.7839484,0.9648268387,0,0.0007297336148,0.8528897411,0,0.8528897411
75,0.74,0.01,EmptyPart,0.462965511,0.5803982945,2.888182079,0.742427939,1,0.0007397262675,0.8442978025,0,0.8442978025
76,0.75,0.01,EmptyPart,0.6407521081,0.6826178036,2.952082853,0.9362319851,0,0.0007497188203,0.8441922719,0,0.8441922719
77,0.76,0.01,EmptyPart,0.5109027623,0.4433293348,3.413978382,0.676433686,0,0.0007597112731,0.8440867545,0,0.8440867545
78,0.77,0.01,EmptyPart,0.6568598129,-0.03061571923,3.891358415,0.6575729132,0,0.0007697036261,0.8439812502,0,0.8439812502
79,0.78,0.01,EmptyPart,0.5702047041,0.5499424662,3.655138552,0.7921932345,0,0.0007796958791,0.8438757592,0,0.8438757592
80,0.79,0.01,EmptyPart,0.3506856786,0.7106380465,3.371375996,0.7924562312,0,0.0007896880322,0.8437702813,0,0.8437702813
81,0.8,0.01,EmptyPart,0.142188139,0.7377610844,3.412732511,0.7513380628,1,0.0007996800853,0.8352702114,0,0.8352702114
82,0.81,0.01,EmptyPart,0.2254336595,0.8665303278,3.818890372,0.8953743037,0,0.0008096720386,0.8351658092,0,0.8351658092
83,0.82,0.01,EmptyPart,0.4273237441,0.8693431209,3.879020051,0.9686914081,0,0.0008196638919,0.83506142,0,0.83506142
84,0.83,0.01,EmptyPart,0.5660122847,0.7813076091,4.132639642,0.9647857205,0,0.0008296556453,0.8349570438,0,0.8349570438
85,0.84,0.01,EmptyPart,0.6623733109,0.6611740387,4.183885411,0.9358896904,1,0.0008396472988,0.8265457577,0,0.8265457577
86,0.85,0.01,EmptyPart,0.8172858336,0.4469983087,4.25548236,0.9315383093,1,0.0008496388523,0.8182192062,0,0.8182192062
87,0.86,0.01,EmptyPart,0.3031802528,0.5577712906,4.193518929,0.634844137,0,0.000859630306,0.8181169352,0,0.8181169352
88,0.87,0.01,EmptyPart,0.1713860744,0.6551316231,4.349098223,0.677178433,0,0.0008696216597,0.818014677,0,0.818014677
89,0.88,0.01,EmptyPart,0.2381355017,0.5978979384,4.268475588,0.6435763062,0,0.0008796129136,0.8179124316,0,0.8179124316
90,0.89,0.01,EmptyPart,0.4760808163,0.2477289292,3.75033137,0.5366773388,0,0.0008896040675,0.8178101989,0,0.8178101989
91,0.9,0.01,EmptyPart,0.3673352,0.3429087181,3.60666996,0.5025152119,0,0.0008995951215,0.817707979,0,0.817707979
92,0.91,0.01,EmptyPart,0.494749194,0.6394124598,3.502807899,0.8084708151,0,0.0009095860756,0.8176057719,0,0.8176057719
93,0.92,0.01,EmptyPart,0.5748343215,0.06356896092,3.894071767,0.5783385772,0,0.0009195769298,0.8175035776,0,0.8175035776
94,0.93,0.01,EmptyPart,0.4101250935,-0.3553038291,3.936593305,0.5426263939,0,0.000929567684,0.817401396,0,0.817401396
95,0.94,0.01,EmptyPart,0.5233872836,-0.4160470183,3.601690027,0.6686025501,0,0.0009395583384,0.8172992272,0,0.8172992272
96,0.95,0.01,EmptyPart,0.9216233014,-0.3198332493,3.634299425,0.9755423195,1,0.0009495488929,0.8090658245,0,0.8090658245
97,0.96,0.01,EmptyPart,0.7686977346,-0.099286384,4.138717122,0.775083217,1,0.0009595393474,0.8009153643,0,0.8009153643
98,0.97,0.01,EmptyPart,0.8610668437,0.1120900333,3.680264433,0.8683318979,0,0.0009695297021,0.8008152562,0,0.8008152562
99,0.98,0.01,EmptyPart,0.9839480794,0.02160410649,3.663532048,0.9841852266,0,0.0009795199568,0.8007151605,0,0.8007151605
100,0.99,0.01,EmptyPart,0.8130069115,-0.2926767695,4.095875123,0.8640832886,1,0.0009895101117,0.7926488243,0,0.7926488243
101,1,0.01,EmptyPart,0.5843726451,-0.3929267884,4.125285483,0.7041894982,0,0.0009995001666,0.7925497493,0,0.7925497493
102,1.01,0.01,EmptyPart,0.2739534637,-0.1518770302,4.362701205,0.3132365441,0,0.001009490122,0.7924506868,0,0.7924506868
103,1.02,0.01,EmptyPart,0.07137105251,-0.1137899139,4.005627726,0.1343204066,0,0.001019479977,0.7923516367,0,0.7923516367
104,1.03,0.01,EmptyPart,0.04947655865,-0.262043482,4.004436666,0.2666734264,0,0.001029469732,0.7922525989,0,0.7922525989
105,1.04,0.01,EmptyPart,-0.260746249,-0.4795930473,3.936841679,0.5458920199,0,0.001039459387,0.7921535735,0,0.7921535735
106,1.05,0.01,EmptyPart,0.006570998343,-0.7485961056,4.425892963,0.7486249444,0,0.001049448943,0.7920545605,0,0.7920545605
107,1.06,0.01,EmptyPart,-0.01789000239,-0.1413381693,4.163677676,0.1424658917,0,0.001059438398,0.7919555599,0,0.7919555599
108,1.07,0.01,EmptyPart,-0.5785787462,-0.2206074267,3.834905055,0.6192099824,0,0.001069427754,0.7918565716,0,0.7918565716
109,1.08,0.01,EmptyPart,-0.5890167985,0.111121601,4.127846505,0.5994070396,0,0.00107941701,0.7917575957,0,0.7917575957
110,1.09,0.01,EmptyPart,-0.7004053277,0.02574192556,4.272095575,0.7008782132,0,0.001089406166,0.7916586322,0,0.7916586322
111,1.1,0.01,EmptyPart,-0.9153131862,-0.02063882181,4.300161736,0.9155458426,0,0.001099395222,0.7915596811,0,0.7915596811
112,1.11,0.01,EmptyPart,-0.8775184884,0.2179718864,4.285169048,0.9041849594,1,0.001109384178,0.7835855763,0,0.7835855763
113,1.12,0.01,EmptyPart,-0.9012420203,0.2743848738,4.111169103,0.9420850482,0,0.001119373034,0.7834876343,0,0.7834876343
114,1.13,0.01,EmptyPart,-0.637648523,0.1268436323,4.027031623,0.6501422505,0,0.00112936179,0.7833897044,0,0.7833897044
115,1.14,0.01,EmptyPart,-0.7608117961,0.2806482948,4.34161819,0.8109241977,0,0.001139350447,0.7832917868,0,0.7832917868
116,1.15,0.01,EmptyPart,-0.6716752795,-0.2102897105,4.221195885,0.703824867,0,0.001149339003,0.7831938815,0,0.7831938815
117,1.16,0.01,EmptyPart,-0.8894611325,-0.3615414478,4.195145373,0.9601319309,1,0.00115932746,0.7753040531,0,0.7753040531
118,1.17,0.01,EmptyPart,-0.6463108975,-0.4410106531,4.02261573,0.7824373281,1,0.001169315817,0.7674937062,0,0.7674937062
119,1.18,0.01,EmptyPart,-0.8765562107,-0.3764399558,4.38481435,0.9539695125,1,0.001179304074,0.75976204,0,0.75976204
120,1.19,0.01,EmptyPart,-0.4100610617,-0.2362523758,4.366208145,0.4732496798,1,0.001189292231,0.752108262,0,0.752108262
121,1.2,0.01,EmptyPart,-0.9465736463,0.05194756225,4.465213255,0.9479980048,1,0.001199280288,0.7445315875,0,0.7445315875
122,1.21,0.01,EmptyPart,-0.7823618982,-0.379208881,4.659417746,0.8694190676,1,0.001209268245,0.7370312397,0,0.7370312397
123,1.22,0.01,EmptyPart,-0.4706731135,-0.46188072,4.832758732,0.6594444475,1,0.001219256103,0.7296064499,0,0.7296064499
124,1.23,0.01,EmptyPart,-0.4600301921,-0.5989716863,5.047417097,0.7552448997,0,0.00122924386,0.7295152547,0,0.7295152547
125,1.24,0.01,EmptyPart,-0.347664586,-0.3310661891,5.033837127,0.4800786247,0,0.001239231518,0.729424071,0,0.729424071
126,1.25,0.01,EmptyPart,-0.4831905667,-0.139334074,4.959697774,0.5028788203,0,0.001249219075,0.7293328987,0,0.7293328987
127,1.26,0.01,EmptyPart,-0.5589369383,-0.2113398252,5.160993977,0.5975575476,0,0.001259206533,0.7292417378,0,0.7292417378
128,1.27,0.01,EmptyPart,-0.5596213807,-0.2305429383,4.837491786,0.6052488216,1,0.001269193891,0.7218954187,0,0.7218954187
129,1.28,0.01,EmptyPart,-0.4751756433,-0.3675060414,4.880463901,0.6007100652,0,0.001279181149,0.7218051874,0,0.7218051874
130,1.29,0.01,EmptyPart,-0.4170899495,-0.09266077198,4.841871385,0.4272587561,0,0.001289168308,0.7217149674,0,0.7217149674
131,1.3,0.01,EmptyPart,-0.4184473972,-0.07272724124,4.515036461,0.4247204678,0,0.001299155366,0.7216247587,0,0.7216247587
132,1.31,0.01,EmptyPart,-0.4830085519,0.164474299,4.570898,0.5102441144,0,0.001309142325,0.7215345612,0,0.7215345612
133,1.32,0.01,EmptyPart,-0.4981334519,-0.4073307366,4.74656184,0.6434712619,0,0.001319129183,0.721444375,0,0.721444375
134,1.33,0.01,EmptyPart,-0.2450363898,-0.6648513226,5.066863707,0.7085690605,0,0.001329115942,0.7213542001,0,0.7213542001
135,1.34,0.01,EmptyPart,-0.3184095846,-0.9218908757,5.023353323,0.9753294061,0,0.001339102601,0.7212640365,0,0.7212640365
136,1.35,0.01,EmptyPart,-0.4292786843,-0.5504300814,4.881592962,0.6980354313,0,0.00134908916,0.7211738841,0,0.7211738841
137,1.36,0.01,EmptyPart,-0.4566995912,-0.4808940315,4.806330108,0.663199507,0,0.001359075619,0.721083743,0,0.721083743
138,1.37,0.01,EmptyPart,-0.5358955814,-0.3497427467,5.146317347,0.6399250448,0,0.001369061978,0.7209936132,0,0.7209936132
139,1.38,0.01,EmptyPart,-0.6499462964,0.03238512637,5.107837736,0.6507526293,0,0.001379048238,0.7209034946,0,0.7209034946
140,1.39,0.01,EmptyPart,-0.7165678029,0.06542923721,5.306550381,0.7195487483,0,0.001389034397,0.7208133873,0,0.7208133873
141,1.4,0.01,EmptyPart,-0.8419829001,0.2212430579,5.481508837,0.8705651582,0,0.001399020457,0.7207232913,0,0.7207232913
142,1.41,0.01,EmptyPart,-0.9162075428,0.1928205261,5.021479929,0.9362777455,0,0.001409006417,0.7206332065,0,0.7206332065
143,1.42,0.01,EmptyPart,-0.6167213537,0.08405988596,5.022221684,0.6224237243,0,0.001418992277,0.720543133,0,0.720543133
144,1.43,0.01,EmptyPart,-0.3789197762,-0.09265929297,5.32935751,0.3900845311,0,0.001428978037,0.7204530707,0,0.7204530707
145,1.44,0.01,EmptyPart,-0.4862260546,-0.3322344275,5.458181397,0.5888934462,0,0.001438963697,0.7203630197,0,0.7203630197
146,1.45,0.01,EmptyPart,-0.4366130485,0.1371197351,5.348970787,0.4576382588,0,0.001448949258,0.72027298,0,0.72027298
147,1.46,0.01,EmptyPart,-0.2743912064,-0.1921739371,4.958553853,0.3349945615,0,0.001458934719,0.7201829515,0,0.7201829515
148,1.47,0.01,EmptyPart,-0.4358712001,-0.01147258634,5.252031271,0.4360221592,0,0.001468920079,0.7200929342,0,0.7200929342
149,1.48,0.01,EmptyPart,-0.5892064228,0.3069357619,5.141274775,0.6643596696,0,0.00147890534,0.7200029282,0,0.7200029282
150,1.49,0.01,EmptyPart,-0.6232542027,0.5152650131,4.780373626,0.8086679386,0,0.001488890501,0.7199129335,0,0.7199129335
151,1.5,0.01,EmptyPart,-0.7386851854,0.4404749164,4.777368217,0.8600429961,1,0.001498875562,0.712660592,0,0.712660592
152,1.51,0.01,EmptyPart,-0.5804154746,0.6666494837,4.746236089,0.8839138291,1,0.001508860524,0.7054813099,0,0.7054813099
153,1.52,0.01,EmptyPart,-0.3671705114,0.6867398551,4.696653079,0.7787334673,1,0.001518845385,0.6983743514,0,0.6983743514
154,1.53,0.01,EmptyPart,-0.2397522585,0.7186142726,4.565625865,0.7575537065,0,0.001528830147,0.69828706,0,0.69828706
155,1.54,0.01,EmptyPart,-0.06812838453,0.9952214438,5.219074252,0.9975505997,0,0.001538814808,0.6981997796,0,0.6981997796
156,1.55,0.01,EmptyPart,0.356598119,0.9300903304,5.095263164,0.996107545,2,0.00154879937,0.6842889562,0,0.6842889562
157,1.56,0.01,EmptyPart,0.5230322231,0.4742003215,4.866863176,0.7059947955,1,0.001558783832,0.6773954876,0,0.6773954876
158,1.57,0.01,EmptyPart,0.2508312959,0.2528153865,4.577893685,0.356134748,0,0.001568768195,0.6773108184,0,0.6773108184
159,1.58,0.01,EmptyPart,0.418989695,0.3684122077,4.571883388,0.5579246538,0,0.001578752457,0.6772261599,0,0.6772261599
160,1.59,0.01,EmptyPart,0.4731703891,0.09865204342,5.05603274,0.4833450557,0,0.00158873662,0.6771415119,0,0.6771415119
161,1.6,0.01,EmptyPart,0.6101881859,0.01823520539,4.818727338,0.6104606007,0,0.001598720682,0.6770568745,0,0.6770568745
162,1.61,0.01,EmptyPart,0.5890886782,-0.2379906269,4.903572177,0.6353463696,0,0.001608704645,0.6769722477,0,0.6769722477
163,1.62,0.01,EmptyPart,0.9269113948,-0.1676028448,5.151487196,0.9419423801,0,0.001618688508,0.6768876314,0,0.6768876314
164,1.63,0.01,EmptyPart,0.738232228,-0.1054792865,5.284706059,0.7457296443,1,0.001628672271,0.6700687231,0,0.6700687231
165,1.64,0.01,EmptyPart,0.9015541347,0.0769275889,5.161684428,0.9048302115,0,0.001638655935,0.6699849698,0,0.6699849698
166,1.65,0.01,EmptyPart,0.5660115516,0.1852835902,4.993223866,0.5955661889,1,0.001648639498,0.6632355983,0,0.6632355983
167,1.66,0.01,EmptyPart,0.3459927872,-0.1597990678,4.772410667,0.3811125173,0,0.001658622962,0.6631526991,0,0.6631526991
168,1.67,0.01,EmptyPart,0.4368987209,-0.1435883434,4.81806486,0.4598892309,0,0.001668606326,0.6630698101,0,0.6630698101
169,1.68,0.01,EmptyPart,0.4347143603,0.1489562859,5.02614933,0.4595264412,0,0.00167858959,0.6629869316,0,0.6629869316
170,1.69,0.01,EmptyPart,0.4905490327,0.03357948296,4.756949157,0.4916969952,0,0.001688572754,0.6629040634,0,0.6629040634
171,1.7,0.01,EmptyPart,0.5999241866,-0.05934559181,5.167021475,0.6028523276,0,0.001698555818,0.6628212056,0,0.6628212056
172,1.71,0.01,EmptyPart,0.7496993426,0.2609439217,5.557858101,0.7938141058,0,0.001708538783,0.6627383581,0,0.6627383581
173,1.72,0.01,EmptyPart,0.7495553896,0.4071115388,5.860544074,0.8529789488,1,0.001718521648,0.6560619884,0,0.6560619884
174,1.73,0.01,EmptyPart,0.9772612889,0.1241297011,6.111329725,0.9851130948,1,0.001728504413,0.6494528759,0,0.6494528759
175,1.74,0.01,EmptyPart,0.5165113954,-0.2808293558,5.85816891,0.5879193386,1,0.001738487078,0.642910343,0,0.642910343
176,1.75,0.01,EmptyPart,0.7080021336,-0.4249113676,5.871966142,0.8257219214,0,0.001748469643,0.6428299842,0,0.6428299842
177,1.76,0.01,EmptyPart,0.4873529182,-0.1725710457,5.783189849,0.5170044804,0,0.001758452108,0.6427496355,0,0.6427496355
178,1.77,0.01,EmptyPart,0.5133839536,-0.1137853596,5.467261936,0.5258423641,0,0.001768434474,0.6426692968,0,0.6426692968
179,1.78,0.01,EmptyPart,0.5369702802,-0.405234862,5.299120234,0.6727201314,0,0.00177841674,0.6425889681,0,0.6425889681
180,1.79,0.01,EmptyPart,0.8040126453,-0.190155356,5.279494793,0.8261933146,0,0.001788398905,0.6425086495,0,0.6425086495
181,1.8,0.01,EmptyPart,0.9194151738,-0.05366415259,5.544393299,0.9209799689,0,0.001798380972,0.642428341,0,0.642428341
182,1.81,0.01,EmptyPart,0.9307075915,0.1376520557,4.993209309,0.9408319241,1,0.001808362938,0.6359565726,0,0.6359565726
183,1.82,0.01,EmptyPart,0.8812059689,-0.1754962276,5.112902673,0.8985114833,1,0.001818344804,0.6295500003,0,0.6295500003
184,1.83,0.01,EmptyPart,0.835270262,-0.05486275179,5.35779829,0.837070088,1,0.001828326571,0.6232079673,0,0.6232079673
185,1.84,0.01,EmptyPart,0.6711805102,0.1449913179,5.468876344,0.6866627698,0,0.001838308238,0.6231300712,0,0.6231300712
186,1.85,0.01,EmptyPart,0.9709632529,-0.01187035369,5.478090777,0.9710358098,1,0.001848289805,0.616852712,0,0.616852712
187,1.86,0.01,EmptyPart,0.7349816704,-0.108367595,5.106453055,0.7429277162,1,0.001858271272,0.6106385903,0,0.6106385903
188,1.87,0.01,EmptyPart,0.6936342414,0.200870094,5.270893575,0.722133821,0,0.001868252639,0.6105622653,0,0.6105622653
189,1.88,0.01,EmptyPart,0.7726536293,0.2403095391,4.985782699,0.8091614829,0,0.001878233907,0.6104859498,0,0.6104859498
190,1.89,0.01,EmptyPart,0.7825725684,-0.1002103148,4.897986794,0.7889625669,0,0.001888215075,0.6104096438,0,0.6104096438
191,1.9,0.01,EmptyPart,0.8058544743,0.02558303059,5.060800359,0.8062604574,0,0.001898196143,0.6103333474,0,0.6103333474
192,1.91,0.01,EmptyPart,0.5302114365,-0.04848966535,5.247007653,0.5324240932,0,0.001908177111,0.6102570605,0,0.6102570605
193,1.92,0.01,EmptyPart,0.656497825,0.2298410583,5.856669177,0.6955690522,0,0.001918157979,0.6101807831,0,0.6101807831
194,1.93,0.01,EmptyPart,0.6518622158,0.4966724655,6.100978187,0.8195168616,0,0.001928138748,0.6101045153,0,0.6101045153
195,1.94,0.01,EmptyPart,0.6431456202,0.4155953096,5.772132568,0.7657386957,0,0.001938119416,0.610028257,0,0.610028257
196,1.95,0.01,EmptyPart,0.4723078277,-0.156674103,6.200308972,0.4976157741,0,0.001948099985,0.6099520082,0,0.6099520082
197,1.96,0.01,EmptyPart,0.7388510696,0.2605145868,6.041422942,0.7834339493,0,0.001958080454,0.609875769,0,0.609875769
198,1.97,0.01,EmptyPart,0.547869599,0.4078544413,6.058076219,0.6830126959,0,0.001968060824,0.6097995393,0,0.6097995393
199,1.98,0.01,EmptyPart,0.4076726829,0.3620804299,5.883540656,0.5452515513,0,0.001978041093,0.6097233191,0,0.6097233191
200,1.99,0.01,EmptyPart,0.6730001317,0.4146115259,5.811862076,0.7904630887,0,0.001988021263,0.6096471084,0,0.6096471084
201,2,0.01,EmptyPart,0.6146212747,0.6745281463,6.020432773,0.9125500159,0,0.001998001333,0.6095709073,0,0.6095709073
202,2.01,0.01,EmptyPart,0.3732259637,0.3372431588,5.630668511,0.5030214391,0,0.002007981303,0.6094947157,0,0.6094947157
203,2.02,0.01,EmptyPart,0.3104148789,0.6564369449,5.343172799,0.7261314342,0,0.002017961173,0.6094185336,0,0.6094185336
204,2.03,0.01,EmptyPart,0.1893317703,0.9653895802,5.704317594,0.9837802401,0,0.002027940944,0.6093423611,0,0.6093423611
205,2.04,0.01,EmptyPart,0.3691680836,0.9258854849,5.865219908,0.9967692837,0,0.002037920614,0.609266198,0,0.609266198
206,2.05,0.01,EmptyPart,0.7096037065,0.6963261226,5.920311143,0.9941868483,1,0.002047900185,0.6031285023,0,0.6031285023
207,2.06,0.01,EmptyPart,0.2045274059,0.2458287412,5.818844924,0.3197862251,1,0.002057879656,0.5970526372,0,0.5970526372
208,2.07,0.01,EmptyPart,0.151584793,-0.1727491723,5.401140893,0.2298265128,0,0.002067859028,0.5969780103,0,0.5969780103
209,2.08,0.01,EmptyPart,-0.03816522282,-0.2185074629,5.433623229,0.2218154539,0,0.002077838299,0.5969033927,0,0.5969033927
210,2.09,0.01,EmptyPart,0.2196241585,-0.09176533553,5.569217406,0.2380244689,0,0.002087817471,0.5968287844,0,0.5968287844
211,2.1,0.01,EmptyPart,0.3771304628,0.08900689315,5.507896976,0.387491436,0,0.002097796543,0.5967541855,0,0.5967541855
212,2.11,0.01,EmptyPart,0.2431740449,-0.321959699,5.521287215,0.4034744898,0,0.002107775515,0.5966795959,0,0.5966795959
213,2.12,0.01,EmptyPart,0.1411952694,-0.1837294882,5.545489771,0.2317166998,0,0.002117754387,0.5966050156,0,0.5966050156
214,2.13,0.01,EmptyPart,0.4593807777,-0.008582468271,5.33557339,0.4594609425,0,0.00212773316,0.5965304446,0,0.5965304446
215,2.14,0.01,EmptyPart,0.5064762193,-0.2596483988,5.131311497,0.5691532761,0,0.002137711833,0.596455883,0,0.596455883
216,2.15,0.01,EmptyPart,0.2597070895,-0.1328083248,5.319005865,0.2916947437,0,0.002147690406,0.5963813306,0,0.5963813306
217,2.16,0.01,EmptyPart,0.2137044923,-0.2924494654,4.943231514,0.3622102978,0,0.002157668879,0.5963067876,0,0.5963067876
218,2.17,0.01,EmptyPart,0.4104644973,-0.131505413,4.935413418,0.4310159825,0,0.002167647252,0.5962322539,0,0.5962322539
219,2.18,0.01,EmptyPart,0.7431053777,-0.0486102951,5.532024458,0.7446936036,0,0.002177625526,0.5961577296,0,0.5961577296
220,2.19,0.01,EmptyPart,0.6673330811,-0.2562239332,5.199875918,0.7148315502,0,0.0021876037,0.5960832145,0,0.5960832145
221,2.2,0.01,EmptyPart,-0.0602192744,-0.7789501773,4.901535757,0.7812744331,0,0.002197581774,0.5960087088,0,0.5960087088
222,2.21,0.01,EmptyPart,0.02507725575,-0.9390049281,4.805317486,0.9393397276,0,0.002207559748,0.5959342123,0,0.5959342123
223,2.22,0.01,EmptyPart,-0.2034630037,-0.6140829792,4.829001161,0.6469119718,0,0.002217537622,0.5958597252,0,0.5958597252
224,2.23,0.01,EmptyPart,-0.3459553929,-0.7561685721,4.998309535,0.8315503853,0,0.002227515397,0.5957852474,0,0.5957852474
225,2.24,0.01,EmptyPart,-0.09167935955,-0.8286382068,4.995013684,0.833694418,1,0.002237493072,0.5897833576,0,0.5897833576
226,2.25,0.01,EmptyPart,-0.08225961988,-0.658632679,4.818947769,0.6637496899,0,0.002247470647,0.5897096393,0,0.5897096393
227,2.26,0.01,EmptyPart,-0.1626846522,-0.3379846801,4.475844782,0.3750999068,0,0.002257448123,0.5896359302,0,0.5896359302
228,2.27,0.01,EmptyPart,0.1817492647,-0.2860797459,4.332045838,0.3389312854,0,0.002267425498,0.5895622303,0,0.5895622303
229,2.28,0.01,EmptyPart,0.3729418658,-0.08050006041,4.253723523,0.3815309882,0,0.002277402774,0.5894885396,0,0.5894885396
230,2.29,0.01,EmptyPart,0.3365278878,0.02416044559,4.766498746,0.3373940522,0,0.00228737995,0.5894148582,0,0.5894148582
231,2.3,0.01,EmptyPart,0.2248636043,-0.0802525409,4.700585129,0.2387553368,0,0.002297357027,0.5893411859,0,0.5893411859
232,2.31,0.01,EmptyPart,0.1055965646,-0.3205589222,4.938407544,0.337503566,0,0.002307334003,0.5892675229,0,0.5892675229
233,2.32,0.01,EmptyPart,-0.1374277554,-0.3584344811,4.471588151,0.3838771486,0,0.00231731088,0.589193869,0,0.589193869
234,2.33,0.01,EmptyPart,-0.4931714736,-0.5709754183,4.399598434,0.7544740092,0,0.002327287657,0.5891202244,0,0.5891202244
235,2.34,0.01,EmptyPart,-0.5146786896,-0.8543593761,4.245014963,0.9974086911,1,0.002337264334,0.5831854775,0,0.5831854775
236,2.35,0.01,EmptyPart,-0.471074639,-0.6588931494,3.737600076,0.8099700598,1,0.002347240912,0.5773105167,0,0.5773105167
237,2.36,0.01,EmptyPart,-0.6614256244,-0.3599294751,3.34754994,0.7530159917,0,0.002357217389,0.5772383574,0,0.5772383574
238,2.37,0.01,EmptyPart,-0.4202021019,-0.3297696823,3.570727363,0.5341515233,0,0.002367193767,0.5771662071,0,0.5771662071
239,2.38,0.01,EmptyPart,-0.7151201249,-0.4638738446,4.0131134,0.8523941205,0,0.002377170046,0.5770940659,0,0.5770940659
240,2.39,0.01,EmptyPart,-0.6771927047,-0.4610289589,4.080290059,0.819229919,0,0.002387146224,0.5770219336,0,0.5770219336
241,2.4,0.01,EmptyPart,-0.6893485172,-0.5632730429,3.918914348,0.8902122775,0,0.002397122303,0.5769498104,0,0.5769498104
242,2.41,0.01,EmptyPart,-0.3438086694,-0.6097122961,4.072205728,0.6999667743,0,0.002407098282,0.5768776962,0,0.5768776962
243,2.42,0.01,EmptyPart,-0.1335684046,-0.4131814999,3.584487675,0.4342343498,0,0.002417074161,0.576805591,0,0.576805591
244,2.43,0.01,EmptyPart,-0.1368587964,0.1297801578,3.946378241,0.1886086411,0,0.00242704994,0.5767334948,0,0.5767334948
245,2.44,0.01,EmptyPart,-0.01657752267,0.009594219032,4.050622557,0.0191536758,0,0.00243702562,0.5766614076,0,0.5766614076
246,2.45,0.01,EmptyPart,-0.1081079748,0.220248013,4.521755268,0.2453497941,0,0.0024470012,0.5765893294,0,0.5765893294
247,2.46,0.01,EmptyPart,-0.07504576581,0.2267018057,4.684240649,0.2388002841,0,0.00245697668,0.5765172602,0,0.5765172602
248,2.47,0.01,EmptyPart,-0.2469325082,0.3462794144,4.677959159,0.4253058857,0,0.00246695206,0.5764452001,0,0.5764452001
249,2.48,0.01,EmptyPart,-0.1435385369,0.3092326611,4.950339857,0.3409224989,0,0.002476927341,0.5763731489,0,0.5763731489
250,2.49,0.01,EmptyPart,-0.1544839094,0.1239153015,5.036202604,0.1980411074,0,0.002486902521,0.5763011068,0,0.5763011068
251,2.5,0.01,EmptyPart,-0.0933333361,0.3836500879,4.548626022,0.394839843,0,-0.002496877603,0.5762290737,-3.040433934e-17,0.5762290737
252,2.51,0.01,EmptyPart,0.03475474211,0.4058530123,4.739761475,0.4073383848,0,-0.002486852684,0.5761570495,-3.040433934e-17,0.5761570495
253,2.52,0.01,EmptyPart,-0.02044496527,0.8846300712,5.032168253,0.8848662947,0,-0.002476827865,0.5760850344,-3.040433934e-17,0.5760850344
254,2.53,0.01,EmptyPart,-0.03582497633,0.9011389371,5.158554378,0.9018507708,0,-0.002466803147,0.5760130283,-3.040433934e-17,0.5760130283
255,2.54,0.01,EmptyPart,-0.2405588665,0.9501879058,5.459080751,0.9801661209,0,-0.002456778529,0.5759410312,-3.040433934e-17,0.5759410312
256,2.55,0.01,EmptyPart,0.1527773538,0.8419136016,5.491625297,0.8556631535,0,-0.002446754012,0.575869043,-3.040433934e-17,0.575869043
257,2.56,0.01,EmptyPart,-0.09361975292,0.7511406433,5.357749243,0.7569523922,1,-0.002436729594,0.5700677874,-3.040433934e-17,0.5700677874
258,2.57,0.01,EmptyPart,-0.2697136322,0.7775285406,5.107897638,0.8229799966,1,-0.002426705277,0.5643249731,-3.040433934e-17,0.5643249731
259,2.58,0.01,EmptyPart,-0.5613265647,0.800353318,5.111918802,0.9775750333,1,-0.00241668106,0.5586400114,-3.040433934e-17,0.5586400114
260,2.59,0.01,EmptyPart,-0.7208515101,0.592038799,4.577283302,0.9328112559,0,-0.002406656944,0.5585701858,-3.040433934e-17,0.5585701858
261,2.6,0.01,EmptyPart,-0.7813231722,0.5188836281,4.542814516,0.9379264998,0,-0.002396632927,0.5585003689,-3.040433934e-17,0.5585003689
262,2.61,0.01,EmptyPart,-0.6171665601,0.4705799072,4.543220591,0.7761056706,1,-0.002386609011,0.5528740838,-3.040433934e-17,0.5528740838
263,2.62,0.01,EmptyPart,-0.1728391222,0.7736786187,4.66678331,0.7927496245,0,-0.002376585195,0.5528049788,-3.040433934e-17,0.5528049788
264,2.63,0.01,EmptyPart,-0.4403926393,0.876448687,4.8617038,0.9808710301,1,-0.002366561479,0.5472360686,-3.040433934e-17,0.5472360686
265,2.64,0.01,EmptyPart,-0.355556528,0.4939451793,5.041708265,0.6086068393,0,-0.002356537864,0.5471676684,-3.040433934e-17,0.5471676684
266,2.65,0.01,EmptyPart,-0.2178227196,0.6289925993,5.102103093,0.6656413653,0,-0.002346514348,0.5470992767,-3.040433934e-17,0.5470992767
267,2.66,0.01,EmptyPart,-0.4273750557,0.8324554057,4.918325949,0.935751805,0,-0.002336490933,0.5470308936,-3.040433934e-17,0.5470308936
268,2.67,0.01,EmptyPart,-0.04621481871,0.903287609,4.632900915,0.9044690785,1,-0.002326467619,0.541520151,-3.040433934e-17,0.541520151
269,2.68,0.01,EmptyPart,-0.1468339763,0.857087364,4.886890821,0.8695740141,1,-0.002316444404,0.5360649231,-3.040433934e-17,0.5360649231
270,2.69,0.01,EmptyPart,-0.05900102585,0.5905716005,4.95204236,0.5935115301,0,-0.00230642129,0.5359979192,-3.040433934e-17,0.5359979192
271,2.7,0.01,EmptyPart,-0.3704903779,0.5781511303,5.566357029,0.6866744859,0,-0.002296398276,0.5359309237,-3.040433934e-17,0.5359309237
272,2.71,0.01,EmptyPart,-0.6019007668,0.5384081749,5.413317296,0.8075691276,0,-0.002286375362,0.5358639365,-3.040433934e-17,0.5358639365
273,2.72,0.01,EmptyPart,-0.2823913288,0.7239192771,5.343903117,0.7770482497,0,-0.002276352548,0.5357969577,-3.040433934e-17,0.5357969577
274,2.73,0.01,EmptyPart,-0.07051659451,0.8101093856,5.215393773,0.8131726795,0,-0.002266329835,0.5357299872,-3.040433934e-17,0.5357299872
275,2.74,0.01,EmptyPart,-0.4797988035,0.8533668432,5.51669463,0.9790004396,1,-0.002256307222,0.530333089,-3.040433934e-17,0.530333089
276,2.75,0.01,EmptyPart,-0.3892648781,0.3430982169,5.497189123,0.5188868198,0,-0.002246284709,0.5302668015,-3.040433934e-17,0.5302668015
277,2.76,0.01,EmptyPart,-0.2656071752,0.2351142853,5.556289617,0.3547194647,0,-0.002236262296,0.5302005223,-3.040433934e-17,0.5302005223
278,2.77,0.01,EmptyPart,-0.3628878223,0.2384257218,5.438333254,0.4342054771,0,-0.002226239983,0.5301342514,-3.040433934e-17,0.5301342514
279,2.78,0.01,EmptyPart,-0.3011458355,0.29564104,5.439763161,0.4220099984,0,-0.002216217771,0.5300679888,-3.040433934e-17,0.5300679888
280,2.79,0.01,EmptyPart,0.4217415065,0.2562773957,5.842166209,0.4935017749,0,-0.002206195659,0.5300017344,-3.040433934e-17,0.5300017344
281,2.8,0.01,EmptyPart,0.08637181877,0.4134638861,5.686370166,0.4223890105,0,-0.002196173647,0.5299354883,-3.040433934e-17,0.5299354883
282,2.81,0.01,EmptyPart,-0.2431763738,0.4945956656,5.662109167,0.5511439206,0,-0.002186151735,0.5298692505,-3.040433934e-17,0.5298692505
283,2.82,0.01,EmptyPart,-0.01179228973,0.5822973674,5.169475208,0.5824167599,0,-0.002176129924,0.529803021,-3.040433934e-17,0.529803021
284,2.83,0.01,EmptyPart,0.09533074178,0.8536602271,5.219757781,0.8589666663,1,-0.002166108213,0.5244658305,-3.040433934e-17,0.5244658305
285,2.84,0.01,EmptyPart,0.509159044,0.4106554497,4.986996639,0.654126005,0,-0.002156086602,0.5244002764,-3.040433934e-17,0.5244002764
286,2.85,0.01,EmptyPart,0.04519344893,0.5091183181,4.864076567,0.5111202497,0,-0.002146065091,0.5243347305,-3.040433934e-17,0.5243347305
287,2.86,0.01,EmptyPart,0.376113296,0.3182572358,4.743906561,0.4926955242,0,-0.002136043681,0.5242691927,-3.040433934e-17,0.5242691927
288,2.87,0.01,EmptyPart,0.3715061495,0.267951239,4.85365259,0.4580553303,0,-0.00212602237,0.5242036632,-3.040433934e-17,0.5242036632
289,2.88,0.01,EmptyPart,0.288617653,0.3956661872,5.2662039,0.4897467522,0,-0.00211600116,0.5241381418,-3.040433934e-17,0.5241381418
290,2.89,0.01,EmptyPart,0.6416284922,0.4726789456,5.474218838,0.796939463,0,-0.00210598005,0.5240726286,-3.040433934e-17,0.5240726286
291,2.9,0.01,EmptyPart,0.3383385826,0.6495661905,5.22996479,0.7323996397,0,-0.002095959041,0.5240071237,-3.040433934e-17,0.5240071237
292,2.91,0.01,EmptyPart,0.5478389457,0.5073554142,4.880961261,0.7466840207,0,-0.002085938131,0.5239416269,-3.040433934e-17,0.5239416269
293,2.92,0.01,EmptyPart,0.4734487775,0.5064505326,4.931199981,0.693286295,0,-0.002075917322,0.5238761382,-3.040433934e-17,0.5238761382
294,2.93,0.01,EmptyPart,0.2963702998,0.4579092897,4.814956885,0.5454505222,0,-0.002065896613,0.5238106578,-3.040433934e-17,0.5238106578
295,2.94,0.01,EmptyPart,0.02731734242,0.557058408,4.967754682,0.5577278074,0,-0.002055876004,0.5237451856,-3.040433934e-17,0.5237451856
296,2.95,0.01,EmptyPart,-0.2424600832,0.6605919742,5.053360776,0.7036822069,0,-0.002045855495,0.5236797215,-3.040433934e-17,0.5236797215
297,2.96,0.01,EmptyPart,-0.04045285968,0.5866339682,5.179371334,0.5880270798,0,-0.002035835087,0.5236142656,-3.040433934e-17,0.5236142656
298,2.97,0.01,EmptyPart,0.3462809634,0.906167837,5.574832667,0.9700776538,0,-0.002025814779,0.523548818,-3.040433934e-17,0.523548818
299,2.98,0.01,EmptyPart,0.3705417304,0.5291900356,5.811411177,0.6460211047,0,-0.00201579457,0.5234833784,-3.040433934e-17,0.5234833784
300,2.99,0.01,EmptyPart,0.2456299129,0.9585331372,5.801216404,0.9895048404,0,-0.002005774463,0.5234179471,-3.040433934e-17,0.5234179471
301,3,0.01,EmptyPart,0.2325356229,0.6988549444,5.679010194,0.7365263398,1,-0.001995754455,0.5181450793,-3.040433934e-17,0.5181450793
302,3.01,0.01,EmptyPart,0.5736788563,0.7686895378,5.541516907,0.9591616317,0,-0.001985734548,0.5180803152,-3.040433934e-17,0.5180803152
303,3.02,0.01,EmptyPart,0.4156139897,0.3226464045,5.505292084,0.5261517754,0,-0.00197571474,0.5180155593,-3.040433934e-17,0.5180155593
304,3.03,0.01,EmptyPart,0.3258036542,0.3419862656,5.215939427,0.472337408,0,-0.001965695033,0.5179508114,-3.040433934e-17,0.5179508114
305,3.04,0.01,EmptyPart,-0.08941825485,0.1694094219,5.126854434,0.191559851,0,-0.001955675426,0.5178860716,-3.040433934e-17,0.5178860716
306,3.05,0.01,EmptyPart,-0.0381796373,0.04652373954,5.44162019,0.0601842425,0,-0.00194565592,0.5178213398,-3.040433934e-17,0.5178213398
307,3.06,0.01,EmptyPart,0.2897176655,-0.01714099775,5.407394219,0.2902242918,0,-0.001935636513,0.5177566162,-3.040433934e-17,0.5177566162
308,3.07,0.01,EmptyPart,-0.2669800575,0.1709192826,4.925964632,0.3170043411,0,-0.001925617207,0.5176919007,-3.040433934e-17,0.5176919007
309,3.08,0.01,EmptyPart,-0.2146836882,0.001134355625,5.192007943,0.2146866851,0,-0.001915598001,0.5176271932,-3.040433934e-17,0.5176271932
310,3.09,0.01,EmptyPart,-0.4047734055,-0.5082734353,5.273197439,0.649756412,0,-0.001905578895,0.5175624939,-3.040433934e-17,0.5175624939
311,3.1,0.01,EmptyPart,-0.757611845,-0.6415397074,5.282071452,0.9927481573,0,-0.001895559889,0.5174978026,-3.040433934e-17,0.5174978026
312,3.11,0.01,EmptyPart,-0.979467382,-0.04909449111,4.923542809,0.9806970079,1,-0.001885540984,0.5122845739,-3.040433934e-17,0.5122845739
313,3.12,0.01,EmptyPart,-0.8101094973,-0.3275437597,5.189289801,0.8738205263,0,-0.001875522179,0.5122205423,-3.040433934e-17,0.5122205423
314,3.13,0.01,EmptyPart,-0.5938313862,-0.2461152221,4.88850827,0.6428128949,0,-0.001865503473,0.5121565187,-3.040433934e-17,0.5121565187
315,3.14,0.01,EmptyPart,-0.431646767,-0.02897372597,4.592425427,0.4326180859,0,-0.001855484868,0.5120925032,-3.040433934e-17,0.5120925032
316,3.15,0.01,EmptyPart,-0.3424686183,0.09290115397,4.485946049,0.3548455705,0,-0.001845466364,0.5120284956,-3.040433934e-17,0.5120284956
317,3.16,0.01,EmptyPart,-0.3850848252,0.3640331411,4.45560501,0.5299155125,0,-0.001835447959,0.511964496,-3.040433934e-17,0.511964496
318,3.17,0.01,EmptyPart,-0.1267262587,0.5704102039,4.232833333,0.5843178461,0,-0.001825429655,0.5119005045,-3.040433934e-17,0.5119005045
319,3.18,0.01,EmptyPart,-0.2554636886,0.7301877368,4.048101351,0.7735863411,0,-0.001815411451,0.5118365209,-3.040433934e-17,0.5118365209
320,3.19,0.01,EmptyPart,-0.1816950402,0.6048025419,3.92774019,0.6315055046,0,-0.001805393346,0.5117725454,-3.040433934e-17,0.5117725454
321,3.2,0.01,EmptyPart,-0.07022544942,0.6554904895,3.673137404,0.6592415306,0,-0.001795375343,0.5117085778,-3.040433934e-17,0.5117085778
322,3.21,0.01,EmptyPart,-0.09634830099,0.8601140008,3.594737836,0.8654935526,0,-0.001785357439,0.5116446182,-3.040433934e-17,0.5116446182
323,3.22,0.01,EmptyPart,0.1487113052,0.9553829728,3.543259543,0.9668876238,0,-0.001775339636,0.5115806666,-3.040433934e-17,0.5115806666
324,3.23,0.01,EmptyPart,-0.2720460988,0.8751953899,3.395701397,0.9165020733,1,-0.001765321932,0.5064270466,-3.040433934e-17,0.5064270466
325,3.24,0.01,EmptyPart,0.116424131,0.833449154,3.413605393,0.8415414848,0,-0.001755304329,0.5063637472,-3.040433934e-17,0.5063637472
326,3.25,0.01,EmptyPart,0.3083950443,0.5211783502,3.084643478,0.6055859775,0,-0.001745286826,0.5063004557,-3.040433934e-17,0.5063004557
327,3.26,0.01,EmptyPart,0.02424869349,0.5549736031,2.909095587,0.5555031047,0,-0.001735269423,0.5062371721,-3.040433934e-17,0.5062371721
328,3.27,0.01,EmptyPart,0.2214463016,0.4989276369,2.706118337,0.5458637663,0,-0.001725252121,0.5061738964,-3.040433934e-17,0.5061738964
329,3.28,0.01,EmptyPart,0.1301490796,0.7607147248,2.582950186,0.7717678897,0,-0.001715234918,0.5061106286,-3.040433934e-17,0.5061106286
330,3.29,0.01,EmptyPart,-0.1059771446,0.7531266638,2.889769574,0.760546466,0,-0.001705217816,0.5060473687,-3.040433934e-17,0.5060473687
331,3.3,0.01,EmptyPart,-0.3120220852,0.5345713135,2.742379035,0.6189703312,0,-0.001695200814,0.5059841168,-3.040433934e-17,0.5059841168
332,3.31,0.01,EmptyPart,-0.3934784964,0.72485534,2.924592555,0.8247669919,0,-0.001685183912,0.5059208727,-3.040433934e-17,0.5059208727
333,3.32,0.01,EmptyPart,-0.6540534621,0.3787259888,2.671634907,0.7557905172,0,-0.00167516711,0.5058576365,-3.040433934e-17,0.5058576365
334,3.33,0.01,EmptyPart,-0.4251458893,0.4959455325,2.980758303,0.6532311983,0,-0.001665150409,0.5057944083,-3.040433934e-17,0.5057944083
335,3.34,0.01,EmptyPart,-0.4753235253,0.8237006478,2.954857073,0.9510074715,0,-0.001655133807,0.5057311879,-3.040433934e-17,0.5057311879
336,3.35,0.01,EmptyPart,-0.6688843513,0.5929475789,3.303277058,0.8938641433,1,-0.001645117306,0.5006364951,-3.040433934e-17,0.5006364951
337,3.36,0.01,EmptyPart,-0.4426446662,0.8115801271,3.332230672,0.9244439427,0,-0.001635100905,0.5005739194,-3.040433934e-17,0.5005739194
338,3.37,0.01,EmptyPart,-0.178549581,0.7719260523,3.470700686,0.7923066219,1,-0.001625084604,0.4955311804,-3.040433934e-17,0.4955311804
339,3.38,0.01,EmptyPart,-0.6563329399,0.6234325836,3.694061934,0.9052298682,1,-0.001615068403,0.4905392416,-3.040433934e-17,0.4905392416
340,3.39,0.01,EmptyPart,-0.8114435264,0.4053020321,4.02749014,0.9070338108,0,-0.001605052303,0.490477928,-3.040433934e-17,0.490477928
341,3.4,0.01,EmptyPart,-0.6451101732,0.4597595724,3.92808829,0.7921780103,1,-0.001595036302,0.4855368952,-3.040433934e-17,0.4855368952
342,3.41,0.01,EmptyPart,-0.9489953027,0.2414033745,3.491325051,0.9792178889,1,-0.001585020402,0.4806456379,-3.040433934e-17,0.4806456379
343,3.42,0.01,EmptyPart,-0.913007847,0.355911593,3.373866073,0.9799267273,0,-0.001575004602,0.4805855609,-3.040433934e-17,0.4805855609
344,3.43,0.01,EmptyPart,-0.9774014133,-0.09436649106,3.681098405,0.9819463109,1,-0.001564988902,0.4757441829,-3.040433934e-17,0.4757441829
345,3.44,0.01,EmptyPart,-0.8001534442,-0.2484026723,4.103839129,0.8378242189,1,-0.001554973302,0.4709515766,-3.040433934e-17,0.4709515766
346,3.45,0.01,EmptyPart,-0.5018462877,-0.5882319618,4.277444329,0.7732182986,0,-0.001544957802,0.4708927113,-3.040433934e-17,0.4708927113
347,3.46,0.01,EmptyPart,-0.4660388359,-0.3788124906,3.838491788,0.6005756402,0,-0.001534942403,0.4708338534,-3.040433934e-17,0.4708338534
348,3.47,0.01,EmptyPart,-0.4675816199,-0.2537025635,3.956506827,0.5319751517,0,-0.001524927103,0.4707750029,-3.040433934e-17,0.4707750029
349,3.48,0.01,EmptyPart,-0.7374175585,-0.4252501218,3.777582284,0.851247509,0,-0.001514911904,0.4707161597,-3.040433934e-17,0.4707161597
350,3.49,0.01,EmptyPart,-0.5460876479,-0.5286825651,3.949904312,0.7600769526,0,-0.001504896805,0.4706573238,-3.040433934e-17,0.4706573238
351,3.5,0.01,EmptyPart,-0.1249999704,-0.6217907969,4.002342006,0.6342308631,0,-0.001494881806,0.4705984953,-3.040433934e-17,0.4705984953
352,3.51,0.01,EmptyPart,-0.2885265204,-0.7989353085,3.761585384,0.8494381555,0,-0.001484866908,0.4705396742,-3.040433934e-17,0.4705396742
353,3.52,0.01,EmptyPart,-0.05304858839,-0.9575429236,3.657669455,0.9590112633,0,-0.001474852109,0.4704808604,-3.040433934e-17,0.4704808604
354,3.53,0.01,EmptyPart,-0.4223143177,-0.8815589771,3.667025608,0.9774945591,0,-0.001464837411,0.470422054,-3.040433934e-17,0.470422054
355,3.54,0.01,EmptyPart,-0.6977390641,-0.6838221406,3.184156445,0.9769608597,1,-0.001454822812,0.4656830623,-3.040433934e-17,0.4656830623
356,3.55,0.01,EmptyPart,-0.6933877552,-0.5260354269,3.009986582,0.8703446728,1,-0.001444808314,0.4609918109,-3.040433934e-17,0.4609918109
357,3.56,0.01,EmptyPart,-0.8263531169,0.0393198871,3.083830125,0.8272880559,0,-0.001434793916,0.4609341905,-3.040433934e-17,0.4609341905
358,3.57,0.01,EmptyPart,-0.934832826,0.1179597663,3.367790583,0.9422456787,1,-0.001424779618,0.4562907787,-3.040433934e-17,0.4562907787
359,3.58,0.01,EmptyPart,-0.8338295769,-0.06656406591,3.563592426,0.8364822402,1,-0.00141476542,0.4516941443,-3.040433934e-17,0.4516941443
360,3.59,0.01,EmptyPart,-0.7609142279,-0.008978288402,3.456165101,0.760967195,0,-0.001404751323,0.4516376861,-3.040433934e-17,0.4516376861
361,3.6,0.01,EmptyPart,-0.752036527,0.6550230814,3.304909582,0.9973034519,0,-0.001394737325,0.4515812349,-3.040433934e-17,0.4515812349
362,3.61,0.01,EmptyPart,-0.5496724221,0.3904751541,3.394163001,0.6742481869,1,-0.001384723428,0.4470320441,-3.040433934e-17,0.4470320441
363,3.62,0.01,EmptyPart,-0.6750433326,0.5728855338,3.391993589,0.8853707335,0,-0.001374709631,0.4469761685,-3.040433934e-17,0.4469761685
364,3.63,0.01,EmptyPart,-0.01196564904,0.676028977,3.117010835,0.6761348642,0,-0.001364695934,0.4469203,-3.040433934e-17,0.4469203
365,3.64,0.01,EmptyPart,0.1100807784,0.1636700311,3.189627522,0.1972451694,0,-0.001354682337,0.4468644385,-3.040433934e-17,0.4468644385
366,3.65,0.01,EmptyPart,-0.03201701962,0.1965446987,3.034727265,0.1991354015,0,-0.00134466884,0.4468085839,-3.040433934e-17,0.4468085839
367,3.66,0.01,EmptyPart,-0.1853547497,-0.04646503575,2.652548061,0.1910899861,0,-0.001334655444,0.4467527363,-3.040433934e-17,0.4467527363
368,3.67,0.01,EmptyPart,-0.1968381131,0.3753892998,2.334325387,0.4238659802,0,-0.001324642147,0.4466968957,-3.040433934e-17,0.4466968957
369,3.68,0.01,EmptyPart,-0.08885797367,0.541529887,2.440935662,0.5487716812,0,-0.001314628951,0.4466410621,-3.040433934e-17,0.4466410621
370,3.69,0.01,EmptyPart,-0.2275915612,0.1338971385,2.684540934,0.2640574984,0,-0.001304615855,0.4465852355,-3.040433934e-17,0.4465852355
371,3.7,0.01,EmptyPart,-0.73284067,0.1559171017,2.821995107,0.7492433451,0,-0.001294602859,0.4465294158,-3.040433934e-17,0.4465294158
372,3.71,0.01,EmptyPart,-0.6882175516,-0.4280489232,3.143653176,0.8104747244,0,-0.001284589963,0.4464736031,-3.040433934e-17,0.4464736031
373,3.72,0.01,EmptyPart,-0.4114375102,-0.6955080749,2.610075116,0.8080917689,1,-0.001274577167,0.4419758661,-3.040433934e-17,0.4419758661
374,3.73,0.01,EmptyPart,0.1248562341,-0.5664509031,2.490750117,0.5800480194,0,-0.001264564471,0.4419206226,-3.040433934e-17,0.4419206226
375,3.74,0.01,EmptyPart,0.0007513435181,-0.8944974231,2.458629452,0.8944977387,0,-0.001254551875,0.4418653859,-3.040433934e-17,0.4418653859
376,3.75,0.01,EmptyPart,-0.176106734,-0.7898776269,2.196812601,0.8092714299,1,-0.00124453938,0.4374140717,-3.040433934e-17,0.4374140717
377,3.76,0.01,EmptyPart,-0.09917184347,-0.8990734319,1.895765419,0.9045264454,0,-0.001234526985,0.4373593984,-3.040433934e-17,0.4373593984
378,3.77,0.01,EmptyPart,-0.1846884658,-0.8419871335,1.934742204,0.8620047345,1,-0.001224514689,0.4329534771,-3.040433934e-17,0.4329534771
379,3.78,0.01,EmptyPart,-0.03913200632,-0.5307549273,1.942578468,0.5321955532,0,-0.001214502494,0.4328993613,-3.040433934e-17,0.4328993613
380,3.79,0.01,EmptyPart,-0.2075285151,-0.691798858,1.515258508,0.7222560103,0,-0.001204490399,0.4328452522,-3.040433934e-17,0.4328452522
381,3.8,0.01,EmptyPart,-0.3537430382,-0.4543303198,1.667569632,0.5758039394,0,-0.001194478405,0.43279115,-3.040433934e-17,0.43279115
382,3.81,0.01,EmptyPart,-0.3786372151,-0.272556929,1.584870524,0.4665334074,0,-0.00118446651,0.4327370544,-3.040433934e-17,0.4327370544
383,3.82,0.01,EmptyPart,-0.448831684,-0.1276798957,1.876687958,0.4666390857,0,-0.001174454715,0.4326829657,-3.040433934e-17,0.4326829657
384,3.83,0.01,EmptyPart,-0.7282901402,0.1847050473,1.517067244,0.7513471121,0,-0.001164443021,0.4326288837,-3.040433934e-17,0.4326288837
385,3.84,0.01,EmptyPart,-0.8247305661,0.2869917536,1.936769254,0.8732380966,0,-0.001154431426,0.4325748085,-3.040433934e-17,0.4325748085
386,3.85,0.01,EmptyPart,-0.8822052542,0.170561765,2.039374667,0.8985418333,0,-0.001144419932,0.43252074,-3.040433934e-17,0.43252074
387,3.86,0.01,EmptyPart,-0.8963958704,0.2622635762,2.512686813,0.9339741645,1,-0.001134408538,0.4281635629,-3.040433934e-17,0.4281635629
388,3.87,0.01,EmptyPart,-0.9317239259,0.2888969393,2.301286055,0.9754849643,0,-0.001124397244,0.4281100458,-3.040433934e-17,0.4281100458
389,3.88,0.01,EmptyPart,-0.7463653485,0.1916148561,2.061011565,0.7705695857,1,-0.00111438605,0.4237973017,-3.040433934e-17,0.4237973017
390,3.89,0.01,EmptyPart,-0.6719522716,0.117414179,1.942483372,0.6821333775,0,-0.001104374956,0.4237443304,-3.040433934e-17,0.4237443304
391,3.9,0.01,EmptyPart,-0.3333595014,-0.1227626781,2.201709217,0.3552453129,0,-0.001094363963,0.4236913657,-3.040433934e-17,0.4236913657
392,3.91,0.01,EmptyPart,-0.5576308961,-0.01081937138,2.211029829,0.557735847,0,-0.001084353069,0.4236384075,-3.040433934e-17,0.4236384075
393,3.92,0.01,EmptyPart,-0.638115794,-0.1436675743,2.456485521,0.6540887849,0,-0.001074342275,0.4235854561,-3.040433934e-17,0.4235854561
394,3.93,0.01,EmptyPart,-0.4221050208,-0.3603876917,2.466495594,0.5550242669,0,-0.001064331582,0.4235325112,-3.040433934e-17,0.4235325112
395,3.94,0.01,EmptyPart,-0.3937579703,0.09091331619,2.717105057,0.4041170254,0,-0.001054320989,0.4234795729,-3.040433934e-17,0.4234795729
396,3.95,0.01,EmptyPart,-0.6819639642,0.320242292,2.466748738,0.7534122205,0,-0.001044310496,0.4234266413,-3.040433934e-17,0.4234266413
397,3.96,0.01,EmptyPart,-0.4157636866,0.00869839768,2.228132907,0.4158546684,0,-0.001034300103,0.4233737163,-3.040433934e-17,0.4233737163
398,3.97,0.01,EmptyPart,-0.288425246,0.02660564918,1.947804603,0.2896497594,0,-0.00102428981,0.4233207979,-3.040433934e-17,0.4233207979
399,3.98,0.01,EmptyPart,-0.2805430485,-0.0255055079,2.099687764,0.2817000763,0,-0.001014279617,0.4232678861,-3.040433934e-17,0.4232678861
400,3.99,0.01,EmptyPart,-0.6336602279,-0.07929697531,1.835342956,0.6386026109,0,-0.001004269524,0.4232149809,-3.040433934e-17,0.4232149809
401,4,0.01,EmptyPart,-0.9238845421,-0.2999876349,1.853134953,0.9713677101,1,-0.0009942595314,0.4189515492,-3.040433934e-17,0.4189515492
402,4.01,0.01,EmptyPart,-0.4801579388,0.3034041426,1.609142124,0.5679839081,0,-0.0009842496389,0.4188991836,-3.040433934e-17,0.4188991836
403,4.02,0.01,EmptyPart,-0.5937364464,0.2595881191,1.367292887,0.6480038267,0,-0.0009742398464,0.4188468245,-3.040433934e-17,0.4188468245
404,4.03,0.01,EmptyPart,-0.7966714472,0.09951406431,1.235526548,0.8028626556,0,-0.0009642301541,0.4187944719,-3.040433934e-17,0.4187944719
405,4.04,0.01,EmptyPart,-0.7098125677,0.2187966199,1.247769438,0.7427690369,1,-0.0009542205618,0.4145755721,-3.040433934e-17,0.4145755721
406,4.05,0.01,EmptyPart,-0.9570081633,0.05346177848,1.266899904,0.9585002798,1,-0.0009442110697,0.4103991731,-3.040433934e-17,0.4103991731
407,4.06,0.01,EmptyPart,-0.8931486284,-0.2114019588,1.41996935,0.9178263782,0,-0.0009342016776,0.4103478764,-3.040433934e-17,0.4103478764
408,4.07,0.01,EmptyPart,-0.7424695299,-0.2880744791,1.557360172,0.7963968284,0,-0.0009241923856,0.4102965861,-3.040433934e-17,0.4102965861
409,4.08,0.01,EmptyPart,-0.7873784259,-0.2362881435,1.505831456,0.8220686543,1,-0.0009141831938,0.4061632933,-3.040433934e-17,0.4061632933
410,4.09,0.01,EmptyPart,-0.5765785156,-0.3371620552,1.843447317,0.6679229267,0,-0.000904174102,0.4061125261,-3.040433934e-17,0.4061125261
411,4.1,0.01,EmptyPart,-0.4479727582,-0.07035246178,1.796801516,0.4534634064,0,-0.0008941651103,0.4060617652,-3.040433934e-17,0.4060617652
412,4.11,0.01,EmptyPart,-0.51796894,-0.6709039725,1.740824079,0.8475871419,0,-0.0008841562187,0.4060110106,-3.040433934e-17,0.4060110106
413,4.12,0.01,EmptyPart,-0.3688611984,-0.4015954219,1.99617165,0.5452865913,0,-0.0008741474272,0.4059602624,-3.040433934e-17,0.4059602624
414,4.13,0.01,EmptyPart,-0.3561526535,-0.1354353797,2.054295214,0.3810347158,0,-0.0008641387357,0.4059095206,-3.040433934e-17,0.4059095206
415,4.14,0.01,EmptyPart,-0.2224450098,0.4362505129,2.015203399,0.4896899963,0,-0.0008541301444,0.405858785,-3.040433934e-17,0.405858785
416,4.15,0.01,EmptyPart,-0.2620697054,0.5903351536,2.16837391,0.6458917278,0,-0.0008441216531,0.4058080559,-3.040433934e-17,0.4058080559
417,4.16,0.01,EmptyPart,-0.5771628258,0.6002545486,1.90892092,0.8327199112,0,-0.000834113262,0.405757333,-3.040433934e-17,0.405757333
418,4.17,0.01,EmptyPart,-0.5477761468,0.7483099756,1.735699583,0.9273761516,1,-0.0008241049709,0.4016697682,-3.040433934e-17,0.4016697682
419,4.18,0.01,EmptyPart,-0.5922415923,0.6525415016,1.958227966,0.8812267103,0,-0.0008140967799,0.4016195627,-3.040433934e-17,0.4016195627
420,4.19,0.01,EmptyPart,-0.2763986441,0.8854868622,1.878141871,0.9276223335,1,-0.0008040886889,0.3975736814,-3.040433934e-17,0.3975736814
421,4.2,0.01,EmptyPart,0.07430306394,0.92393595,1.893057551,0.9269188665,0,-0.0007940806981,0.3975239878,-3.040433934e-17,0.3975239878
422,4.21,0.01,EmptyPart,0.7397953869,0.5836847913,1.749147324,0.9423296398,0,-0.0007840728073,0.3974743004,-3.040433934e-17,0.3974743004
423,4.22,0.01,EmptyPart,0.2090522805,0.9232022384,1.815723361,0.9465755273,1,-0.0007740650166,0.3934701782,-3.040433934e-17,0.3934701782
424,4.23,0.01,EmptyPart,0.1277579523,0.9732582137,1.756173793,0.9816076838,1,-0.000764057326,0.3895063932,-3.040433934e-17,0.3895063932
425,4.24,0.01,EmptyPart,0.2214647032,0.86484583,1.948802499,0.8927513228,0,-0.0007540497355,0.3894577079,-3.040433934e-17,0.3894577079
426,4.25,0.01,EmptyPart,0.3572885188,0.7366770399,1.663339146,0.8187479141,1,-0.000744042245,0.3855343442,-3.040433934e-17,0.3855343442
427,4.26,0.01,EmptyPart,0.165795075,0.3827421078,1.765682209,0.4171085326,0,-0.0007340348546,0.3854861554,-3.040433934e-17,0.3854861554
428,4.27,0.01,EmptyPart,0.3409862091,0.5377593197,1.801963319,0.6367548043,0,-0.0007240275643,0.3854379726,-3.040433934e-17,0.3854379726
429,4.28,0.01,EmptyPart,0.4215517182,0.4248546399,1.536619203,0.5985042324,0,-0.0007140203741,0.3853897959,-3.040433934e-17,0.3853897959
430,4.29,0.01,EmptyPart,0.590242633,0.7627150283,1.517314425,0.964427592,0,-0.0007040132839,0.3853416252,-3.040433934e-17,0.3853416252
431,4.3,0.01,EmptyPart,0.7321962578,0.361303345,1.610761459,0.816487273,1,-0.0006940062938,0.3814597265,-3.040433934e-17,0.3814597265
432,4.31,0.01,EmptyPart,0.7115668427,-0.1973049758,1.791413978,0.738414941,1,-0.0006839994038,0.3776169337,-3.040433934e-17,0.3776169337
433,4.32,0.01,EmptyPart,0.7171862853,-0.3845779677,2.050483995,0.8137913621,0,-0.0006739926138,0.3775697346,-3.040433934e-17,0.3775697346
434,4.33,0.01,EmptyPart,0.7872641724,-0.4890930781,2.176170566,0.9268208652,1,-0.0006639859239,0.3737661293,-3.040433934e-17,0.3737661293
435,4.34,0.01,EmptyPart,0.7472307656,-0.4857036491,2.036554365,0.8912136959,0,-0.0006539793341,0.3737194114,-3.040433934e-17,0.3737194114
436,4.35,0.01,EmptyPart,0.8246210317,-0.3493715557,2.252017564,0.8955782098,1,-0.0006439728443,0.3699545939,-3.040433934e-17,0.3699545939
437,4.36,0.01,EmptyPart,0.46838246,-0.5820541515,1.788436623,0.7471071972,0,-0.0006339664546,0.3699083525,-3.040433934e-17,0.3699083525
438,4.37,0.01,EmptyPart,0.7750856078,-0.5044933289,2.151227931,0.9248087469,1,-0.000623960165,0.3661819273,-3.040433934e-17,0.3661819273
439,4.38,0.01,EmptyPart,0.3367682029,-0.6964983334,2.132210167,0.7736425214,0,-0.0006139539754,0.3661361574,-3.040433934e-17,0.3661361574
440,4.39,0.01,EmptyPart,0.2019730764,-0.5453534395,2.081258768,0.5815526611,0,-0.0006039478859,0.3660903932,-3.040433934e-17,0.3660903932
441,4.4,0.01,EmptyPart,0.2984181889,-0.6074611494,2.263033178,0.6768031202,0,-0.0005939418965,0.3660446348,-3.040433934e-17,0.3660446348
442,4.41,0.01,EmptyPart,-0.02540501148,-0.3829451561,2.255793069,0.3837869294,0,-0.0005839360071,0.3659988821,-3.040433934e-17,0.3659988821
443,4.42,0.01,EmptyPart,-0.3363401212,-0.7061214301,2.123354868,0.7821330777,0,-0.0005739302178,0.3659531351,-3.040433934e-17,0.3659531351
444,4.43,0.01,EmptyPart,-0.5359279273,-0.5264291595,2.017412501,0.751229927,0,-0.0005639245285,0.3659073938,-3.040433934e-17,0.3659073938
445,4.44,0.01,EmptyPart,-0.2528279474,-0.4187827552,1.765093821,0.4891839808,0,-0.0005539189393,0.3658616582,-3.040433934e-17,0.3658616582
446,4.45,0.01,EmptyPart,0.02964589104,-0.4916763225,1.968755727,0.4925692692,0,-0.0005439134501,0.3658159284,-3.040433934e-17,0.3658159284
447,4.46,0.01,EmptyPart,0.2547721281,-0.8840708132,2.335907732,0.9200489335,0,-0.000533908061,0.3657702043,-3.040433934e-17,0.3657702043
448,4.47,0.01,EmptyPart,0.303886708,-0.7954323189,2.162929041,0.8515043777,1,-0.0005239027719,0.3620854664,-3.040433934e-17,0.3620854664
449,4.48,0.01,EmptyPart,-0.1825463826,-0.8688509295,2.318342984,0.8878204321,1,-0.0005138975829,0.3584378483,-3.040433934e-17,0.3584378483
450,4.49,0.01,EmptyPart,-0.5923867335,-0.4297099882,2.272454453,0.7318283377,0,-0.000503892494,0.3583930463,-3.040433934e-17,0.3583930463
451,4.5,0.01,EmptyPart,-0.5430197181,-0.2072839616,2.427037406,0.5812375203,0,-0.0004938875051,0.35834825,-3.040433934e-17,0.35834825
452,4.51,0.01,EmptyPart,-0.4413707012,-0.3939095406,2.541572741,0.5915850083,0,-0.0004838826162,0.3583034593,-3.040433934e-17,0.3583034593
453,4.52,0.01,EmptyPart,-0.5259259956,-0.1533073601,2.422421545,0.5478150231,0,-0.0004738778274,0.3582586742,-3.040433934e-17,0.3582586742
454,4.53,0.01,EmptyPart,-0.7993444564,-0.1945609742,2.156384142,0.8226819146,0,-0.0004638731387,0.3582138946,-3.040433934e-17,0.3582138946
455,4.54,0.01,EmptyPart,-0.3878950727,-0.1134329416,1.936030383,0.404140594,0,-0.00045386855,0.3581691207,-3.040433934e-17,0.3581691207
456,4.55,0.01,EmptyPart,-0.468645013,-0.0002663221692,2.029774141,0.4686450887,0,-0.0004438640613,0.3581243523,-3.040433934e-17,0.3581243523
457,4.56,0.01,EmptyPart,-0.4133197514,-0.07715975394,1.833545626,0.420460277,0,-0.0004338596727,0.3580795896,-3.040433934e-17,0.3580795896
458,4.57,0.01,EmptyPart,-0.7787599451,-0.2213218672,1.748387668,0.809598926,0,-0.0004238553841,0.3580348324,-3.040433934e-17,0.3580348324
459,4.58,0.01,EmptyPart,-0.5505613339,-0.1298247261,1.628635635,0.5656608895,0,-0.0004138511956,0.3579900809,-3.040433934e-17,0.3579900809
460,4.59,0.01,EmptyPart,-0.723900945,-0.1729217043,1.492231179,0.7442677569,0,-0.0004038471071,0.3579453349,-3.040433934e-17,0.3579453349
461,4.6,0.01,EmptyPart,-0.8726291471,0.4489450647,1.657256826,0.9813426004,0,-0.0003938431186,0.3579005945,-3.040433934e-17,0.3579005945
462,4.61,0.01,EmptyPart,-0.8146280743,0.1965454109,1.827003439,0.8380029821,0,-0.0003838392302,0.3578558598,-3.040433934e-17,0.3578558598
463,4.62,0.01,EmptyPart,-0.8098278989,0.122443933,1.558601097,0.8190321988,1,-0.0003738354419,0.3542508503,-3.040433934e-17,0.3542508503
464,4.63,0.01,EmptyPart,-0.8896388658,0.3658534181,1.346609472,0.96192829,1,-0.0003638317535,0.3506821575,-3.040433934e-17,0.3506821575
465,4.64,0.01,EmptyPart,-0.9378840024,0.2156863689,1.695707887,0.9623653213,1,-0.0003538281652,0.3471494153,-3.040433934e-17,0.3471494153
466,4.65,0.01,EmptyPart,-0.9659029024,0.05007760848,2.188297257,0.9672001777,1,-0.000343824677,0.3436522617,-3.040433934e-17,0.3436522617
467,4.66,0.01,EmptyPart,-0.8536108829,-0.4647691193,2.16273763,0.9719371758,1,-0.0003338212887,0.3401903381,-3.040433934e-17,0.3401903381
468,4.67,0.01,EmptyPart,-0.4131172951,-0.1709477641,1.93524945,0.4470895185,1,-0.0003238180005,0.3367632897,-3.040433934e-17,0.3367632897
469,4.68,0.01,EmptyPart,-0.4450541447,0.4038387106,2.015893385,0.6009649706,0,-0.0003138148124,0.3367211969,-3.040433934e-17,0.3367211969
470,4.69,0.01,EmptyPart,-0.3600545361,0.3249386216,2.043316056,0.4849993575,0,-0.0003038117242,0.3366791094,-3.040433934e-17,0.3366791094
471,4.7,0.01,EmptyPart,-0.138420038,0.09576649759,2.005681735,0.1683191284,0,-0.0002938087361,0.3366370271,-3.040433934e-17,0.3366370271
472,4.71,0.01,EmptyPart,-0.1935910656,0.002953237062,2.043520171,0.1936135902,0,-0.0002838058481,0.3365949501,-3.040433934e-17,0.3365949501
473,4.72,0.01,EmptyPart,0.1825279899,-0.3346604465,1.952776044,0.3812008415,0,-0.00027380306,0.3365528784,-3.040433934e-17,0.3365528784
474,4.73,0.01,EmptyPart,0.3172419894,-0.5573473967,1.742922529,0.6413100657,0,-0.000263800372,0.3365108119,-3.040433934e-17,0.3365108119
475,4.74,0.01,EmptyPart,0.1887648456,-0.7386577723,1.829268466,0.7623958759,0,-0.000253797784,0.3364687507,-3.040433934e-17,0.3364687507
476,4.75,0.01,EmptyPart,0.1734598959,-0.7638895454,1.622868652,0.7833361813,0,-0.0002437952961,0.3364266947,-3.040433934e-17,0.3364266947
477,4.76,0.01,EmptyPart,-0.1888610556,-0.8087039687,1.760798012,0.8304640916,1,-0.0002337929081,0.3330375609,-3.040433934e-17,0.3330375609
478,4.77,0.01,EmptyPart,-0.1085859245,-0.3057717564,1.497401829,0.3244799994,0,-0.0002237906202,0.3329959338,-3.040433934e-17,0.3329959338
479,4.78,0.01,EmptyPart,-0.4583974071,-0.7570591681,1.208787995,0.8850235968,0,-0.0002137884323,0.3329543119,-3.040433934e-17,0.3329543119
480,4.79,0.01,EmptyPart,-0.3896596715,-0.7460161751,1.14769786,0.8416500419,1,-0.0002037863444,0.3296001585,-3.040433934e-17,0.3296001585
481,4.8,0.01,EmptyPart,-0.4607953847,-0.5512969989,1.088304475,0.7185128862,0,-0.0001937843566,0.3295589611,-3.040433934e-17,0.3295589611
482,4.81,0.01,EmptyPart,-0.8668115787,-0.4657353616,1.068838451,0.9840079979,1,-0.0001837824687,0.3262390122,-3.040433934e-17,0.3262390122
483,4.82,0.01,EmptyPart,-0.9162887503,-0.3146522132,1.114612175,0.9688091088,0,-0.0001737806809,0.3261982349,-3.040433934e-17,0.3261982349
484,4.83,0.01,EmptyPart,-0.7915389006,-0.5738929687,0.954407444,0.9776947227,0,-0.0001637789931,0.3261574626,-3.040433934e-17,0.3261574626
485,4.84,0.01,EmptyPart,-0.7589947364,-0.3909182001,0.9457884639,0.8537505777,1,-0.0001537774053,0.3228717802,-3.040433934e-17,0.3228717802
486,4.85,0.01,EmptyPart,-0.6369361368,-0.3467018224,1.012701692,0.725182595,0,-0.0001437759176,0.3228314237,-3.040433934e-17,0.3228314237
487,4.86,0.01,EmptyPart,-0.6016375464,-0.01402431228,0.8422003932,0.6018009792,0,-0.0001337745298,0.3227910723,-3.040433934e-17,0.3227910723
488,4.87,0.01,EmptyPart,-0.3966181768,-0.08013229324,0.9614771119,0.4046321324,0,-0.0001237732421,0.3227507259,-3.040433934e-17,0.3227507259
489,4.88,0.01,EmptyPart,-0.6696000565,-0.005292772904,1.023086988,0.6696209742,0,-0.0001137720544,0.3227103846,-3.040433934e-17,0.3227103846
490,4.89,0.01,EmptyPart,-0.8663503621,-0.2474379167,1.118324353,0.900993048,0,-0.0001037709666,0.3226700484,-3.040433934e-17,0.3226700484
491,4.9,0.01,EmptyPart,-0.6211427388,-0.2682809085,1.036305832,0.6766039815,0,-9.376997894e-05,0.3226297171,-3.040433934e-17,0.3226297171
492,4.91,0.01,EmptyPart,-0.9163085942,-0.2943642422,1.055135032,0.9624301257,0,-8.376909124e-05,0.3225893909,-3.040433934e-17,0.3225893909
493,4.92,0.01,EmptyPart,-0.9801707828,0.001059660021,1.327192421,0.9801713556,1,-7.376830355e-05,0.3193396529,-3.040433934e-17,0.3193396529
494,4.93,0.01,EmptyPart,-0.7240060023,0.1327020232,1.259535265,0.7360669252,1,-6.376761587e-05,0.3161226525,-3.040433934e-17,0.3161226525
495,4.94,0.01,EmptyPart,-0.5788232223,0.2162462335,1.561668852,0.6178986617,0,-5.37670282e-05,0.3160831396,-3.040433934e-17,0.3160831396
496,4.95,0.01,EmptyPart,-0.5455674006,0.7121459522,1.585369348,0.8971040329,0,-4.376654053e-05,0.3160436317,-3.040433934e-17,0.3160436317
497,4.96,0.01,EmptyPart,-0.3934797438,0.7449035052,1.804802595,0.8424414168,0,-3.376615287e-05,0.3160041287,-3.040433934e-17,0.3160041287
498,4.97,0.01,EmptyPart,-0.4000524897,0.9003776138,1.585696131,0.9852521718,1,-2.376586521e-05,0.31282073,-3.040433934e-17,0.31282073
499,4.98,0.01,EmptyPart,-0.2005580799,0.898195426,1.318205359,0.9203143847,1,-1.376567755e-05,0.3096694007,-3.040433934e-17,0.3096694007
500,4.99,0.01,EmptyPart,-0.1474092812,0.7573896944,1.686760851,0.7716013513,1,-3.765589896e-06,0.3065498175,-3.040433934e-17,0.3065498175
501,5,0.01,EmptyPart,-0.1979313172,0.6727514428,1.600080278,0.7012640802,0,6.23439776e-06,0.3065115012,-3.040433934e-17,0.3065115012
