label,h_um,rate,rho,D,R_ref,bias_at_0p1ms,tau_conv_1pct,lower_bound_1pct,noise_1pct,tau_conv_0p1pct,lower_bound_0p1pct,noise_0p1pct
V2_h0.01,0.01,0.1,0.001,3,0.0009999916877,-0.0004614117597,0.1,true,false,0.1,true,false
V2_h0.05,0.05,0.1,0.005,3,0.00499774317,-0.001077214806,0.1,true,false,0.08619613311,false,false
V1_h0.1,0.1,0.1,0.01,3,0.009988986663,-0.001125643014,0.1,true,false,0.08621076705,false,false
V2_h0.2,0.2,0.1,0.02,3,0.01997172515,-0.001561678163,0.1,true,false,0.05726541056,false,false
V2_rate0.5,0.1,0.5,0.05,3,0.04977689018,-0.006803310095,0.1,true,false,0.006323852897,false,false
V2_rate1,0.1,1,0.1,3,0.0991070779,-0.01341219718,0.06331913389,false,false,0.002948725135,false,false
V2_rate2,0.1,2,0.2,3,0.1964449438,-0.02601104881,0.02532046856,false,false,0.001542075527,false,false
V2_h0.01_rate10,0.01,10,0.1,3,0.09889295482,-0.03092453072,0.01306387127,false,false,0.0006513172572,false,false
V3_D1,0.1,0.1,0.01,1,0.00997334173,-0.001475675093,0.1,true,false,0.04283852321,false,false
V3_D6,0.1,0.1,0.01,6,0.009996165819,-0.001043532923,0.1,true,false,0.08884310754,false,false
V2_h0.4_rate1,0.4,1,0.4,3,0.3936245187,-0.01443861791,0.06159226794,false,false,0.004909889942,false,false
V3_D1_rate1,0.1,1,0.1,1,0.09736840927,-0.01721465068,0.04822002994,false,false,0.002830424336,false,false
