config,tau_ms,t_ms,chi2,dof,z_chi2,z_bin_lower_wall,z_bin_upper_wall,pass
default,0.04,0,88.3756,99,-0.7550432303,1.16,-0.6,true
default,0.04,10,108.5618,99,0.6795275365,-0.7,-0.11,true
default,0.04,20,115.3376,99,1.161062675,0.29,0.12,true
default,0.04,30,126.1408,99,1.928812667,2.61,-1.92,true
default,0.04,40,80.951,99,-1.282686577,-1.24,0.92,true
default,0.04,50,93.8904,99,-0.3631234601,0.33,0.15,true
tau_1e-2,0.01,0,88.3756,99,-0.7550432303,1.16,-0.6,true
tau_1e-2,0.01,10,109.101,99,0.717846812,-1.33,0.22,true
tau_1e-2,0.01,20,105.0444,99,0.4295568033,0.61,0.06,true
tau_1e-2,0.01,30,82.7036,99,-1.158134718,-0.03,0.34,true
tau_1e-2,0.01,40,77.3276,99,-1.540190402,-0.55,-0.08,true
tau_1e-2,0.01,50,93.981,99,-0.3566847985,-1.27,-1.17,true
tau_1e-3,0.001,0,88.3756,99,-0.7550432303,1.16,-0.6,true
tau_1e-3,0.001,10,100.399,99,0.09942260073,-0.86,0.78,true
tau_1e-3,0.001,20,115.994,99,1.207710991,0.76,-0.31,true
tau_1e-3,0.001,30,107.7918,99,0.6248060194,-0.8,-0.58,true
tau_1e-3,0.001,40,98.7838,99,-0.01536466496,-0.29,0.52,true
tau_1e-3,0.001,50,119.6984,99,1.470971236,1.16,-1.34,true
tau_1e-4,0.0001,0,88.3756,99,-0.7550432303,1.16,-0.6,true
tau_1e-4,0.0001,1,101.8866,99,0.2051417293,0.88,-0.16,true
tau_1e-4,0.0001,2,74.0596,99,-1.772437049,-0.57,0.4,true
tau_1e-4,0.0001,5,114.5326,99,1.103853816,0.37,-1.4,true
