config,tau_ms,t_ms,lambda_um,face,expected_fraction,measured_fraction,rel_dev,z,sigma_frac_binomial,sigma_frac_seeds
default,0.04,0,0.05,lower,0.025,0.025261,0.01044,1.671737926,0.0004937104415,0.0005774359031
default,0.04,0,0.05,upper,0.025,0.025014,0.00056,0.08967176613,0.0004937104415,0.0006001703462
default,0.04,0,0.1,lower,0.05,0.050141,0.00282,0.6469523695,0.0006892024376,0.0008498555433
default,0.04,0,0.1,upper,0.05,0.050018,0.00036,0.08258966419,0.0006892024376,0.0006916453812
default,0.04,0,0.2,lower,0.1,0.10015,0.0015,0.5,0.0009486832981,0.001001443403
default,0.04,0,0.2,upper,0.1,0.100108,0.00108,0.36,0.0009486832981,0.0009649847437
default,0.04,0,0.4,lower,0.2,0.200123,0.000615,0.3075,0.001264911064,0.001674873461
default,0.04,0,0.4,upper,0.2,0.199787,-0.001065,-0.5325,0.001264911064,0.001568063562
default,0.04,10,0.05,lower,0.025,0.024891,-0.00436,-0.6981587506,0.0004937104415,0.0005541650376
default,0.04,10,0.05,upper,0.025,0.025009,0.00036,0.05764613537,0.0004937104415,0.0003693372443
default,0.04,10,0.1,lower,0.05,0.049751,-0.00498,-1.142490355,0.0006892024376,0.0005001433128
default,0.04,10,0.1,upper,0.05,0.049839,-0.00322,-0.7387186631,0.0006892024376,0.0006171520612
default,0.04,10,0.2,lower,0.1,0.099499,-0.00501,-1.67,0.0009486832981,0.0007451688847
default,0.04,10,0.2,upper,0.1,0.09978,-0.0022,-0.7333333333,0.0009486832981,0.0007671013261
default,0.04,10,0.4,lower,0.2,0.19914,-0.0043,-2.15,0.001264911064,0.001189378923
default,0.04,10,0.4,upper,0.2,0.200316,0.00158,0.79,0.001264911064,0.0007780631223
default,0.04,20,0.05,lower,0.025,0.025092,0.00368,0.589271606,0.0004937104415,0.0006362878454
default,0.04,20,0.05,upper,0.025,0.025135,0.0054,0.8646920305,0.0004937104415,0.0005757555423
default,0.04,20,0.1,lower,0.05,0.050247,0.00494,1.133313725,0.0006892024376,0.0009835316184
default,0.04,20,0.1,upper,0.05,0.049975,-0.0005,-0.1147078669,0.0006892024376,0.0007342153786
default,0.04,20,0.2,lower,0.1,0.100523,0.00523,1.743333333,0.0009486832981,0.0008217062195
default,0.04,20,0.2,upper,0.1,0.099902,-0.00098,-0.3266666667,0.0009486832981,0.0007596314896
default,0.04,20,0.4,lower,0.2,0.200689,0.003445,1.7225,0.001264911064,0.001135698023
default,0.04,20,0.4,upper,0.2,0.20034,0.0017,0.85,0.001264911064,0.001535650423
default,0.04,30,0.05,lower,0.025,0.025343,0.01372,2.19695827,0.0004937104415,0.0003445786477
default,0.04,30,0.05,upper,0.025,0.0247,-0.012,-1.921537846,0.0004937104415,0.000583476173
default,0.04,30,0.1,lower,0.05,0.050371,0.00742,1.702264745,0.0006892024376,0.0007184930217
default,0.04,30,0.1,upper,0.05,0.049852,-0.00296,-0.6790705723,0.0006892024376,0.0007617494485
default,0.04,30,0.2,lower,0.1,0.100389,0.00389,1.296666667,0.0009486832981,0.0007276209331
default,0.04,30,0.2,upper,0.1,0.099692,-0.00308,-1.026666667,0.0009486832981,0.0012667
default,0.04,30,0.4,lower,0.2,0.200135,0.000675,0.3375,0.001264911064,0.0009791748227
default,0.04,30,0.4,upper,0.2,0.200269,0.001345,0.6725,0.001264911064,0.0009803338434
default,0.04,40,0.05,lower,0.025,0.025005,0.0002,0.03202563076,0.0004937104415,0.0006290248184
default,0.04,40,0.05,upper,0.025,0.024964,-0.00144,-0.2305845415,0.0004937104415,0.0005799080387
default,0.04,40,0.1,lower,0.05,0.050101,0.00202,0.4634197824,0.0006892024376,0.0006524219834
default,0.04,40,0.1,upper,0.05,0.049818,-0.00364,-0.8350732713,0.0006892024376,0.0006993298379
default,0.04,40,0.2,lower,0.1,0.100086,0.00086,0.2866666667,0.0009486832981,0.0008855782794
default,0.04,40,0.2,upper,0.1,0.100196,0.00196,0.6533333333,0.0009486832981,0.0004463481451
default,0.04,40,0.4,lower,0.2,0.199881,-0.000595,-0.2975,0.001264911064,0.001686452226
default,0.04,40,0.4,upper,0.2,0.200335,0.001675,0.8375,0.001264911064,0.001376398279
default,0.04,50,0.05,lower,0.025,0.025033,0.00132,0.211369163,0.0004937104415,0.0003169314682
default,0.04,50,0.05,upper,0.025,0.024985,-0.0006,-0.09607689228,0.0004937104415,0.0003672495367
default,0.04,50,0.1,lower,0.05,0.050153,0.00306,0.7020121456,0.0006892024376,0.0004555594851
default,0.04,50,0.1,upper,0.05,0.049874,-0.00252,-0.5781276494,0.0006892024376,0.0004235091498
default,0.04,50,0.2,lower,0.1,0.099837,-0.00163,-0.5433333333,0.0009486832981,0.000814480748
default,0.04,50,0.2,upper,0.1,0.099752,-0.00248,-0.8266666667,0.0009486832981,0.0009276948732
default,0.04,50,0.4,lower,0.2,0.199798,-0.00101,-0.505,0.001264911064,0.0008222030028
default,0.04,50,0.4,upper,0.2,0.199759,-0.001205,-0.6025,0.001264911064,0.001072778842
tau_1e-2,0.01,0,0.05,lower,0.025,0.025261,0.01044,1.671737926,0.0004937104415,0.0005774359031
tau_1e-2,0.01,0,0.05,upper,0.025,0.025014,0.00056,0.08967176613,0.0004937104415,0.0006001703462
tau_1e-2,0.01,0,0.1,lower,0.05,0.050141,0.00282,0.6469523695,0.0006892024376,0.0008498555433
tau_1e-2,0.01,0,0.1,upper,0.05,0.050018,0.00036,0.08258966419,0.0006892024376,0.0006916453812
tau_1e-2,0.01,0,0.2,lower,0.1,0.10015,0.0015,0.5,0.0009486832981,0.001001443403
tau_1e-2,0.01,0,0.2,upper,0.1,0.100108,0.00108,0.36,0.0009486832981,0.0009649847437
tau_1e-2,0.01,0,0.4,lower,0.2,0.200123,0.000615,0.3075,0.001264911064,0.001674873461
tau_1e-2,0.01,0,0.4,upper,0.2,0.199787,-0.001065,-0.5325,0.001264911064,0.001568063562
tau_1e-2,0.01,10,0.05,lower,0.025,0.024652,-0.01392,-2.228983901,0.0004937104415,0.0005880438381
tau_1e-2,0.01,10,0.05,upper,0.025,0.024696,-0.01216,-1.94715835,0.0004937104415,0.000471244216
tau_1e-2,0.01,10,0.1,lower,0.05,0.049681,-0.00638,-1.463672382,0.0006892024376,0.0007041062104
tau_1e-2,0.01,10,0.1,upper,0.05,0.050171,0.00342,0.7846018098,0.0006892024376,0.0006416376617
tau_1e-2,0.01,10,0.2,lower,0.1,0.099627,-0.00373,-1.243333333,0.0009486832981,0.001153661321
tau_1e-2,0.01,10,0.2,upper,0.1,0.100345,0.00345,1.15,0.0009486832981,0.0008461973765
tau_1e-2,0.01,10,0.4,lower,0.2,0.199785,-0.001075,-0.5375,0.001264911064,0.001708431704
tau_1e-2,0.01,10,0.4,upper,0.2,0.200286,0.00143,0.715,0.001264911064,0.001165429821
tau_1e-2,0.01,20,0.05,lower,0.025,0.024723,-0.01108,-1.774219944,0.0004937104415,0.0007176048123
tau_1e-2,0.01,20,0.05,upper,0.025,0.025206,0.00824,1.319455987,0.0004937104415,0.0006338804654
tau_1e-2,0.01,20,0.1,lower,0.05,0.049668,-0.00664,-1.523320473,0.0006892024376,0.0008860248304
tau_1e-2,0.01,20,0.1,upper,0.05,0.050134,0.00268,0.6148341668,0.0006892024376,0.0008092548012
tau_1e-2,0.01,20,0.2,lower,0.1,0.099613,-0.00387,-1.29,0.0009486832981,0.001256839511
tau_1e-2,0.01,20,0.2,upper,0.1,0.099976,-0.00024,-0.08,0.0009486832981,0.00129373018
tau_1e-2,0.01,20,0.4,lower,0.2,0.199793,-0.001035,-0.5175,0.001264911064,0.001510820601
tau_1e-2,0.01,20,0.4,upper,0.2,0.199443,-0.002785,-1.3925,0.001264911064,0.001290280331
tau_1e-2,0.01,30,0.05,lower,0.025,0.024921,-0.00316,-0.506004966,0.0004937104415,0.0003260691815
tau_1e-2,0.01,30,0.05,upper,0.025,0.024914,-0.00344,-0.5508408491,0.0004937104415,0.0005246840319
tau_1e-2,0.01,30,0.1,lower,0.05,0.050007,0.00014,0.03211820274,0.0006892024376,0.0005153003439
tau_1e-2,0.01,30,0.1,upper,0.05,0.049705,-0.0059,-1.35355283,0.0006892024376,0.0006983512329
tau_1e-2,0.01,30,0.2,lower,0.1,0.100027,0.00027,0.09,0.0009486832981,0.0005701081769
tau_1e-2,0.01,30,0.2,upper,0.1,0.099664,-0.00336,-1.12,0.0009486832981,0.0007532772841
tau_1e-2,0.01,30,0.4,lower,0.2,0.199287,-0.003565,-1.7825,0.001264911064,0.001867696442
tau_1e-2,0.01,30,0.4,upper,0.2,0.20009,0.00045,0.225,0.001264911064,0.001178822388
tau_1e-2,0.01,40,0.05,lower,0.025,0.024971,-0.00116,-0.1857486584,0.0004937104415,0.0003354416657
tau_1e-2,0.01,40,0.05,upper,0.025,0.024914,-0.00344,-0.5508408491,0.0004937104415,0.000491487538
tau_1e-2,0.01,40,0.1,lower,0.05,0.049946,-0.00108,-0.2477689926,0.0006892024376,0.0005523324281
tau_1e-2,0.01,40,0.1,upper,0.05,0.049865,-0.0027,-0.6194224815,0.0006892024376,0.0007806870194
tau_1e-2,0.01,40,0.2,lower,0.1,0.10012,0.0012,0.4,0.0009486832981,0.0004790499858
tau_1e-2,0.01,40,0.2,upper,0.1,0.099867,-0.00133,-0.4433333333,0.0009486832981,0.001118640544
tau_1e-2,0.01,40,0.4,lower,0.2,0.200173,0.000865,0.4325,0.001264911064,0.0009132001119
tau_1e-2,0.01,40,0.4,upper,0.2,0.199885,-0.000575,-0.2875,0.001264911064,0.001931989475
tau_1e-2,0.01,50,0.05,lower,0.025,0.024962,-0.00152,-0.2433947938,0.0004937104415,0.0006292641205
tau_1e-2,0.01,50,0.05,upper,0.025,0.025035,0.0014,0.2241794153,0.0004937104415,0.000286986256
tau_1e-2,0.01,50,0.1,lower,0.05,0.04996,-0.0008,-0.1835325871,0.0006892024376,0.0007522558666
tau_1e-2,0.01,50,0.1,upper,0.05,0.050201,0.00402,0.9222512502,0.0006892024376,0.0007415516765
tau_1e-2,0.01,50,0.2,lower,0.1,0.099497,-0.00503,-1.676666667,0.0009486832981,0.0009745317964
tau_1e-2,0.01,50,0.2,upper,0.1,0.100354,0.00354,1.18,0.0009486832981,0.001252944975
tau_1e-2,0.01,50,0.4,lower,0.2,0.199401,-0.002995,-1.4975,0.001264911064,0.00152015679
tau_1e-2,0.01,50,0.4,upper,0.2,0.199854,-0.00073,-0.365,0.001264911064,0.001200436957
tau_1e-3,0.001,0,0.05,lower,0.025,0.025261,0.01044,1.671737926,0.0004937104415,0.0005774359031
tau_1e-3,0.001,0,0.05,upper,0.025,0.025014,0.00056,0.08967176613,0.0004937104415,0.0006001703462
tau_1e-3,0.001,0,0.1,lower,0.05,0.050141,0.00282,0.6469523695,0.0006892024376,0.0008498555433
tau_1e-3,0.001,0,0.1,upper,0.05,0.050018,0.00036,0.08258966419,0.0006892024376,0.0006916453812
tau_1e-3,0.001,0,0.2,lower,0.1,0.10015,0.0015,0.5,0.0009486832981,0.001001443403
tau_1e-3,0.001,0,0.2,upper,0.1,0.100108,0.00108,0.36,0.0009486832981,0.0009649847437
tau_1e-3,0.001,0,0.4,lower,0.2,0.200123,0.000615,0.3075,0.001264911064,0.001674873461
tau_1e-3,0.001,0,0.4,upper,0.2,0.199787,-0.001065,-0.5325,0.001264911064,0.001568063562
tau_1e-3,0.001,10,0.05,lower,0.025,0.02505,0.002,0.3202563076,0.0004937104415,0.000559364719
tau_1e-3,0.001,10,0.05,upper,0.025,0.025073,0.00292,0.4675742091,0.0004937104415,0.0005659220598
tau_1e-3,0.001,10,0.1,lower,0.05,0.050115,0.0023,0.5276561879,0.0006892024376,0.0006580991145
tau_1e-3,0.001,10,0.1,upper,0.05,0.050115,0.0023,0.5276561879,0.0006892024376,0.0005741708998
tau_1e-3,0.001,10,0.2,lower,0.1,0.099992,-8e-05,-0.02666666667,0.0009486832981,0.001101572613
tau_1e-3,0.001,10,0.2,upper,0.1,0.099968,-0.00032,-0.1066666667,0.0009486832981,0.0008210264578
tau_1e-3,0.001,10,0.4,lower,0.2,0.199997,-1.5e-05,-0.0075,0.001264911064,0.001574667866
tau_1e-3,0.001,10,0.4,upper,0.2,0.199658,-0.00171,-0.855,0.001264911064,0.001434912309
tau_1e-3,0.001,20,0.05,lower,0.025,0.024932,-0.00272,-0.4355485783,0.0004937104415,0.0005599960317
tau_1e-3,0.001,20,0.05,upper,0.025,0.025098,0.00392,0.6277023629,0.0004937104415,0.0004400707014
tau_1e-3,0.001,20,0.1,lower,0.05,0.04983,-0.0034,-0.7800134952,0.0006892024376,0.0007757004004
tau_1e-3,0.001,20,0.1,upper,0.05,0.050165,0.0033,0.7570719218,0.0006892024376,0.0005368891878
tau_1e-3,0.001,20,0.2,lower,0.1,0.099466,-0.00534,-1.78,0.0009486832981,0.0009337403874
tau_1e-3,0.001,20,0.2,upper,0.1,0.100023,0.00023,0.07666666667,0.0009486832981,0.0008335739653
tau_1e-3,0.001,20,0.4,lower,0.2,0.199261,-0.003695,-1.8475,0.001264911064,0.001223514519
tau_1e-3,0.001,20,0.4,upper,0.2,0.20001,5e-05,0.025,0.001264911064,0.001107760504
tau_1e-3,0.001,30,0.05,lower,0.025,0.024804,-0.00784,-1.255404726,0.0004937104415,0.0005328789731
tau_1e-3,0.001,30,0.05,upper,0.025,0.025211,0.00844,1.351481618,0.0004937104415,0.0005277930992
tau_1e-3,0.001,30,0.1,lower,0.05,0.049682,-0.00636,-1.459084067,0.0006892024376,0.0006721904492
tau_1e-3,0.001,30,0.1,upper,0.05,0.050282,0.00564,1.293904739,0.0006892024376,0.0005675052618
tau_1e-3,0.001,30,0.2,lower,0.1,0.099761,-0.00239,-0.7966666667,0.0009486832981,0.0009022003966
tau_1e-3,0.001,30,0.2,upper,0.1,0.099761,-0.00239,-0.7966666667,0.0009486832981,0.0003128524679
tau_1e-3,0.001,30,0.4,lower,0.2,0.199373,-0.003135,-1.5675,0.001264911064,0.001458332762
tau_1e-3,0.001,30,0.4,upper,0.2,0.200206,0.00103,0.515,0.001264911064,0.0009019386528
tau_1e-3,0.001,40,0.05,lower,0.025,0.024969,-0.00124,-0.1985589107,0.0004937104415,0.0005907142569
tau_1e-3,0.001,40,0.05,upper,0.025,0.025058,0.00232,0.3714973168,0.0004937104415,0.0007021047722
tau_1e-3,0.001,40,0.1,lower,0.05,0.049715,-0.0057,-1.307669683,0.0006892024376,0.0008247592241
tau_1e-3,0.001,40,0.1,upper,0.05,0.050096,0.00192,0.440478209,0.0006892024376,0.0006902849653
tau_1e-3,0.001,40,0.2,lower,0.1,0.099938,-0.00062,-0.2066666667,0.0009486832981,0.0009152753077
tau_1e-3,0.001,40,0.2,upper,0.1,0.100264,0.00264,0.88,0.0009486832981,0.0006647004338
tau_1e-3,0.001,40,0.4,lower,0.2,0.200602,0.00301,1.505,0.001264911064,0.001182641112
tau_1e-3,0.001,40,0.4,upper,0.2,0.199679,-0.001605,-0.8025,0.001264911064,0.001028401672
tau_1e-3,0.001,50,0.05,lower,0.025,0.024995,-0.0002,-0.03202563076,0.0004937104415,0.0006047083778
tau_1e-3,0.001,50,0.05,upper,0.025,0.024727,-0.01092,-1.74859944,0.0004937104415,0.0004623622918
tau_1e-3,0.001,50,0.1,lower,0.05,0.049977,-0.00046,-0.1055312376,0.0006892024376,0.0008124318775
tau_1e-3,0.001,50,0.1,upper,0.05,0.049753,-0.00494,-1.133313725,0.0006892024376,0.0005501323073
tau_1e-3,0.001,50,0.2,lower,0.1,0.100153,0.00153,0.51,0.0009486832981,0.0007134119894
tau_1e-3,0.001,50,0.2,upper,0.1,0.099682,-0.00318,-1.06,0.0009486832981,0.001238877628
tau_1e-3,0.001,50,0.4,lower,0.2,0.200394,0.00197,0.985,0.001264911064,0.001156087271
tau_1e-3,0.001,50,0.4,upper,0.2,0.199837,-0.000815,-0.4075,0.001264911064,0.001348555194
tau_1e-4,0.0001,0,0.05,lower,0.025,0.025261,0.01044,1.671737926,0.0004937104415,0.0005774359031
tau_1e-4,0.0001,0,0.05,upper,0.025,0.025014,0.00056,0.08967176613,0.0004937104415,0.0006001703462
tau_1e-4,0.0001,0,0.1,lower,0.05,0.050141,0.00282,0.6469523695,0.0006892024376,0.0008498555433
tau_1e-4,0.0001,0,0.1,upper,0.05,0.050018,0.00036,0.08258966419,0.0006892024376,0.0006916453812
tau_1e-4,0.0001,0,0.2,lower,0.1,0.10015,0.0015,0.5,0.0009486832981,0.001001443403
tau_1e-4,0.0001,0,0.2,upper,0.1,0.100108,0.00108,0.36,0.0009486832981,0.0009649847437
tau_1e-4,0.0001,0,0.4,lower,0.2,0.200123,0.000615,0.3075,0.001264911064,0.001674873461
tau_1e-4,0.0001,0,0.4,upper,0.2,0.199787,-0.001065,-0.5325,0.001264911064,0.001568063562
tau_1e-4,0.0001,1,0.05,lower,0.025,0.025099,0.00396,0.6341074891,0.0004937104415,0.0005886604379
tau_1e-4,0.0001,1,0.05,upper,0.025,0.025111,0.00444,0.7109690029,0.0004937104415,0.0002871875113
tau_1e-4,0.0001,1,0.1,lower,0.05,0.050188,0.00376,0.8626031594,0.0006892024376,0.0007467232121
tau_1e-4,0.0001,1,0.1,upper,0.05,0.050043,0.00086,0.1972975311,0.0006892024376,0.0005895016728
tau_1e-4,0.0001,1,0.2,lower,0.1,0.100157,0.00157,0.5233333333,0.0009486832981,0.0008693937862
tau_1e-4,0.0001,1,0.2,upper,0.1,0.099825,-0.00175,-0.5833333333,0.0009486832981,0.0008517335264
tau_1e-4,0.0001,1,0.4,lower,0.2,0.200149,0.000745,0.3725,0.001264911064,0.0008965669089
tau_1e-4,0.0001,1,0.4,upper,0.2,0.20005,0.00025,0.125,0.001264911064,0.001139210253
tau_1e-4,0.0001,2,0.05,lower,0.025,0.024842,-0.00632,-1.012009932,0.0004937104415,0.0003789400422
tau_1e-4,0.0001,2,0.05,upper,0.025,0.025073,0.00292,0.4675742091,0.0004937104415,0.0005845235477
tau_1e-4,0.0001,2,0.1,lower,0.05,0.049853,-0.00294,-0.6744822576,0.0006892024376,0.0005383730635
tau_1e-4,0.0001,2,0.1,upper,0.05,0.049929,-0.00142,-0.3257703421,0.0006892024376,0.0005675571435
tau_1e-4,0.0001,2,0.2,lower,0.1,0.099577,-0.00423,-1.41,0.0009486832981,0.0009002351545
tau_1e-4,0.0001,2,0.2,upper,0.1,0.099642,-0.00358,-1.193333333,0.0009486832981,0.001200618359
tau_1e-4,0.0001,2,0.4,lower,0.2,0.199671,-0.001645,-0.8225,0.001264911064,0.001155060845
tau_1e-4,0.0001,2,0.4,upper,0.2,0.199798,-0.00101,-0.505,0.001264911064,0.0009688802242
tau_1e-4,0.0001,5,0.05,lower,0.025,0.025288,0.01152,1.844676332,0.0004937104415,0.0004021829324
tau_1e-4,0.0001,5,0.05,upper,0.025,0.024844,-0.00624,-0.9991996797,0.0004937104415,0.0005375913359
tau_1e-4,0.0001,5,0.1,lower,0.05,0.050094,0.00188,0.4313015797,0.0006892024376,0.0005740150985
tau_1e-4,0.0001,5,0.1,upper,0.05,0.049954,-0.00092,-0.2110624752,0.0006892024376,0.0008044901767
tau_1e-4,0.0001,5,0.2,lower,0.1,0.100102,0.00102,0.34,0.0009486832981,0.0007810505745
tau_1e-4,0.0001,5,0.2,upper,0.1,0.100043,0.00043,0.1433333333,0.0009486832981,0.000876166524
tau_1e-4,0.0001,5,0.4,lower,0.2,0.1996,-0.002,-1,0.001264911064,0.0006263474364
tau_1e-4,0.0001,5,0.4,upper,0.2,0.199593,-0.002035,-1.0175,0.001264911064,0.001118163673
