theta,tau_ms,sim_time_ms,nspins,nsteps,runtime_median_s,runtime_min_s,runtime_max_s,us_per_spin_step,us_per_spin_per_ms,projected_s_per_seed_1e5_50ms
0,0.1,2000,10000,20000,5.29685998,4.776813984,5.381220102,0.0264842999,0.264842999,1.324214995
0,0.01,200,10000,20000,3.372246981,3.358209133,3.401497126,0.0168612349,1.68612349,8.430617452
0,0.001,20,10000,20000,3.252488136,3.235485077,3.257413864,0.01626244068,16.26244068,81.31220341
0,0.0001,2,10000,20000,3.100221872,3.080015898,3.113550901,0.01550110936,155.0110936,775.0554681
0,1e-05,0.2,10000,20000,3.061254978,3.040585041,3.411236048,0.01530627489,1530.627489,7653.137445
0.01,0.1,2000,10000,20000,4.114960909,4.067909956,4.223207951,0.02057480454,0.2057480454,1.028740227
0.01,0.01,200,10000,20000,3.437830925,3.404665947,3.510477066,0.01718915462,1.718915462,8.594577312
0.01,0.001,20,10000,20000,3.251056194,3.217878103,3.280180931,0.01625528097,16.25528097,81.27640486
0.01,0.0001,2,10000,20000,3.148594856,3.126298904,3.468542099,0.01574297428,157.4297428,787.1487141
0.01,1e-05,0.2,10000,20000,3.100594044,3.082489967,3.10948205,0.01550297022,1550.297022,7751.485109
