label,shape,h_um,rate,D,bias_0p1ms,rate_tau_conv_1pct,flag_1pct,rate_tau_conv_0p1pct,flag_0p1pct,tau_default,err_at_default,err_at_default_sigma
V1_h0.1,step,0.1,0.1,3,-0.001125643014,0.01,≥,0.008621076705,,0.05,-0.000538690781,0.0002040049905
L_h0.1,linear,0.1,0.1,3,-0.0006013123083,0.01,≥,0.01,≥,0.05,-0.0002547560788,0.0002326016668
V2_rate0.5,step,0.1,0.5,3,-0.006803310095,0.05,≥,0.003161926449,,0.01,-0.00139661035,0.0002345765998
L_rate0.5,linear,0.1,0.5,3,-0.004256952701,0.05,≥,0.004777435962,,0.01,-0.001027350824,0.0002421921143
V2_rate1,step,0.1,1,3,-0.01341219718,0.06331913389,,0.002948725135,,0.005,-0.00140738995,0.0002150225458
L_rate1,linear,0.1,1,3,-0.008375772238,0.1,≥,0.004856269023,,0.005,-0.001031406655,0.0002242929375
V2_rate2,step,0.1,2,3,-0.02601104881,0.05064093712,,0.003084151054,,0.0025,-0.001542316151,0.0002109610418
L_rate2,linear,0.1,2,3,-0.01634296602,0.096129731,,0.004221083225,,0.0025,-0.001150819115,0.0002153540777
V2_h0.4_rate1,step,0.4,1,3,-0.01443861791,0.06159226794,,0.004909889942,,0.005,-0.001020838399,0.0001382368729
L_h0.4_rate1,linear,0.4,1,3,-0.01128360992,0.08332162911,,0.005697531056,,0.005,-0.0008654015327,0.000174183515
V3_D1_rate1,step,0.1,1,1,-0.01721465068,0.04822002994,,0.002830424336,,0.005,-0.001541229411,0.0003501139925
L_D1_rate1,linear,0.1,1,1,-0.01083855976,0.08658803303,,0.004209595409,,0.005,-0.001153121487,0.0003387807854
V2_h0.01_rate10,step,0.01,10,3,-0.03092453072,0.1306387127,,0.006513172572,,0.0005,-0.0007528050206,0.0001833442326
L_h0.01_rate10,linear,0.01,10,3,-0.017696863,0.3466162359,,0.0127374215,,0.0005,-0.0003613785624,0.0001826316036
L_h0.2_rate1,linear,0.2,1,3,-0.01064472746,0.09007447734,,0.00481486662,,0.005,-0.001044186473,0.0002103765628
