theta,h_star,h_star_sigma,at_edge,chi2_per_dof,max_abs_residual_direct,S50_ref,S50_model
0.001,0.0098,5.204170428e-18,false,409.5532025,27.76585352,0.9523185349,0.9521854146
0.0015,0.0147,0,false,70.7824287,28.45012823,0.9293408585,0.9291484076
0.002,0.0196,1.040834086e-17,false,415.8431912,30.80676099,0.9069199234,0.9066710641
0.003,0.0293,0,false,83.54681528,7.595666381,0.863694424,0.863776415
0.005,0.0489,0,false,6.886320833,8.665490829,0.783350023,0.7832185938
0.007,0.0685,0,false,33.63987082,16.68881535,0.7105088026,0.7101920905
0.01,0.0978,0,false,26.5256656,9.949906147,0.6137949785,0.6135602571
0.015,0.1468,0,false,49.83631136,22.69412348,0.4810633614,0.4804686875
0.02,0.1957,0,false,42.10810479,24.59255553,0.3771313032,0.3764614508
0.03,0.294,9e-05,false,212.9243612,59.86586005,0.2319565886,0.2305388954
0.04,0.4079,0.0002343074903,false,26389.33334,663.3028611,0.1428119953,0.1305573566
0.05,0.491,0,false,1247.730291,132.544453,0.08801677846,0.08619068565
