theta,R2_bulk,max_abs_rel_dev,tol,pass
0,0.0125,2.524203069e-12,2.248201625e-11,true
0.001,0.0125,7.169820293e-13,2.248201625e-11,true
0.0015,0.0125,7.451816941e-13,2.248201625e-11,true
0.002,0.0125,7.176481631e-13,2.248201625e-11,true
0.003,0.0125,8.3177909e-13,2.248201625e-11,true
0.005,0.0125,8.14126544e-13,2.248201625e-11,true
0.007,0.0125,4.711786517e-13,2.248201625e-11,true
0.01,0.0125,4.810596366e-13,2.248201625e-11,true
0.015,0.0125,6.176170686e-13,2.248201625e-11,true
0.02,0.0125,5.524469771e-13,2.248201625e-11,true
0.03,0.0125,5.003775172e-13,2.248201625e-11,true
0.04,0.0125,5.380140777e-13,2.248201625e-11,true
0.05,0.0125,5.883071807e-13,2.248201625e-11,true
