theta,config,tau_ms,R2_bulk,t_ms,mean_signal,sigma,sem,nseeds,nspins
0,default,0.04,0,0,1,0,0,10,100000
0,default,0.04,0,5,1,0,0,10,100000
0,default,0.04,0,10,1,0,0,10,100000
0,default,0.04,0,15,1,0,0,10,100000
0,default,0.04,0,20,1,0,0,10,100000
0,default,0.04,0,25,1,0,0,10,100000
0,default,0.04,0,30,1,0,0,10,100000
0,default,0.04,0,35,1,0,0,10,100000
0,default,0.04,0,40,1,0,0,10,100000
0,default,0.04,0,45,1,0,0,10,100000
0,default,0.04,0,50,1,0,0,10,100000
0,tau_1e-2,0.01,0,0,1,0,0,10,100000
0,tau_1e-2,0.01,0,5,1,0,0,10,100000
0,tau_1e-2,0.01,0,10,1,0,0,10,100000
0,tau_1e-2,0.01,0,15,1,0,0,10,100000
0,tau_1e-2,0.01,0,20,1,0,0,10,100000
0,tau_1e-2,0.01,0,25,1,0,0,10,100000
0,tau_1e-2,0.01,0,30,1,0,0,10,100000
0,tau_1e-2,0.01,0,35,1,0,0,10,100000
0,tau_1e-2,0.01,0,40,1,0,0,10,100000
0,tau_1e-2,0.01,0,45,1,0,0,10,100000
0,tau_1e-2,0.01,0,50,1,0,0,10,100000
0.001,default,0.04,0,0,1,0,0,10,100000
0.001,default,0.04,0,5,0.9951290917,3.11866466e-06,9.862083584e-07,10,100000
0.001,default,0.04,0,10,0.9902795126,3.549941761e-06,1.122590152e-06,10,100000
0.001,default,0.04,0,15,0.985453555,4.754150662e-06,1.503394443e-06,10,100000
0.001,default,0.04,0,20,0.9806502968,8.527295853e-06,2.696567718e-06,10,100000
0.001,default,0.04,0,25,0.9758713347,9.371203776e-06,2.963434835e-06,10,100000
0.001,default,0.04,0,30,0.971115235,8.735263827e-06,2.762332966e-06,10,100000
0.001,default,0.04,0,35,0.9663817643,9.815728532e-06,3.104005906e-06,10,100000
0.001,default,0.04,0,40,0.9616723465,1.04801326e-05,3.314108919e-06,10,100000
0.001,default,0.04,0,45,0.9569869914,9.749629074e-06,3.083103422e-06,10,100000
0.001,default,0.04,0,50,0.9523220205,9.810461562e-06,3.102340343e-06,10,100000
0.001,tau_1e-3,0.001,0,0,1,0,0,5,100000
0.001,tau_1e-3,0.001,0,5,0.9951240384,2.827917944e-06,1.264683351e-06,5,100000
0.001,tau_1e-3,0.001,0,10,0.9902757531,4.525442383e-06,2.023839359e-06,5,100000
0.001,tau_1e-3,0.001,0,15,0.985448313,5.968712898e-06,2.669289556e-06,5,100000
0.001,tau_1e-3,0.001,0,20,0.9806443792,8.926187232e-06,3.991912286e-06,5,100000
0.001,tau_1e-3,0.001,0,25,0.9758662761,1.253104317e-05,5.60405287e-06,5,100000
0.001,tau_1e-3,0.001,0,30,0.9711091046,9.679970321e-06,4.329014331e-06,5,100000
0.001,tau_1e-3,0.001,0,35,0.9663760478,1.179984123e-05,5.277049421e-06,5,100000
0.001,tau_1e-3,0.001,0,40,0.9616664233,9.258581778e-06,4.140563646e-06,5,100000
0.001,tau_1e-3,0.001,0,45,0.9569810399,8.863692775e-06,3.963963915e-06,5,100000
0.001,tau_1e-3,0.001,0,50,0.9523158928,1.064972206e-05,4.762700493e-06,5,100000
0.001,tau_1e-2,0.01,0,0,1,0,0,10,100000
0.001,tau_1e-2,0.01,0,5,0.9951273639,4.252311112e-06,1.344698843e-06,10,100000
0.001,tau_1e-2,0.01,0,10,0.9902770212,4.731944203e-06,1.496372144e-06,10,100000
0.001,tau_1e-2,0.01,0,15,0.9854500278,4.976471933e-06,1.573698602e-06,10,100000
0.001,tau_1e-2,0.01,0,20,0.9806460919,6.79247313e-06,2.147968604e-06,10,100000
0.001,tau_1e-2,0.01,0,25,0.9758672607,5.937560617e-06,1.87762153e-06,10,100000
0.001,tau_1e-2,0.01,0,30,0.9711120826,7.523506763e-06,2.379141736e-06,10,100000
0.001,tau_1e-2,0.01,0,35,0.9663789618,7.920149905e-06,2.504571311e-06,10,100000
0.001,tau_1e-2,0.01,0,40,0.9616704177,8.36067727e-06,2.643878296e-06,10,100000
0.001,tau_1e-2,0.01,0,45,0.9569835789,8.201993332e-06,2.593698028e-06,10,100000
0.001,tau_1e-2,0.01,0,50,0.9523185349,9.007539548e-06,2.848434109e-06,10,100000
0.0015,default,0.04,0,0,1,0,0,10,100000
0.0015,default,0.04,0,5,0.9927029352,4.666808282e-06,1.475774357e-06,10,100000
0.0015,default,0.04,0,10,0.9854555418,5.299251233e-06,1.675770379e-06,10,100000
0.0015,default,0.04,0,15,0.9782610411,7.077357696e-06,2.238057013e-06,10,100000
0.0015,default,0.04,0,20,0.9711178461,1.266638979e-05,4.005464146e-06,10,100000
0.0015,default,0.04,0,25,0.9640281226,1.388151619e-05,4.389720853e-06,10,100000
0.0015,default,0.04,0,30,0.9569895276,1.291043804e-05,4.08263898e-06,10,100000
0.0015,default,0.04,0,35,0.9500015089,1.446909018e-05,4.575528065e-06,10,100000
0.0015,default,0.04,0,40,0.9430659641,1.541214178e-05,4.873747164e-06,10,100000
0.0015,default,0.04,0,45,0.9361826829,1.430350708e-05,4.523166091e-06,10,100000
0.0015,default,0.04,0,50,0.9293460611,1.436303504e-05,4.541990484e-06,10,100000
0.0015,tau_1e-2,0.01,0,0,1,0,0,10,100000
0.0015,tau_1e-2,0.01,0,5,0.9927003381,6.362518436e-06,2.012004991e-06,10,100000
0.0015,tau_1e-2,0.01,0,10,0.9854517998,7.062939924e-06,2.233497714e-06,10,100000
0.0015,tau_1e-2,0.01,0,15,0.978255753,7.410810251e-06,2.34350397e-06,10,100000
0.0015,tau_1e-2,0.01,0,20,0.9711115541,1.009099965e-05,3.191054277e-06,10,100000
0.0015,tau_1e-2,0.01,0,25,0.9640220292,8.797543156e-06,2.782027419e-06,10,100000
0.0015,tau_1e-2,0.01,0,30,0.9569847998,1.112406774e-05,3.517739089e-06,10,100000
0.0015,tau_1e-2,0.01,0,35,0.9499973006,1.168022315e-05,3.693610873e-06,10,100000
0.0015,tau_1e-2,0.01,0,40,0.9430630409,1.230000518e-05,3.88960316e-06,10,100000
0.0015,tau_1e-2,0.01,0,45,0.9361775779,1.203456478e-05,3.805663536e-06,10,100000
0.0015,tau_1e-2,0.01,0,50,0.9293408585,1.31808413e-05,4.168147999e-06,10,100000
0.002,default,0.04,0,0,1,0,0,10,100000
0.002,default,0.04,0,5,0.9902829552,6.207530189e-06,1.962993404e-06,10,100000
0.002,default,0.04,0,10,0.9806555891,7.031624754e-06,2.223594988e-06,10,100000
0.002,default,0.04,0,15,0.9711217943,9.365207843e-06,2.961538754e-06,10,100000
0.002,default,0.04,0,20,0.961679073,1.672409297e-05,5.28862256e-06,10,100000
0.002,default,0.04,0,25,0.9523298996,1.82779191e-05,5.779985526e-06,10,100000
0.002,default,0.04,0,30,0.9430707878,1.696111408e-05,5.363575215e-06,10,100000
0.002,default,0.04,0,35,0.9339006288,1.895869146e-05,5.995264646e-06,10,100000
0.002,default,0.04,0,40,0.924821535,2.014688631e-05,6.371004849e-06,10,100000
0.002,default,0.04,0,45,0.9158328289,1.865288493e-05,5.898560132e-06,10,100000
0.002,default,0.04,0,50,0.9069268234,1.86918452e-05,5.910880451e-06,10,100000
0.002,tau_1e-2,0.01,0,0,1,0,0,10,100000
0.002,tau_1e-2,0.01,0,5,0.9902794853,8.46214935e-06,2.675966585e-06,10,100000
0.002,tau_1e-2,0.01,0,10,0.9806505935,9.370854878e-06,2.963324504e-06,10,100000
0.002,tau_1e-2,0.01,0,15,0.9711147475,9.80974488e-06,3.102113709e-06,10,100000
0.002,tau_1e-2,0.01,0,20,0.9616707045,1.332565313e-05,4.213941521e-06,10,100000
0.002,tau_1e-2,0.01,0,25,0.9523217989,1.158679487e-05,3.664066256e-06,10,100000
0.002,tau_1e-2,0.01,0,30,0.9430644862,1.462026978e-05,4.62333525e-06,10,100000
0.002,tau_1e-2,0.01,0,35,0.9338950133,1.531148813e-05,4.841917685e-06,10,100000
0.002,tau_1e-2,0.01,0,40,0.9248176005,1.608488061e-05,5.086485862e-06,10,100000
0.002,tau_1e-2,0.01,0,45,0.9158260428,1.569604641e-05,4.963525693e-06,10,100000
0.002,tau_1e-2,0.01,0,50,0.9069199234,1.714467114e-05,5.421621055e-06,10,100000
0.003,default,0.04,0,0,1,0,0,10,100000
0.003,default,0.04,0,5,0.9854614594,9.266820567e-06,2.930425966e-06,10,100000
0.003,default,0.04,0,10,0.9711272503,1.044607351e-05,3.303338491e-06,10,100000
0.003,default,0.04,0,15,0.9570015048,1.383647703e-05,4.375478221e-06,10,100000
0.003,default,0.04,0,20,0.9430788471,2.460016362e-05,7.779254785e-06,10,100000
0.003,default,0.04,0,25,0.9293612818,2.673762165e-05,8.455178363e-06,10,100000
0.003,default,0.04,0,30,0.9158420392,2.470005157e-05,7.810842129e-06,10,100000
0.003,default,0.04,0,35,0.9025179001,2.746371807e-05,8.684790212e-06,10,100000
0.003,default,0.04,0,40,0.8893903598,2.904793962e-05,9.185765055e-06,10,100000
0.003,default,0.04,0,45,0.876456806,2.67652566e-05,8.463917301e-06,10,100000
0.003,default,0.04,0,50,0.8637046542,2.671055811e-05,8.446620119e-06,10,100000
0.003,tau_1e-2,0.01,0,0,1,0,0,10,100000
0.003,tau_1e-2,0.01,0,5,0.9854562334,1.262984829e-05,3.993908709e-06,10,100000
0.003,tau_1e-2,0.01,0,10,0.9711197387,1.391814537e-05,4.401304017e-06,10,100000
0.003,tau_1e-2,0.01,0,15,0.9569909477,1.450296361e-05,4.586239782e-06,10,100000
0.003,tau_1e-2,0.01,0,20,0.9430663582,1.960706701e-05,6.200298999e-06,10,100000
0.003,tau_1e-2,0.01,0,25,0.9293492049,1.69583728e-05,5.362708345e-06,10,100000
0.003,tau_1e-2,0.01,0,30,0.9158325989,2.130863408e-05,6.738381752e-06,10,100000
0.003,tau_1e-2,0.01,0,35,0.9025094715,2.22007089e-05,7.02048058e-06,10,100000
0.003,tau_1e-2,0.01,0,40,0.8893843599,2.32092134e-05,7.339397706e-06,10,100000
0.003,tau_1e-2,0.01,0,45,0.8764466986,2.252828417e-05,7.124068975e-06,10,100000
0.003,tau_1e-2,0.01,0,50,0.863694424,2.447483603e-05,7.739622721e-06,10,100000
0.005,default,0.04,0,0,1,0,0,10,100000
0.005,default,0.04,0,5,0.9758918693,1.52975639e-05,4.837514456e-06,10,100000
0.005,default,0.04,0,10,0.9523534593,1.707729559e-05,5.400315033e-06,10,100000
0.005,default,0.04,0,15,0.9293827295,2.237252783e-05,7.074814496e-06,10,100000
0.005,default,0.04,0,20,0.9069622065,3.942791485e-05,1.246820143e-05,10,100000
0.005,default,0.04,0,25,0.8850866203,4.238295382e-05,1.34026668e-05,10,100000
0.005,default,0.04,0,30,0.8637367704,3.880276533e-05,1.22705118e-05,10,100000
0.005,default,0.04,0,35,0.8428994673,4.269128021e-05,1.350016817e-05,10,100000
0.005,default,0.04,0,40,0.8225691469,4.473127389e-05,1.414527081e-05,10,100000
0.005,default,0.04,0,45,0.8027338,4.082320169e-05,1.290942987e-05,10,100000
0.005,default,0.04,0,50,0.7833666187,4.040462492e-05,1.277706428e-05,10,100000
0.005,tau_1e-3,0.001,0,0,1,0,0,5,100000
0.005,tau_1e-3,0.001,0,5,0.9758669362,1.378847976e-05,6.166395608e-06,5,100000
0.005,tau_1e-3,0.001,0,10,0.9523350752,2.176452425e-05,9.733391145e-06,5,100000
0.005,tau_1e-3,0.001,0,15,0.9293575714,2.820378664e-05,1.261311683e-05,5,100000
0.005,tau_1e-3,0.001,0,20,0.9069343207,4.133834405e-05,1.848706947e-05,5,100000
0.005,tau_1e-3,0.001,0,25,0.8850630285,5.68838696e-05,2.543923985e-05,5,100000
0.005,tau_1e-3,0.001,0,30,0.863708682,4.314114821e-05,1.9293308e-05,5,100000
0.005,tau_1e-3,0.001,0,35,0.8428735994,5.148185869e-05,2.302338713e-05,5,100000
0.005,tau_1e-3,0.001,0,40,0.8225426668,3.97724455e-05,1.778677836e-05,5,100000
0.005,tau_1e-3,0.001,0,45,0.8027075662,3.729115278e-05,1.667711052e-05,5,100000
0.005,tau_1e-3,0.001,0,50,0.7833402133,4.391155475e-05,1.963784428e-05,5,100000
0.005,tau_1e-2,0.01,0,0,1,0,0,10,100000
0.005,tau_1e-2,0.01,0,5,0.9758830904,2.084015036e-05,6.590234193e-06,10,100000
0.005,tau_1e-2,0.01,0,10,0.9523408842,2.274342126e-05,7.192101298e-06,10,100000
0.005,tau_1e-2,0.01,0,15,0.9293651866,2.348150591e-05,7.425504155e-06,10,100000
0.005,tau_1e-2,0.01,0,20,0.9069416147,3.144372403e-05,9.943378607e-06,10,100000
0.005,tau_1e-2,0.01,0,25,0.8850667557,2.690946653e-05,8.509520486e-06,10,100000
0.005,tau_1e-2,0.01,0,30,0.8637211106,3.353002564e-05,1.06031251e-05,10,100000
0.005,tau_1e-2,0.01,0,35,0.8428854481,3.457358638e-05,1.093312799e-05,10,100000
0.005,tau_1e-2,0.01,0,40,0.8225588967,3.579534655e-05,1.131948247e-05,10,100000
0.005,tau_1e-2,0.01,0,45,0.802717252,3.437851616e-05,1.087144136e-05,10,100000
0.005,tau_1e-2,0.01,0,50,0.783350023,3.694761673e-05,1.16838623e-05,10,100000
0.007,default,0.04,0,0,1,0,0,10,100000
0.007,default,0.04,0,5,0.9664192874,2.121265526e-05,6.708030583e-06,10,100000
0.007,default,0.04,0,10,0.9339505055,2.345152344e-05,7.416022867e-06,10,100000
0.007,default,0.04,0,15,0.9025724852,3.03873842e-05,9.609334619e-06,10,100000
0.007,default,0.04,0,20,0.8722434567,5.308362101e-05,1.678651488e-05,10,100000
0.007,default,0.04,0,25,0.8429390213,5.643551801e-05,1.784647778e-05,10,100000
0.007,default,0.04,0,30,0.8146166166,5.120616666e-05,1.619281169e-05,10,100000
0.007,default,0.04,0,35,0.7872426,5.574601988e-05,1.762843933e-05,10,100000
0.007,default,0.04,0,40,0.7607940664,5.786371673e-05,1.829811388e-05,10,100000
0.007,default,0.04,0,45,0.7352399969,5.230542831e-05,1.654042875e-05,10,100000
0.007,default,0.04,0,50,0.7105313167,5.134350104e-05,1.623624063e-05,10,100000
0.007,tau_1e-2,0.01,0,0,1,0,0,10,100000
0.007,tau_1e-2,0.01,0,5,0.966406903,2.888583743e-05,9.134503839e-06,10,100000
0.007,tau_1e-2,0.01,0,10,0.9339328308,3.121869074e-05,9.87221683e-06,10,100000
0.007,tau_1e-2,0.01,0,15,0.9025480134,3.193602741e-05,1.00990586e-05,10,100000
0.007,tau_1e-2,0.01,0,20,0.8722149577,4.235880617e-05,1.339503065e-05,10,100000
0.007,tau_1e-2,0.01,0,25,0.8429116067,3.58692659e-05,1.134285782e-05,10,100000
0.007,tau_1e-2,0.01,0,30,0.8145948536,4.4320716e-05,1.401544101e-05,10,100000
0.007,tau_1e-2,0.01,0,35,0.7872230906,4.522909063e-05,1.430269429e-05,10,100000
0.007,tau_1e-2,0.01,0,40,0.7607794942,4.637582063e-05,1.466532216e-05,10,100000
0.007,tau_1e-2,0.01,0,45,0.7352173387,4.407051639e-05,1.393632095e-05,10,100000
0.007,tau_1e-2,0.01,0,50,0.7105088026,4.685520601e-05,1.481691712e-05,10,100000
0.01,default,0.04,0,0,1,0,0,10,100000
0.01,default,0.04,0,5,0.9523900708,2.98722357e-05,9.446430362e-06,10,100000
0.01,default,0.04,0,10,0.9070250801,3.254778026e-05,1.029251184e-05,10,100000
0.01,default,0.04,0,15,0.8638208141,4.148473342e-05,1.311862457e-05,10,100000
0.01,default,0.04,0,20,0.8226673828,7.151996461e-05,2.261659863e-05,10,100000
0.01,default,0.04,0,25,0.7834818555,7.478763369e-05,2.364992633e-05,10,100000
0.01,default,0.04,0,30,0.7461595584,6.694999986e-05,2.117144889e-05,10,100000
0.01,default,0.04,0,35,0.7106109363,7.174059257e-05,2.268636732e-05,10,100000
0.01,default,0.04,0,40,0.6767631834,7.342533403e-05,2.321912935e-05,10,100000
0.01,default,0.04,0,45,0.6445349792,6.542782553e-05,2.06900951e-05,10,100000
0.01,default,0.04,0,50,0.6138254387,6.343477185e-05,2.005983619e-05,10,100000
0.01,tau_1e-2,0.01,0,0,1,0,0,10,100000
0.01,tau_1e-2,0.01,0,5,0.9523721845,4.065135256e-05,1.285508641e-05,10,100000
0.01,tau_1e-2,0.01,0,10,0.9069997037,4.329847751e-05,1.369218082e-05,10,100000
0.01,tau_1e-2,0.01,0,15,0.8637860812,4.368529836e-05,1.381450431e-05,10,100000
0.01,tau_1e-2,0.01,0,20,0.8226274166,5.711960747e-05,1.806280587e-05,10,100000
0.01,tau_1e-2,0.01,0,25,0.7834436018,4.760916434e-05,1.505533968e-05,10,100000
0.01,tau_1e-2,0.01,0,30,0.7461289451,5.80904015e-05,1.836979789e-05,10,100000
0.01,tau_1e-2,0.01,0,35,0.7105834933,5.836717808e-05,1.845732233e-05,10,100000
0.01,tau_1e-2,0.01,0,40,0.6767421815,5.898418994e-05,1.865243861e-05,10,100000
0.01,tau_1e-2,0.01,0,45,0.6445038927,5.516859565e-05,1.744584176e-05,10,100000
0.01,tau_1e-2,0.01,0,50,0.6137949785,5.771286272e-05,1.825040965e-05,10,100000
0.015,default,0.04,0,0,1,0,0,10,100000
0.015,default,0.04,0,5,0.9294787546,4.375085928e-05,1.383523649e-05,10,100000
0.015,default,0.04,0,10,0.8638998045,4.652928243e-05,1.471385104e-05,10,100000
0.015,default,0.04,0,15,0.802947532,5.770078573e-05,1.824659057e-05,10,100000
0.015,default,0.04,0,20,0.7462858761,9.731601641e-05,3.077402647e-05,10,100000
0.015,default,0.04,0,25,0.6936325239,9.899525732e-05,3.130504907e-05,10,100000
0.015,default,0.04,0,30,0.6446898466,8.665556889e-05,2.740289696e-05,10,100000
0.015,default,0.04,0,35,0.5991950976,9.043763044e-05,2.859888984e-05,10,100000
0.015,default,0.04,0,40,0.5569200387,9.042014906e-05,2.859336174e-05,10,100000
0.015,default,0.04,0,45,0.5176363141,7.867428259e-05,2.487899263e-05,10,100000
0.015,default,0.04,0,50,0.4811044403,7.472262381e-05,2.36293684e-05,10,100000
0.015,tau_1e-2,0.01,0,0,1,0,0,10,100000
0.015,tau_1e-2,0.01,0,5,0.9294514658,5.947351277e-05,1.880717608e-05,10,100000
0.015,tau_1e-2,0.01,0,10,0.8638615063,6.182769053e-05,1.955163245e-05,10,100000
0.015,tau_1e-2,0.01,0,15,0.8028961342,6.096015116e-05,1.927729242e-05,10,100000
0.015,tau_1e-2,0.01,0,20,0.7462279276,7.783125822e-05,2.461240491e-05,10,100000
0.015,tau_1e-2,0.01,0,25,0.6935776123,6.318928198e-05,1.998220548e-05,10,100000
0.015,tau_1e-2,0.01,0,30,0.6446455427,7.549695347e-05,2.387423294e-05,10,100000
0.015,tau_1e-2,0.01,0,35,0.5991555502,7.391898942e-05,2.337523689e-05,10,100000
0.015,tau_1e-2,0.01,0,40,0.5568889829,7.291669847e-05,2.305828466e-05,10,100000
0.015,tau_1e-2,0.01,0,45,0.5175933959,6.641992169e-05,2.100382346e-05,10,100000
0.015,tau_1e-2,0.01,0,50,0.4810633614,6.763614066e-05,2.138842566e-05,10,100000
0.02,default,0.04,0,0,1,0,0,10,100000
0.02,default,0.04,0,5,0.9071424999,5.695935058e-05,1.801212819e-05,10,100000
0.02,default,0.04,0,10,0.8228683952,5.913165881e-05,1.869907237e-05,10,100000
0.02,default,0.04,0,15,0.7464231073,7.134793949e-05,2.256219952e-05,10,100000
0.02,default,0.04,0,20,0.6770675163,0.0001177228382,3.722723013e-05,10,100000
0.02,default,0.04,0,25,0.6141680757,0.0001165014225,3.684098459e-05,10,100000
0.02,default,0.04,0,30,0.5571071282,9.972098272e-05,3.153454359e-05,10,100000
0.02,default,0.04,0,35,0.5053413096,0.0001013626635,3.205368863e-05,10,100000
0.02,default,0.04,0,40,0.458395868,9.900445332e-05,3.13079571e-05,10,100000
0.02,default,0.04,0,45,0.4158207844,8.412073805e-05,2.660131307e-05,10,100000
0.02,default,0.04,0,50,0.3771797845,7.826903558e-05,2.475084227e-05,10,100000
0.02,tau_1e-3,0.001,0,0,1,0,0,5,100000
0.02,tau_1e-3,0.001,0,5,0.9070475777,5.019095158e-05,2.244607592e-05,5,100000
0.02,tau_1e-3,0.001,0,10,0.8228007696,7.527547451e-05,3.366421561e-05,5,100000
0.02,tau_1e-3,0.001,0,15,0.7463368302,9.131491977e-05,4.083727359e-05,5,100000
0.02,tau_1e-3,0.001,0,20,0.6769782192,0.0001241318711,5.55134604e-05,5,100000
0.02,tau_1e-3,0.001,0,25,0.6140955789,0.0001584636538,7.086710038e-05,5,100000
0.02,tau_1e-3,0.001,0,30,0.5570264322,0.0001122000792,5.017740082e-05,5,100000
0.02,tau_1e-3,0.001,0,35,0.5052706174,0.000123677167,5.531011055e-05,5,100000
0.02,tau_1e-3,0.001,0,40,0.4583270052,9.017256266e-05,4.032639596e-05,5,100000
0.02,tau_1e-3,0.001,0,45,0.4157562649,7.823936561e-05,3.4989708e-05,5,100000
0.02,tau_1e-3,0.001,0,50,0.3771199418,8.539510755e-05,3.818985308e-05,5,100000
0.02,tau_1e-2,0.01,0,0,1,0,0,10,100000
0.02,tau_1e-2,0.01,0,5,0.9071055455,7.734509804e-05,2.445866757e-05,10,100000
0.02,tau_1e-2,0.01,0,10,0.8228171484,7.848255988e-05,2.481836458e-05,10,100000
0.02,tau_1e-2,0.01,0,15,0.7463557069,7.56212767e-05,2.391354739e-05,10,100000
0.02,tau_1e-2,0.01,0,20,0.6769930896,9.42814235e-05,2.981440393e-05,10,100000
0.02,tau_1e-2,0.01,0,25,0.6140983777,7.456731037e-05,2.358025397e-05,10,100000
0.02,tau_1e-2,0.01,0,30,0.5570507271,8.723541468e-05,2.75862603e-05,10,100000
0.02,tau_1e-2,0.01,0,35,0.5052913725,8.323213137e-05,2.632031097e-05,10,100000
0.02,tau_1e-2,0.01,0,40,0.4583561249,8.014666679e-05,2.534460139e-05,10,100000
0.02,tau_1e-2,0.01,0,45,0.4157689232,7.110350569e-05,2.248490276e-05,10,100000
0.02,tau_1e-2,0.01,0,50,0.3771313032,7.048400263e-05,2.228899869e-05,10,100000
0.03,default,0.04,0,0,1,0,0,10,100000
0.03,default,0.04,0,5,0.8641355669,8.146514914e-05,2.576154212e-05,10,100000
0.03,default,0.04,0,10,0.7466775453,8.06017185e-05,2.548850138e-05,10,100000
0.03,default,0.04,0,15,0.6451845786,9.208112765e-05,2.911860929e-05,10,100000
0.03,default,0.04,0,20,0.557471607,0.0001454257802,4.598766959e-05,10,100000
0.03,default,0.04,0,25,0.4816975679,0.0001362175276,4.307576444e-05,10,100000
0.03,default,0.04,0,30,0.4162176677,0.0001114988822,3.525904243e-05,10,100000
0.03,default,0.04,0,35,0.3596318705,0.0001075080344,3.399702556e-05,10,100000
0.03,default,0.04,0,40,0.3107500835,0.0001002336321,3.169665757e-05,10,100000
0.03,default,0.04,0,45,0.2685210815,8.122891571e-05,2.568683855e-05,10,100000
0.03,default,0.04,0,50,0.2320116408,7.253887058e-05,2.293880499e-05,10,100000
0.03,tau_1e-2,0.01,0,0,1,0,0,10,100000
0.03,tau_1e-2,0.01,0,5,0.8640786114,0.0001103835203,3.490633402e-05,10,100000
0.03,tau_1e-2,0.01,0,10,0.746600643,0.0001067244233,3.374922597e-05,10,100000
0.03,tau_1e-2,0.01,0,15,0.6450875591,9.821361348e-05,3.105787158e-05,10,100000
0.03,tau_1e-2,0.01,0,20,0.557368937,0.0001167748035,3.692743522e-05,10,100000
0.03,tau_1e-2,0.01,0,25,0.481604053,8.767602691e-05,2.772559412e-05,10,100000
0.03,tau_1e-2,0.01,0,30,0.4161423901,9.833241243e-05,3.109543911e-05,10,100000
0.03,tau_1e-2,0.01,0,35,0.3595668065,8.909823761e-05,2.817533664e-05,10,100000
0.03,tau_1e-2,0.01,0,40,0.3106980707,8.17653265e-05,2.585646654e-05,10,100000
0.03,tau_1e-2,0.01,0,45,0.2684593308,6.88176355e-05,2.176204714e-05,10,100000
0.03,tau_1e-2,0.01,0,50,0.2319565886,6.465450933e-05,2.044555105e-05,10,100000
0.04,default,0.04,0,0,1,0,0,10,100000
0.04,default,0.04,0,5,0.8232540446,0.000103579574,3.27547373e-05,10,100000
0.04,default,0.04,0,10,0.677684035,9.769648766e-05,3.089434204e-05,10,100000
0.04,default,0.04,0,15,0.5578534415,0.000105691784,3.342267675e-05,10,100000
0.04,default,0.04,0,20,0.4591940561,0.0001597910242,5.05303586e-05,10,100000
0.04,default,0.04,0,25,0.3779985711,0.0001416841582,4.480446483e-05,10,100000
0.04,default,0.04,0,30,0.3111548539,0.0001109145975,3.507427538e-05,10,100000
0.04,default,0.04,0,35,0.2561246777,0.0001014472107,3.208042482e-05,10,100000
0.04,default,0.04,0,40,0.2108374464,9.030338567e-05,2.855643791e-05,10,100000
0.04,default,0.04,0,45,0.1735650817,6.981733829e-05,2.207818092e-05,10,100000
0.04,default,0.04,0,50,0.1428657694,5.984739529e-05,1.892540812e-05,10,100000
0.04,tau_1e-2,0.01,0,0,1,0,0,10,100000
0.04,tau_1e-2,0.01,0,5,0.8231763788,0.0001400474641,4.428689669e-05,10,100000
0.04,tau_1e-2,0.01,0,10,0.6775822397,0.0001290418149,4.080660484e-05,10,100000
0.04,tau_1e-2,0.01,0,15,0.5577304107,0.0001134232227,3.586757232e-05,10,100000
0.04,tau_1e-2,0.01,0,20,0.459069405,0.0001286281796,4.067580188e-05,10,100000
0.04,tau_1e-2,0.01,0,25,0.3778885952,9.17196824e-05,2.900431026e-05,10,100000
0.04,tau_1e-2,0.01,0,30,0.3110676944,9.860163077e-05,3.118057342e-05,10,100000
0.04,tau_1e-2,0.01,0,35,0.2560516239,8.485491496e-05,2.683348019e-05,10,100000
0.04,tau_1e-2,0.01,0,40,0.2107797966,7.422687464e-05,2.347259875e-05,10,100000
0.04,tau_1e-2,0.01,0,45,0.1735018243,5.927764449e-05,1.874523709e-05,10,100000
0.04,tau_1e-2,0.01,0,50,0.1428119953,5.279301556e-05,1.669461737e-05,10,100000
0.05,default,0.04,0,0,1,0,0,10,100000
0.05,default,0.04,0,5,0.7843888411,0.0001234796325,3.904768834e-05,10,100000
0.05,default,0.04,0,10,0.6151948694,0.0001110571588,3.511935722e-05,10,100000
0.05,default,0.04,0,15,0.4824954647,0.0001137931564,3.598455563e-05,10,100000
0.05,default,0.04,0,20,0.3784008887,0.0001647078545,5.208519688e-05,10,100000
0.05,default,0.04,0,25,0.2967795152,0.0001382674326,4.372400133e-05,10,100000
0.05,default,0.04,0,30,0.2327589597,0.0001035297437,3.273897958e-05,10,100000
0.05,default,0.04,0,35,0.1825424966,8.982555499e-05,2.840533458e-05,10,100000
0.05,default,0.04,0,40,0.1431691731,7.635656233e-05,2.414606513e-05,10,100000
0.05,default,0.04,0,45,0.1122942149,5.633486304e-05,1.781464789e-05,10,100000
0.05,default,0.04,0,50,0.08806489746,4.635829164e-05,1.4659779e-05,10,100000
0.05,tau_1e-3,0.001,0,0,1,0,0,5,100000
0.05,tau_1e-3,0.001,0,5,0.7841734651,0.0001039113587,4.647057233e-05,5,100000
0.05,tau_1e-3,0.001,0,10,0.6150521925,0.0001409215387,6.302202803e-05,5,100000
0.05,tau_1e-3,0.001,0,15,0.4823371974,0.0001499028369,6.703858668e-05,5,100000
0.05,tau_1e-3,0.001,0,20,0.3782580248,0.0001754170839,7.844890478e-05,5,100000
0.05,tau_1e-3,0.001,0,25,0.2966736878,0.0001926898794,8.617353379e-05,5,100000
0.05,tau_1e-3,0.001,0,30,0.2326563292,0.0001190372652,5.323508336e-05,5,100000
0.05,tau_1e-3,0.001,0,35,0.182462083,0.0001121872048,5.017164325e-05,5,100000
0.05,tau_1e-3,0.001,0,40,0.1430991882,7.293696204e-05,3.261840104e-05,5,100000
0.05,tau_1e-3,0.001,0,45,0.1122360877,5.432991192e-05,2.429707525e-05,5,100000
0.05,tau_1e-3,0.001,0,50,0.08801866078,5.089311805e-05,2.276009431e-05,5,100000
0.05,tau_1e-2,0.01,0,0,1,0,0,10,100000
0.05,tau_1e-2,0.01,0,5,0.7842899564,0.000166597825,5.268285803e-05,10,100000
0.05,tau_1e-2,0.01,0,10,0.6150693573,0.000146317598,4.626968713e-05,10,100000
0.05,tau_1e-2,0.01,0,15,0.4823502791,0.0001228446373,3.884688523e-05,10,100000
0.05,tau_1e-2,0.01,0,20,0.3782601547,0.0001328944027,4.202490008e-05,10,100000
0.05,tau_1e-2,0.01,0,25,0.2966595983,9.003387758e-05,2.847121197e-05,10,100000
0.05,tau_1e-2,0.01,0,30,0.2326660368,9.276022101e-05,2.933335747e-05,10,100000
0.05,tau_1e-2,0.01,0,35,0.182467281,7.582751148e-05,2.397876456e-05,10,100000
0.05,tau_1e-2,0.01,0,40,0.1431111584,6.323731071e-05,1.999739349e-05,10,100000
0.05,tau_1e-2,0.01,0,45,0.1122348469,4.792639268e-05,1.515565609e-05,10,100000
0.05,tau_1e-2,0.01,0,50,0.08801677846,4.047054733e-05,1.279791077e-05,10,100000
