theta,compare,max_abs_z,z_at_50,rel_diff_at_50
0,default vs tau_1e-2,0,0,0
0.001,default vs tau_1e-2,1.620663958,0.8275990846,3.660085426e-06
0.001,tau_1e-3 vs tau_1e-2,1.801511645,-0.4760899496,-2.774343475e-06
0.0015,default vs tau_1e-2,1.631869353,0.843925027,5.598072889e-06
0.002,default vs tau_1e-2,1.643080047,0.8602625075,7.608117451e-06
0.003,default vs tau_1e-2,1.665517211,0.8929718845,1.184466037e-05
0.005,default vs tau_1e-2,1.710454272,0.9585263789,2.118553336e-05
0.005,tau_1e-3 vs tau_1e-2,1.789883682,-0.4292965714,-1.252282603e-05
0.007,default vs tau_1e-2,1.755474375,1.024258352,3.168720865e-05
0.01,default vs tau_1e-2,1.823158088,1.123180009,4.962606477e-05
0.015,default vs tau_1e-2,1.93636658,1.288878049,8.539180092e-05
0.02,default vs tau_1e-2,2.050065791,1.455556209,0.0001285526979
0.02,tau_1e-3 vs tau_1e-2,1.746165782,-0.2569391394,-3.012592727e-05
0.03,default vs tau_1e-2,2.278881581,1.791599135,0.000237338545
0.04,default vs tau_1e-2,2.509497332,2.130809111,0.0003765382625
0.05,default vs tau_1e-2,2.741807451,2.472699908,0.0005467025464
0.05,tau_1e-3 vs tau_1e-2,1.658249339,0.07208803953,2.138596856e-05
