config,seed,t_ms,signal,nspins
cylinder,1,10,0.8226103632,7877
cylinder,1,20,0.6765223275,7877
cylinder,1,30,0.5565256997,7877
cylinder,1,40,0.4577364477,7877
cylinder,1,50,0.3765585321,7877
cylinder,1,60,0.3097735729,7877
cylinder,1,70,0.2547448158,7877
cylinder,1,80,0.2095488335,7877
cylinder,1,90,0.1723236148,7877
cylinder,1,100,0.1417604979,7877
cylinder,2,10,0.8225597223,7849
cylinder,2,20,0.6766518601,7849
cylinder,2,30,0.5566925917,7849
cylinder,2,40,0.4579511145,7849
cylinder,2,50,0.3767696301,7849
cylinder,2,60,0.3099191199,7849
cylinder,2,70,0.2549165104,7849
cylinder,2,80,0.2097021088,7849
cylinder,2,90,0.172449128,7849
cylinder,2,100,0.1418616024,7849
cylinder,3,10,0.8228056027,7843
cylinder,3,20,0.6770586648,7843
cylinder,3,30,0.5570118579,7843
cylinder,3,40,0.4581004571,7843
cylinder,3,50,0.3767555569,7843
cylinder,3,60,0.3099376698,7843
cylinder,3,70,0.254919819,7843
cylinder,3,80,0.2097000051,7843
cylinder,3,90,0.1724957436,7843
cylinder,3,100,0.1418892662,7843
cylinder,4,10,0.8225022785,7819
cylinder,4,20,0.6766120848,7819
cylinder,4,30,0.5565309815,7819
cylinder,4,40,0.4577737679,7819
cylinder,4,50,0.376537212,7819
cylinder,4,60,0.3098047249,7819
cylinder,4,70,0.2548231434,7819
cylinder,4,80,0.2096516106,7819
cylinder,4,90,0.1724228252,7819
cylinder,4,100,0.1418840355,7819
cylinder,5,10,0.8224025257,7884
cylinder,5,20,0.6766620883,7884
cylinder,5,30,0.5565489076,7884
cylinder,5,40,0.45791032,7884
cylinder,5,50,0.3766577833,7884
cylinder,5,60,0.309871948,7884
cylinder,5,70,0.2548825832,7884
cylinder,5,80,0.2097015867,7884
cylinder,5,90,0.1724928907,7884
cylinder,5,100,0.1418978111,7884
cylinder,6,10,0.8223766282,7868
cylinder,6,20,0.6765377989,7868
cylinder,6,30,0.5565747295,7868
cylinder,6,40,0.4579107112,7868
cylinder,6,50,0.3766824307,7868
cylinder,6,60,0.3099059816,7868
cylinder,6,70,0.2548983749,7868
cylinder,6,80,0.2096579555,7868
cylinder,6,90,0.1724928718,7868
cylinder,6,100,0.1418999081,7868
cylinder,7,10,0.8227457303,7867
cylinder,7,20,0.676853111,7867
cylinder,7,30,0.5567480064,7867
cylinder,7,40,0.4579483197,7867
cylinder,7,50,0.3766662092,7867
cylinder,7,60,0.3097318394,7867
cylinder,7,70,0.2548227991,7867
cylinder,7,80,0.2096310915,7867
cylinder,7,90,0.1724351147,7867
cylinder,7,100,0.1418786796,7867
cylinder,8,10,0.8225697538,7901
cylinder,8,20,0.6768467942,7901
cylinder,8,30,0.5567908883,7901
cylinder,8,40,0.4581355039,7901
cylinder,8,50,0.3770105177,7901
cylinder,8,60,0.3101240628,7901
cylinder,8,70,0.2551016254,7901
cylinder,8,80,0.2097305106,7901
cylinder,8,90,0.1725283215,7901
cylinder,8,100,0.1419418663,7901
cylinder,9,10,0.8223824405,7851
cylinder,9,20,0.6765562884,7851
cylinder,9,30,0.5566643152,7851
cylinder,9,40,0.4579583855,7851
cylinder,9,50,0.3767567834,7851
cylinder,9,60,0.3099509131,7851
cylinder,9,70,0.2549078276,7851
cylinder,9,80,0.2096504691,7851
cylinder,9,90,0.1724701572,7851
cylinder,9,100,0.1419409634,7851
cylinder,10,10,0.8224800714,7876
cylinder,10,20,0.6765213146,7876
cylinder,10,30,0.5565616071,7876
cylinder,10,40,0.4578942552,7876
cylinder,10,50,0.3767048179,7876
cylinder,10,60,0.3098553684,7876
cylinder,10,70,0.2549144465,7876
cylinder,10,80,0.2097305387,7876
cylinder,10,90,0.1725415337,7876
cylinder,10,100,0.1419738458,7876
